node_id,longitude,latitude
1,77.24376,28.64596
2,77.24362,28.64611
3,77.18502,28.64689
4,77.18523,28.64717
5,77.21794,28.64632
6,77.21788,28.64631
7,77.19444,28.64713
8,77.19407,28.64668
9,77.18486,28.64665
10,77.24383,28.64559
11,77.24726,28.64538
12,77.24618,28.64956
13,77.18467,28.64639
14,77.1937,28.64623
15,77.19759,28.64655
16,77.1971,28.64598
17,77.24392,28.64517
18,77.18449,28.64613
19,77.27928,28.64457
20,77.27932,28.64525
21,77.24395,28.64505
22,77.19335,28.6458
23,77.27927,28.64435
24,77.24399,28.64491
25,77.18424,28.64576
26,77.24406,28.64477
27,77.19465,28.64543
28,77.19464,28.64551
29,77.19302,28.64541
30,77.27928,28.64394
31,77.18406,28.64549
32,77.24414,28.64449
33,77.27928,28.64377
34,77.19285,28.64517
35,77.24417,28.64431
36,77.1838,28.64536
37,77.1834,28.6453
38,77.18402,28.64501
39,77.18397,28.64524
40,77.24425,28.64393
41,77.24428,28.6438
42,77.24291,28.64373
43,77.24259,28.64372
44,77.2423,28.64371
45,77.1841,28.64465
46,77.24184,28.64369
47,77.24135,28.64367
48,77.24093,28.64366
49,77.24432,28.6436
50,77.18417,28.64431
51,77.24438,28.64331
52,77.24723,28.64306
53,77.24723,28.64333
54,77.24442,28.64299
55,77.18424,28.64394
56,77.24722,28.64278
57,77.24445,28.64268
58,77.24446,28.64261
59,77.27923,28.64177
60,77.27925,28.64225
61,77.24448,28.6422
62,77.24447,28.64199
63,77.24445,28.64183
64,77.24444,28.64177
65,77.23269,28.64203
66,77.23261,28.64196
67,77.23443,28.64183
68,77.24441,28.64159
69,77.23241,28.64178
70,77.2444,28.64153
71,77.23556,28.6415
72,77.24437,28.64133
73,77.24436,28.64128
74,77.23717,28.64136
75,77.23627,28.64142
76,77.23803,28.64128
77,77.23964,28.64115
78,77.24307,28.64111
79,77.24246,28.64116
80,77.24432,28.64103
81,77.27919,28.64041
82,77.29481,28.64023
83,77.29476,28.64018
84,77.2385,28.64077
85,77.23876,28.6408
86,77.24716,28.64032
87,77.24717,28.64067
88,77.24727,28.63951
89,77.20444,28.63856
90,77.20393,28.63886
91,77.20564,28.63781
92,77.20542,28.63795
93,77.20584,28.6377
94,77.20619,28.63752
95,77.20671,28.63725
96,77.19242,28.63694
97,77.19228,28.63704
98,77.21113,28.63696
99,77.21051,28.63613
100,77.305,28.63398
101,77.30505,28.63386
102,77.20991,28.63532
103,77.20952,28.6348
104,77.27879,28.63344
105,77.27913,28.63363
106,77.27869,28.63338
107,77.27798,28.63409
108,77.27797,28.63333
109,77.20924,28.63444
110,77.27849,28.63328
111,77.27823,28.63318
112,77.20901,28.63414
113,77.22264,28.63409
114,77.22186,28.63373
115,77.2088,28.63384
116,77.30443,28.63214
117,77.30485,28.63228
118,77.30413,28.63204
119,77.22117,28.63342
120,77.30382,28.63193
121,77.20858,28.63353
122,77.22085,28.63328
123,77.20008,28.63348
124,77.20001,28.63352
125,77.30296,28.63164
126,77.30268,28.63155
127,77.3023,28.63142
128,77.29845,28.63134
129,77.29852,28.6314
130,77.22659,28.63193
131,77.22694,28.63246
132,77.22806,28.63185
133,77.22836,28.63169
134,77.30643,28.63065
135,77.30656,28.63033
136,77.22279,28.63186
137,77.22386,28.63152
138,77.21707,28.63161
139,77.21666,28.63159
140,77.21958,28.63131
141,77.21958,28.63163
142,77.19857,28.63158
143,77.19864,28.63154
144,77.22332,28.63074
145,77.30703,28.62926
146,77.21956,28.63065
147,77.22172,28.63158
148,77.28614,28.62943
149,77.28604,28.62946
150,77.19939,28.63112
151,77.2001,28.63071
152,77.30883,28.62911
153,77.30914,28.62844
154,77.21758,28.62997
155,77.21767,28.62993
156,77.21952,28.62984
157,77.30926,28.62819
158,77.30933,28.62802
159,77.20151,28.62989
160,77.20225,28.62946
161,77.23147,28.62912
162,77.23123,28.62878
163,77.23042,28.62773
164,77.23452,28.62761
165,77.23447,28.62761
166,77.30249,28.6265
167,77.30294,28.62636
168,77.30315,28.62629
169,77.20869,28.62782
170,77.20865,28.62789
171,77.3082,28.6262
172,77.30823,28.62613
173,77.30363,28.62613
174,77.3172,28.62572
175,77.31707,28.62611
176,77.31726,28.62556
177,77.28609,28.62583
178,77.28615,28.62672
179,77.23539,28.62666
180,77.31739,28.62525
181,77.31747,28.62505
182,77.28582,28.62539
183,77.2859,28.62538
184,77.22948,28.62642
185,77.22921,28.62605
186,77.31768,28.62451
187,77.31776,28.6243
188,77.2291,28.62576
189,77.31782,28.62415
190,77.31788,28.62397
191,77.3022,28.62412
192,77.30217,28.62419
193,77.31794,28.6238
194,77.30228,28.62391
195,77.31816,28.6232
196,77.31808,28.62343
197,77.22961,28.62484
198,77.22968,28.62471
199,77.31823,28.62302
200,77.20656,28.62481
201,77.20645,28.62481
202,77.31827,28.6229
203,77.31834,28.62273
204,77.20572,28.62453
205,77.20565,28.62449
206,77.3184,28.62258
207,77.20555,28.62444
208,77.20746,28.62435
209,77.20725,28.62447
210,77.31848,28.62238
211,77.23437,28.62329
212,77.2342,28.62345
213,77.3187,28.62182
214,77.23469,28.62299
215,77.31877,28.62163
216,77.31882,28.62149
217,77.20946,28.62319
218,77.21154,28.62348
219,77.21125,28.6231
220,77.20958,28.62311
221,77.31895,28.62114
222,77.21107,28.62291
223,77.19783,28.6231
224,77.19797,28.62336
225,77.31909,28.62074
226,77.31917,28.62053
227,77.31923,28.62037
228,77.28363,28.62093
229,77.28336,28.62086
230,77.30827,28.62074
231,77.30709,28.62047
232,77.31929,28.62022
233,77.28302,28.62074
234,77.31935,28.62006
235,77.28277,28.62063
236,77.20914,28.62176
237,77.2826,28.62055
238,77.28255,28.62052
239,77.31941,28.61989
240,77.28242,28.62046
241,77.28236,28.62043
242,77.28223,28.62037
243,77.31949,28.6197
244,77.28207,28.62029
245,77.28195,28.62023
246,77.19995,28.62159
247,77.20001,28.62248
248,77.31954,28.61956
249,77.28189,28.6202
250,77.21271,28.62126
251,77.21321,28.6219
252,77.2817,28.62011
253,77.28153,28.62002
254,77.28135,28.61993
255,77.28117,28.61984
256,77.31972,28.61913
257,77.31397,28.61923
258,77.31475,28.61952
259,77.28098,28.61975
260,77.28082,28.61966
261,77.28074,28.61962
262,77.31978,28.61896
263,77.28064,28.61957
264,77.28053,28.61952
265,77.31984,28.6188
266,77.28042,28.61946
267,77.28032,28.61941
268,77.28018,28.61933
269,77.31991,28.61864
270,77.21048,28.62041
271,77.21041,28.62031
272,77.31997,28.61847
273,77.19988,28.62042
274,77.32003,28.61831
275,77.32011,28.6181
276,77.32012,28.61806
277,77.21249,28.61927
278,77.21252,28.61976
279,77.32048,28.61704
280,77.21247,28.61878
281,77.19978,28.61894
282,77.19978,28.61906
283,77.21565,28.61869
284,77.21564,28.61843
285,77.32065,28.61646
286,77.2228,28.61762
287,77.22125,28.61852
288,77.19966,28.61756
289,77.19966,28.61763
290,77.21233,28.61734
291,77.21236,28.61771
292,77.20391,28.61743
293,77.20391,28.61734
294,77.21402,28.61689
295,77.21333,28.61693
296,77.22436,28.61672
297,77.32027,28.615
298,77.32017,28.61494
299,77.3296,28.61417
300,77.32974,28.61442
301,77.32949,28.61398
302,77.32938,28.61379
303,77.32929,28.61363
304,77.32915,28.61338
305,77.32903,28.61318
306,77.29323,28.61357
307,77.29313,28.61384
308,77.29327,28.61348
309,77.31446,28.61286
310,77.31523,28.61306
311,77.17516,28.61504
312,77.17508,28.61507
313,77.29704,28.61299
314,77.29702,28.61292
315,77.31346,28.61255
316,77.31279,28.61234
317,77.2092,28.61389
318,77.2088,28.61391
319,77.30263,28.61289
320,77.30256,28.61233
321,77.2938,28.61229
322,77.29452,28.61185
323,77.30242,28.61165
324,77.29472,28.61177
325,77.311,28.6118
326,77.30996,28.61149
327,77.30204,28.61154
328,77.30158,28.61141
329,77.30896,28.6112
330,77.29554,28.61124
331,77.30064,28.61114
332,77.30824,28.611
333,77.2958,28.61095
334,77.29966,28.61086
335,77.32881,28.61022
336,77.32872,28.61017
337,77.20869,28.61221
338,77.20754,28.61169
339,77.20697,28.61143
340,77.29658,28.60993
341,77.29625,28.60983
342,77.29609,28.60978
343,77.2958,28.60969
344,77.29527,28.60954
345,77.31075,28.60944
346,77.30974,28.60918
347,77.21165,28.61073
348,77.21041,28.61142
349,77.29507,28.60932
350,77.19934,28.6109
351,77.19934,28.61082
352,77.22259,28.60999
353,77.2212,28.61006
354,77.22268,28.60999
355,77.29522,28.60877
356,77.22429,28.60991
357,77.22359,28.60995
358,77.29532,28.60852
359,77.32716,28.60878
360,77.32737,28.60783
361,77.20817,28.60936
362,77.20594,28.61065
363,77.21067,28.60995
364,77.20907,28.60924
365,77.2956,28.6078
366,77.23353,28.60853
367,77.23344,28.6085
368,77.23295,28.60825
369,77.29584,28.6072
370,77.23286,28.60821
371,77.23153,28.60802
372,77.22917,28.60768
373,77.23023,28.60809
374,77.29608,28.60651
375,77.22912,28.60758
376,77.22898,28.6073
377,77.22893,28.6072
378,77.30827,28.60571
379,77.30901,28.60594
380,77.22879,28.6069
381,77.22874,28.6068
382,77.30721,28.6054
383,77.19915,28.60774
384,77.19912,28.6072
385,77.22868,28.60667
386,77.2286,28.6065
387,77.22854,28.60638
388,77.30558,28.60492
389,77.30652,28.6052
390,77.30531,28.60484
391,77.32034,28.60434
392,77.32022,28.60423
393,77.22814,28.60556
394,77.22819,28.60567
395,77.22809,28.60546
396,77.22793,28.60517
397,77.30213,28.60386
398,77.30387,28.6044
399,77.22787,28.60508
400,77.22783,28.60502
401,77.19904,28.60628
402,77.199,28.60557
403,77.33006,28.6032
404,77.32999,28.60328
405,77.21797,28.60566
406,77.21794,28.60507
407,77.23063,28.6048
408,77.23064,28.60528
409,77.22764,28.6047
410,77.2306,28.60439
411,77.2179,28.60445
412,77.22735,28.60419
413,77.20524,28.60484
414,77.20521,28.60448
415,77.20857,28.60439
416,77.20935,28.60472
417,77.23057,28.60399
418,77.20833,28.60428
419,77.23055,28.6036
420,77.33119,28.60185
421,77.33081,28.6023
422,77.32588,28.60197
423,77.3258,28.60191
424,77.21786,28.60376
425,77.21785,28.60353
426,77.2068,28.60345
427,77.20668,28.60338
428,77.2236,28.60328
429,77.22331,28.6031
430,77.2132,28.60314
431,77.21228,28.60367
432,77.32536,28.60161
433,77.32469,28.60119
434,77.32449,28.60107
435,77.32413,28.60085
436,77.20615,28.60276
437,77.20516,28.60278
438,77.324,28.60078
439,77.32367,28.60058
440,77.32329,28.60036
441,77.32312,28.60026
442,77.2223,28.60265
443,77.22074,28.60193
444,77.20512,28.60279
445,77.20508,28.6021
446,77.21541,28.60184
447,77.21449,28.60237
448,77.2115,28.60333
449,77.2114,28.60192
450,77.21777,28.60219
451,77.21772,28.60153
452,77.2161,28.60145
453,77.22958,28.60119
454,77.22964,28.60111
455,77.21668,28.60111
456,77.21935,28.60129
457,77.21866,28.601
458,77.22727,28.60125
459,77.22795,28.60074
460,77.18366,28.60012
461,77.18364,28.60006
462,77.2113,28.60011
463,77.21126,28.59956
464,77.2263,28.59916
465,77.2273,28.59976
466,77.22598,28.59896
467,77.30475,28.59726
468,77.30481,28.59722
469,77.22528,28.59853
470,77.22373,28.59758
471,77.2239,28.59768
472,77.22347,28.59742
473,77.22329,28.59732
474,77.22323,28.59728
475,77.21043,28.59733
476,77.20959,28.59695
477,77.14609,28.59739
478,77.14598,28.59775
479,77.18645,28.59671
480,77.18359,28.59786
481,77.22337,28.59574
482,77.22333,28.59662
483,77.22343,28.59484
484,77.22867,28.59449
485,77.22878,28.59449
486,77.22843,28.59447
487,77.22794,28.59443
488,77.22767,28.5944
489,77.22719,28.59435
490,77.22697,28.59433
491,77.22611,28.59424
492,77.22647,28.59428
493,77.22522,28.59415
494,77.22533,28.59416
495,77.22457,28.59408
496,77.22432,28.59405
497,77.22872,28.59358
498,77.22849,28.59357
499,77.22798,28.59354
500,77.22773,28.59351
501,77.22752,28.59349
502,77.22725,28.59346
503,77.22699,28.59344
504,77.22638,28.59337
505,77.22612,28.59335
506,77.22551,28.59328
507,77.22523,28.59325
508,77.22459,28.59318
509,77.22438,28.59316
510,77.22373,28.5931
511,77.2285,28.59269
512,77.22877,28.59271
513,77.22801,28.59264
514,77.22776,28.59262
515,77.22729,28.59257
516,77.22704,28.59255
517,77.22643,28.59248
518,77.22544,28.59238
519,77.22527,28.59237
520,77.22465,28.5923
521,77.2244,28.59228
522,77.22381,28.59221
523,77.30256,28.59073
524,77.30321,28.59149
525,77.22361,28.59137
526,77.22357,28.59218
527,77.13906,28.59143
528,77.13887,28.59105
529,77.25636,28.58902
530,77.2568,28.58914
531,77.13855,28.5904
532,77.2201,28.58678
533,77.22023,28.58588
534,77.16618,28.58474
535,77.16658,28.5851
536,77.16604,28.5846
537,77.14011,28.58455
538,77.14012,28.58448
539,77.25142,28.58266
540,77.25159,28.58267
541,77.25294,28.58261
542,77.25285,28.58276
543,77.16867,28.58387
544,77.16853,28.5841
545,77.16763,28.58388
546,77.16754,28.58375
547,77.16876,28.58369
548,77.16745,28.5836
549,77.25289,28.58218
550,77.16885,28.58354
551,77.13526,28.58387
552,77.13525,28.58394
553,77.16731,28.58333
554,77.26463,28.58221
555,77.26542,28.5817
556,77.17877,28.58311
557,77.179,28.58301
558,77.17872,28.58301
559,77.25284,28.5818
560,77.2248,28.58225
561,77.22474,28.58225
562,77.17916,28.58295
563,77.16733,28.58306
564,77.25282,28.58161
565,77.17856,28.58274
566,77.16756,28.58284
567,77.16814,28.58305
568,77.16811,28.58277
569,77.17839,28.58252
570,77.25278,28.58123
571,77.17988,28.58234
572,77.17993,28.58224
573,77.25274,28.58093
574,77.178,28.58211
575,77.18013,28.58189
576,77.17774,28.58191
577,77.25271,28.58064
578,77.1775,28.58176
579,77.18027,28.58164
580,77.16803,28.58174
581,77.17721,28.58158
582,77.16801,28.58161
583,77.18048,28.58129
584,77.17698,28.58151
585,77.17642,28.58124
586,77.25602,28.5802
587,77.25642,28.5799
588,77.16796,28.58132
589,77.16795,28.58121
590,77.17611,28.58112
591,77.17603,28.58107
592,77.25687,28.57972
593,77.25698,28.5797
594,77.25481,28.57972
595,77.25502,28.57972
596,77.18072,28.58092
597,77.1757,28.58093
598,77.17558,28.58087
599,77.25767,28.57948
600,77.25502,28.57947
601,77.25814,28.57931
602,77.17513,28.58066
603,77.25873,28.579
604,77.25942,28.57868
605,77.25994,28.57843
606,77.19885,28.57966
607,77.19886,28.57939
608,77.19888,28.57914
609,77.26065,28.57807
610,77.26092,28.57792
611,77.25549,28.5783
612,77.25573,28.57797
613,77.19889,28.57883
614,77.26199,28.57745
615,77.2561,28.57742
616,77.25645,28.57706
617,77.1885,28.57777
618,77.18891,28.57778
619,77.18831,28.57776
620,77.18806,28.57776
621,77.18743,28.57772
622,77.22484,28.57739
623,77.22482,28.57705
624,77.22481,28.57679
625,77.21089,28.57632
626,77.21176,28.57621
627,77.21214,28.57607
628,77.18747,28.57637
629,77.21248,28.57592
630,77.21251,28.57602
631,77.18751,28.57548
632,77.18752,28.57519
633,77.21415,28.57565
634,77.21503,28.5745
635,77.19902,28.57571
636,77.19907,28.57487
637,77.16851,28.57521
638,77.16855,28.57512
639,77.23222,28.57438
640,77.23184,28.57401
641,77.19911,28.57403
642,77.18795,28.57403
643,77.18776,28.57451
644,77.19912,28.57364
645,77.23107,28.57317
646,77.2308,28.57289
647,77.2307,28.57279
648,77.18825,28.57336
649,77.19913,28.57337
650,77.19914,28.57316
651,77.23042,28.57249
652,77.23029,28.57237
653,77.23408,28.57245
654,77.23397,28.57222
655,77.23012,28.57218
656,77.23386,28.57198
657,77.22993,28.57198
658,77.23374,28.57173
659,77.22974,28.57177
660,77.18684,28.57246
661,77.22957,28.57159
662,77.2305,28.57141
663,77.2306,28.5713
664,77.2307,28.57117
665,77.22913,28.57113
666,77.23081,28.57105
667,77.23092,28.57097
668,77.22892,28.5709
669,77.2288,28.57078
670,77.23077,28.5707
671,77.22874,28.57071
672,77.22862,28.57058
673,77.23063,28.57047
674,77.22855,28.5705
675,77.23311,28.57031
676,77.22841,28.57035
677,77.22824,28.57017
678,77.233,28.57005
679,77.22909,28.57005
680,77.22935,28.56995
681,77.22802,28.56994
682,77.2329,28.5698
683,77.22962,28.56984
684,77.22989,28.56972
685,77.22784,28.56974
686,77.2328,28.56956
687,77.23016,28.5696
688,77.22766,28.56955
689,77.22718,28.56978
690,77.19932,28.56992
691,77.19924,28.56991
692,77.23003,28.56937
693,77.22869,28.56932
694,77.23102,28.56924
695,77.23264,28.56916
696,77.23128,28.56914
697,77.2299,28.56913
698,77.23156,28.56902
699,77.20253,28.56947
700,77.20402,28.56939
701,77.23254,28.56893
702,77.22977,28.5689
703,77.23077,28.56878
704,77.19038,28.56943
705,77.19047,28.5696
706,77.23243,28.56868
707,77.23101,28.56868
708,77.19044,28.5693
709,77.22963,28.56865
710,77.23128,28.56857
711,77.22682,28.56862
712,77.22662,28.5687
713,77.23156,28.56845
714,77.23232,28.56844
715,77.2265,28.56848
716,77.2318,28.56836
717,77.23195,28.56829
718,77.23221,28.56819
719,77.22636,28.56824
720,77.22934,28.56812
721,77.22802,28.56809
722,77.22829,28.56798
723,77.22922,28.5679
724,77.22856,28.56787
725,77.2279,28.56787
726,77.22884,28.56776
727,77.22908,28.56766
728,77.22777,28.56763
729,77.23073,28.56754
730,77.23061,28.56731
731,77.22756,28.56724
732,77.22614,28.56785
733,77.23199,28.56713
734,77.22751,28.56716
735,77.23172,28.56707
736,77.22902,28.56709
737,77.23047,28.56706
738,77.23144,28.56701
739,77.23074,28.567
740,77.23105,28.56696
741,77.22824,28.56695
742,77.23196,28.56685
743,77.23034,28.56682
744,77.23193,28.56661
745,77.2302,28.56659
746,77.15576,28.56185
747,77.1553,28.56167
748,77.15494,28.56151
749,77.15382,28.56065
750,77.15351,28.56042
751,77.15363,28.55998
752,77.15327,28.56025
753,77.15395,28.55964
754,77.20799,28.5576
755,77.20797,28.55754
756,77.24969,28.55595
757,77.24968,28.55601
758,77.26759,28.55121
759,77.26761,28.55176
760,77.26762,28.55093
761,77.26768,28.55072
762,77.26783,28.55017
763,77.268,28.54977
764,77.26817,28.54948
765,77.26821,28.5494
766,77.26838,28.54907
767,77.26858,28.54871
768,77.26868,28.54852
769,77.26878,28.54833
770,77.26897,28.54794
771,77.26908,28.54776
772,77.31157,28.54526
773,77.31162,28.5453
774,77.20852,28.54366
775,77.20875,28.54364
776,77.20888,28.54364
777,77.3082,28.54185
778,77.30892,28.54264
779,77.20967,28.54259
780,77.20979,28.54287
781,77.30476,28.53757
782,77.30537,28.53847
783,77.14139,28.53873
784,77.14171,28.53854
785,77.14423,28.53697
786,77.14428,28.53693
787,77.30427,28.53198
788,77.25554,28.5325
789,77.25581,28.53197
790,77.25608,28.53144
791,77.25629,28.53117
792,77.25661,28.53105
793,77.25687,28.53096
794,77.25705,28.5309
795,77.25719,28.53086
796,77.25754,28.53076
797,77.25789,28.53065
798,77.25852,28.53046
799,77.20862,28.53109
800,77.20805,28.53097
801,77.15773,28.52899
802,77.15766,28.52904
803,77.22837,28.52773
804,77.22808,28.52775
805,77.22953,28.52765
806,77.22967,28.52764
807,77.19268,28.53015
808,77.19394,28.52818
809,77.23098,28.52754
810,77.19443,28.52774
811,77.19467,28.5276
812,77.19505,28.52737
813,77.25252,28.52637
814,77.25264,28.52623
815,77.23467,28.52656
816,77.23464,28.5265
817,77.23482,28.52644
818,77.23484,28.52651
819,77.19584,28.52685
820,77.19621,28.52658
821,77.23633,28.52559
822,77.23639,28.52563
823,77.16164,28.52678
824,77.16168,28.52685
825,77.19657,28.52633
826,77.19698,28.52601
827,77.16274,28.52625
828,77.16269,28.52618
829,77.16416,28.52541
830,77.16411,28.52534
831,77.16446,28.52421
832,77.16499,28.52486
833,77.16619,28.52414
834,77.16624,28.52421
835,77.16085,28.52415
836,77.16061,28.52451
837,77.16425,28.5239
838,77.16107,28.52383
839,77.20678,28.52279
840,77.20646,28.52286
841,77.20773,28.5226
842,77.21391,28.52254
843,77.21283,28.52251
844,77.21427,28.52246
845,77.21441,28.52243
846,77.20837,28.52247
847,77.2081,28.52253
848,77.16154,28.52322
849,77.16362,28.5231
850,77.21225,28.52231
851,77.21523,28.52225
852,77.21196,28.52222
853,77.21577,28.52214
854,77.21124,28.522
855,77.21068,28.522
856,77.21012,28.52209
857,77.16222,28.52232
858,77.3098,28.51347
859,77.30952,28.51373
860,77.29113,28.63515
861,77.2912,28.63508
862,77.20162,28.61102
863,77.1999,28.61112
864,77.20155,28.60984
865,77.20102,28.61015
866,77.20228,28.60942
867,77.20273,28.60916
868,77.21225,28.61533
869,77.21227,28.61547
870,77.22018,28.60167
871,77.22002,28.6016
872,77.21507,28.5994
873,77.21606,28.59985
874,77.21475,28.59925
875,77.21439,28.59909
876,77.21395,28.59889
877,77.21361,28.60289
878,77.2139,28.60275
879,77.21783,28.60308
880,77.21789,28.60424
881,77.22052,28.61009
882,77.22003,28.61011
883,77.23069,28.60596
884,77.23077,28.60709
885,77.25484,28.52408
886,77.25575,28.52365
887,77.25461,28.52429
888,77.21567,28.61904
889,77.2157,28.61968
890,77.22629,28.62136
891,77.22674,28.62057
892,77.21121,28.59894
893,77.15565,28.56238
894,77.15559,28.56285
895,77.21053,28.62046
896,77.20302,28.62903
897,77.19973,28.62422
898,77.19985,28.62408
899,77.12428,28.54685
900,77.12381,28.54646
901,77.16442,28.58181
902,77.16454,28.58175
903,77.16574,28.58105
904,77.16594,28.58089
905,77.32646,28.50048
906,77.32646,28.50026
907,77.32646,28.50072
908,77.32646,28.50093
909,77.32646,28.50115
910,77.32446,28.50345
911,77.32476,28.50316
912,77.32416,28.50371
913,77.32352,28.5043
914,77.32309,28.50468
915,77.32258,28.50517
916,77.32655,28.50572
917,77.32543,28.50572
918,77.32724,28.5057
919,77.33286,28.50639
920,77.3331,28.5061
921,77.33086,28.50817
922,77.33074,28.50827
923,77.28655,28.48941
924,77.28645,28.48937
925,77.23777,28.6408
926,77.23788,28.64079
927,77.23789,28.64091
928,77.20278,28.62528
929,77.20282,28.62519
930,77.23546,28.62565
931,77.22888,28.59271
932,77.23925,28.51274
933,77.23926,28.51283
934,77.26145,28.51131
935,77.26138,28.51119
936,77.21231,28.6044
937,77.2129,28.60468
938,77.24024,28.60709
939,77.24008,28.60709
940,77.29427,28.58368
941,77.294,28.58413
942,77.18077,28.58084
943,77.09632,28.523
944,77.09601,28.52325
945,77.09728,28.52228
946,77.09549,28.52365
947,77.09469,28.52421
948,77.08909,28.52863
949,77.08851,28.52901
950,77.09022,28.52772
951,77.09,28.52788
952,77.0916,28.52678
953,77.09137,28.52694
954,77.09196,28.52646
955,77.09846,28.52152
956,77.09828,28.52152
957,77.09802,28.52169
958,77.24031,28.54208
959,77.24024,28.54231
960,77.24287,28.63992
961,77.24284,28.63981
962,77.2429,28.64006
963,77.2418,28.6409
964,77.26285,28.54154
965,77.26277,28.54157
966,77.2096,28.51904
967,77.20954,28.51893
968,77.20978,28.51888
969,77.20983,28.51899
970,77.2098,28.54319
971,77.2098,28.54328
972,77.13868,28.53748
973,77.13871,28.53753
974,77.24634,28.5652
975,77.24633,28.56529
976,77.2944,28.6406
977,77.29443,28.64057
978,77.3061,28.63635
979,77.30602,28.63623
980,77.16342,28.56971
981,77.16349,28.56975
982,77.16584,28.56655
983,77.16588,28.56657
984,77.1863,28.55624
985,77.18635,28.55623
986,77.21895,28.59842
987,77.21927,28.59837
988,77.27626,28.62342
989,77.27583,28.62421
990,77.27739,28.62192
991,77.18645,28.57219
992,77.16521,28.58391
993,77.16532,28.58395
994,77.21186,28.62178
995,77.30888,28.62634
996,77.30884,28.62643
997,77.18915,28.56045
998,77.18912,28.56039
999,77.26124,28.51092
1000,77.22294,28.59714
1001,77.14137,28.57471
1002,77.14161,28.5748
1003,77.14052,28.57437
1004,77.13491,28.57038
1005,77.13501,28.57004
1006,77.12353,28.54651
1007,77.1241,28.54693
1008,77.22996,28.6271
1009,77.22991,28.62703
1010,77.22969,28.62672
1011,77.22981,28.62688
1012,77.22663,28.62868
1013,77.2263,28.62855
1014,77.11678,28.53964
1015,77.11686,28.53984
1016,77.11693,28.54004
1017,77.11703,28.54025
1018,77.27141,28.52913
1019,77.27148,28.52903
1020,77.14328,28.57621
1021,77.14377,28.57696
1022,77.21154,28.63751
1023,77.21149,28.63745
1024,77.21159,28.63758
1025,77.21768,28.63394
1026,77.21751,28.63181
1027,77.19154,28.64448
1028,77.19157,28.64432
1029,77.18184,28.56564
1030,77.18151,28.56558
1031,77.18185,28.56603
1032,77.18188,28.56572
1033,77.17417,28.57283
1034,77.17402,28.57287
1035,77.16496,28.58151
1036,77.16506,28.58145
1037,77.16533,28.5813
1038,77.18464,28.5696
1039,77.18443,28.56967
1040,77.18952,28.56026
1041,77.18955,28.56032
1042,77.19108,28.55978
1043,77.19115,28.55983
1044,77.15614,28.52698
1045,77.15607,28.52701
1046,77.18429,28.55031
1047,77.18436,28.5504
1048,77.14419,28.537
1049,77.14369,28.53736
1050,77.14133,28.53864
1051,77.16885,28.56144
1052,77.16876,28.56156
1053,77.17107,28.55922
1054,77.171,28.55929
1055,77.17403,28.54945
1056,77.17407,28.5495
1057,77.17708,28.54802
1058,77.17704,28.54796
1059,77.28352,28.50245
1060,77.28385,28.50245
1061,77.27782,28.50497
1062,77.27777,28.50486
1063,77.28326,28.50245
1064,77.28173,28.5029
1065,77.28226,28.50265
1066,77.16226,28.51976
1067,77.16301,28.52018
1068,77.16021,28.51867
1069,77.16108,28.5191
1070,77.23717,28.51795
1071,77.23681,28.51823
1072,77.23732,28.51783
1073,77.23746,28.51772
1074,77.23759,28.51761
1075,77.23774,28.51749
1076,77.30998,28.5132
1077,77.30769,28.51511
1078,77.30718,28.51551
1079,77.30636,28.51605
1080,77.30691,28.51576
1081,77.30539,28.51625
1082,77.30441,28.51638
1083,77.30258,28.51648
1084,77.30154,28.51633
1085,77.30129,28.51632
1086,77.30108,28.51632
1087,77.30084,28.51631
1088,77.30062,28.51629
1089,77.30039,28.51625
1090,77.30018,28.5162
1091,77.30004,28.51617
1092,77.26016,28.50546
1093,77.26052,28.50758
1094,77.26086,28.51017
1095,77.26103,28.51146
1096,77.25485,28.63475
1097,77.25325,28.6287
1098,77.25323,28.62822
1099,77.27915,28.6382
1100,77.27916,28.63829
1101,77.27912,28.63659
1102,77.27913,28.63707
1103,77.27911,28.63627
1104,77.27906,28.63406
1105,77.27907,28.63439
1106,77.27909,28.63494
1107,77.27915,28.63781
1108,77.27918,28.63919
1109,77.27918,28.6395
1110,77.27918,28.63968
1111,77.31151,28.63076
1112,77.31139,28.63072
1113,77.29312,28.63315
1114,77.29321,28.63308
1115,77.29357,28.63294
1116,77.31903,28.62489
1117,77.3192,28.62445
1118,77.31938,28.624
1119,77.31955,28.62356
1120,77.31973,28.62309
1121,77.31996,28.62251
1122,77.32032,28.62161
1123,77.32049,28.62115
1124,77.32066,28.62067
1125,77.32083,28.62022
1126,77.321,28.61979
1127,77.32135,28.61885
1128,77.32152,28.61842
1129,77.3216,28.61822
1130,77.32197,28.61659
1131,77.32117,28.61934
1132,77.22188,28.62122
1133,77.22195,28.62126
1134,77.32989,28.61586
1135,77.32984,28.61588
1136,77.32851,28.61561
1137,77.32826,28.61558
1138,77.328,28.61555
1139,77.32778,28.61554
1140,77.32753,28.61551
1141,77.3273,28.61549
1142,77.32694,28.61545
1143,77.31934,28.61551
1144,77.31924,28.61559
1145,77.31168,28.62222
1146,77.31157,28.62232
1147,77.31182,28.62211
1148,77.31297,28.62114
1149,77.31302,28.6211
1150,77.31344,28.62075
1151,77.31364,28.62057
1152,77.31398,28.62027
1153,77.3141,28.62016
1154,77.31567,28.61871
1155,77.31585,28.61855
1156,77.31751,28.61709
1157,77.31733,28.61726
1158,77.31835,28.61635
1159,77.31816,28.61652
1160,77.31887,28.6159
1161,77.31095,28.62289
1162,77.28852,28.62783
1163,77.28864,28.62782
1164,77.2924,28.62768
1165,77.29253,28.62768
1166,77.29216,28.62767
1167,77.28903,28.62776
1168,77.28913,28.62772
1169,77.28922,28.62768
1170,77.28932,28.62763
1171,77.28953,28.62752
1172,77.29431,28.62752
1173,77.29466,28.62732
1174,77.29528,28.62696
1175,77.29008,28.62738
1176,77.29061,28.62741
1177,77.28758,28.62794
1178,77.21128,28.61758
1179,77.2117,28.61733
1180,77.21081,28.61785
1181,77.3224,28.61346
1182,77.32235,28.6135
1183,77.32293,28.61295
1184,77.32661,28.61521
1185,77.32659,28.61517
1186,77.32329,28.61334
1187,77.32628,28.61429
1188,77.32613,28.61384
1189,77.32609,28.61369
1190,77.32115,28.61038
1191,77.32158,28.61092
1192,77.31814,28.60926
1193,77.31584,28.60662
1194,77.31378,28.60209
1195,77.31344,28.60233
1196,77.31482,28.60136
1197,77.31502,28.60123
1198,77.31582,28.6007
1199,77.31572,28.60077
1200,77.31596,28.6006
1201,77.31658,28.60018
1202,77.31714,28.5998
1203,77.3172,28.59976
1204,77.31729,28.59971
1205,77.31759,28.5995
1206,77.31771,28.59942
1207,77.31794,28.59924
1208,77.31841,28.59891
1209,77.31845,28.59888
1210,77.31864,28.59876
1211,77.31899,28.59853
1212,77.31904,28.59849
1213,77.31967,28.59807
1214,77.31429,28.60174
1215,77.31996,28.60883
1216,77.32031,28.60934
1217,77.32013,28.60852
1218,77.322,28.61373
1219,77.32196,28.61368
1220,77.25017,28.61273
1221,77.25037,28.6128
1222,77.30131,28.60594
1223,77.30138,28.60577
1224,77.30145,28.6056
1225,77.30151,28.60544
1226,77.30164,28.60511
1227,77.30171,28.60494
1228,77.30178,28.60476
1229,77.30193,28.60436
1230,77.30234,28.60329
1231,77.30242,28.60309
1232,77.3026,28.60261
1233,77.30273,28.60228
1234,77.30287,28.60192
1235,77.30299,28.60159
1236,77.30314,28.60121
1237,77.3018,28.60471
1238,77.30862,28.60881
1239,77.30798,28.60864
1240,77.30789,28.60861
1241,77.30629,28.60806
1242,77.30618,28.60803
1243,77.3055,28.60782
1244,77.30725,28.60835
1245,77.30936,28.60904
1246,77.30905,28.60892
1247,77.20026,28.60393
1248,77.20076,28.60365
1249,77.1998,28.6042
1250,77.20328,28.60218
1251,77.20356,28.60203
1252,77.19928,28.60451
1253,77.21134,28.59767
1254,77.21125,28.59749
1255,77.29908,28.59994
1256,77.29901,28.60008
1257,77.30731,28.59615
1258,77.30832,28.59732
1259,77.30642,28.5951
1260,77.30668,28.59544
1261,77.30581,28.59449
1262,77.29805,28.6021
1263,77.29705,28.60412
1264,77.29698,28.60425
1265,77.29669,28.60491
1266,77.16835,28.60169
1267,77.16844,28.60165
1268,77.22834,28.60034
1269,77.22834,28.60043
1270,77.22837,28.60007
1271,77.22094,28.58044
1272,77.22085,28.58113
1273,77.22077,28.58186
1274,77.2239,28.58919
1275,77.22403,28.58816
1276,77.26069,28.57924
1277,77.26022,28.57989
1278,77.2611,28.57871
1279,77.26083,28.57906
1280,77.26135,28.57839
1281,77.263,28.576
1282,77.26275,28.57629
1283,77.26239,28.57684
1284,77.16769,28.58004
1285,77.16768,28.58
1286,77.16426,28.58192
1287,77.23097,28.57403
1288,77.23133,28.57387
1289,77.19925,28.5707
1290,77.19924,28.57082
1291,77.19922,28.57127
1292,77.19921,28.5714
1293,77.19922,28.57112
1294,77.19919,28.57173
1295,77.19919,28.57186
1296,77.19918,28.57215
1297,77.19917,28.5723
1298,77.19926,28.57048
1299,77.16359,28.5698
1300,77.28844,28.56238
1301,77.28853,28.56239
1302,77.28746,28.56231
1303,77.28755,28.56231
1304,77.28766,28.56232
1305,77.28994,28.5625
1306,77.29082,28.56256
1307,77.21848,28.64188
1308,77.21844,28.64206
1309,77.21861,28.63987
1310,77.21864,28.64106
1311,77.21822,28.64286
1312,77.21815,28.64321
1313,77.21806,28.64402
1314,77.30174,28.62778
1315,77.30152,28.62768
1316,77.2959,28.62671
1317,77.29918,28.62664
1318,77.29991,28.62696
1319,77.29614,28.62662
1320,77.29634,28.62655
1321,77.29763,28.62643
1322,77.29774,28.62643
1323,77.30133,28.62756
1324,77.29887,28.62654
1325,77.29668,28.62646
1326,77.29392,28.6328
1327,77.29412,28.63272
1328,77.29471,28.63234
1329,77.29485,28.63221
1330,77.30048,28.6198
1331,77.30037,28.61977
1332,77.30947,28.61783
1333,77.3095,28.61776
1334,77.32797,28.61066
1335,77.32779,28.61079
1336,77.28793,28.61643
1337,77.28789,28.61649
1338,77.22961,28.61004
1339,77.22947,28.6101
1340,77.22813,28.6109
1341,77.2276,28.61169
1342,77.16781,28.58359
1343,77.16835,28.58344
1344,77.16853,28.58358
1345,77.17107,28.58529
1346,77.1704,28.58477
1347,77.17265,28.57841
1348,77.17252,28.57847
1349,77.16907,28.57983
1350,77.16853,28.57995
1351,77.16983,28.57956
1352,77.16971,28.5796
1353,77.17001,28.57948
1354,77.17043,28.57931
1355,77.17065,28.57923
1356,77.17128,28.57902
1357,77.1724,28.57853
1358,77.17179,28.57881
1359,77.1729,28.57828
1360,77.18536,28.57338
1361,77.18549,28.57324
1362,77.18569,28.57301
1363,77.18578,28.57291
1364,77.186,28.57268
1365,77.18608,28.57258
1366,77.1863,28.57236
1367,77.18634,28.57232
1368,77.18928,28.56634
1369,77.18932,28.56633
1370,77.18944,28.56628
1371,77.28826,28.56473
1372,77.2879,28.5645
1373,77.2877,28.56432
1374,77.29116,28.56257
1375,77.29137,28.56259
1376,77.29149,28.56245
1377,77.29141,28.56253
1378,77.29204,28.56231
1379,77.29198,28.56233
1380,77.27999,28.64476
1381,77.2803,28.64455
1382,77.28048,28.64441
1383,77.28069,28.64425
1384,77.28104,28.64393
1385,77.28148,28.64337
1386,77.28153,28.64329
1387,77.23223,28.64035
1388,77.23186,28.64036
1389,77.23668,28.64009
1390,77.2359,28.64012
1391,77.23754,28.64004
1392,77.23867,28.63996
1393,77.23884,28.63996
1394,77.31056,28.63043
1395,77.30981,28.63018
1396,77.30976,28.63016
1397,77.3087,28.6298
1398,77.30856,28.62974
1399,77.30836,28.62969
1400,77.3078,28.62951
1401,77.30181,28.62783
1402,77.30279,28.62785
1403,77.30229,28.62803
1404,77.29616,28.6221
1405,77.29642,28.62147
1406,77.29612,28.62217
1407,77.30989,28.61673
1408,77.31025,28.61579
1409,77.31032,28.61563
1410,77.31047,28.61524
1411,77.31056,28.61501
1412,77.31061,28.61485
1413,77.31063,28.6148
1414,77.31135,28.61292
1415,77.31133,28.61297
1416,77.31144,28.61269
1417,77.31065,28.61475
1418,77.26006,28.57983
1419,77.25687,28.57744
1420,77.25693,28.57756
1421,77.25578,28.57661
1422,77.25548,28.57641
1423,77.25761,28.57878
1424,77.25832,28.5792
1425,77.26331,28.57565
1426,77.26293,28.57541
1427,77.16576,28.57419
1428,77.1658,28.5741
1429,77.16795,28.56119
1430,77.16739,28.56101
1431,77.15958,28.56068
1432,77.15926,28.56074
1433,77.16063,28.56046
1434,77.1581,28.56098
1435,77.15731,28.56114
1436,77.15894,28.56081
1437,77.1995,28.55823
1438,77.19916,28.55831
1439,77.19982,28.55816
1440,77.15521,28.56061
1441,77.15467,28.56019
1442,77.15556,28.56086
1443,77.23188,28.55314
1444,77.23188,28.55305
1445,77.24782,28.55597
1446,77.24781,28.55603
1447,77.24787,28.55552
1448,77.24785,28.55569
1449,77.26134,28.54916
1450,77.26175,28.54922
1451,77.25769,28.53649
1452,77.25801,28.53595
1453,77.20986,28.54206
1454,77.20993,28.54191
1455,77.21172,28.54107
1456,77.21184,28.54103
1457,77.21689,28.53851
1458,77.21671,28.53865
1459,77.21707,28.53837
1460,77.21768,28.53735
1461,77.21743,28.538
1462,77.21774,28.53713
1463,77.2178,28.53694
1464,77.21782,28.53683
1465,77.21789,28.53647
1466,77.21794,28.53627
1467,77.21652,28.53881
1468,77.21631,28.53899
1469,77.21448,28.53429
1470,77.21452,28.53415
1471,77.21453,28.5341
1472,77.21459,28.53391
1473,77.21469,28.53362
1474,77.2147,28.53356
1475,77.21477,28.53334
1476,77.21301,28.53212
1477,77.2127,28.53204
1478,77.21114,28.53166
1479,77.21086,28.5316
1480,77.21053,28.53153
1481,77.21026,28.53147
1482,77.20919,28.53123
1483,77.20897,28.53117
1484,77.20868,28.53111
1485,77.20999,28.53141
1486,77.21239,28.53196
1487,77.21412,28.53271
1488,77.21422,28.53277
1489,77.2146,28.53303
1490,77.21452,28.53459
1491,77.2152,28.53527
1492,77.2118,28.54092
1493,77.21191,28.53949
1494,77.21162,28.54023
1495,77.20694,28.5339
1496,77.20687,28.53395
1497,77.20702,28.53329
1498,77.20707,28.53323
1499,77.20757,28.53187
1500,77.20756,28.532
1501,77.2076,28.53174
1502,77.20763,28.53162
1503,77.20727,28.53304
1504,77.20782,28.53264
1505,77.20778,28.53111
1506,77.26011,28.53463
1507,77.25993,28.53471
1508,77.26016,28.53459
1509,77.25833,28.53525
1510,77.25851,28.53513
1511,77.25598,28.52358
1512,77.25586,28.52362
1513,77.30428,28.53192
1514,77.22708,28.52783
1515,77.22579,28.52797
1516,77.20596,28.52708
1517,77.20586,28.5267
1518,77.20632,28.52232
1519,77.20626,28.52212
1520,77.20574,28.52627
1521,77.20568,28.52602
1522,77.20619,28.52491
1523,77.20669,28.5241
1524,77.20589,28.52076
1525,77.20583,28.52052
1526,77.20576,28.52018
1527,77.20575,28.5201
1528,77.31125,28.5114
1529,77.31116,28.5114
1530,77.22229,28.52563
1531,77.22236,28.5254
1532,77.22257,28.5236
1533,77.22256,28.52341
1534,77.22251,28.52241
1535,77.2225,28.5222
1536,77.22245,28.52104
1537,77.16054,28.52751
1538,77.16049,28.52744
1539,77.15964,28.5258
1540,77.15944,28.52547
1541,77.15829,28.52368
1542,77.15781,28.52333
1543,77.15734,28.52305
1544,77.15708,28.52291
1545,77.20601,28.51708
1546,77.20605,28.51727
1547,77.20593,28.51681
1548,77.20566,28.51598
1549,77.20573,28.51617
1550,77.20557,28.51571
1551,77.20543,28.51526
1552,77.20476,28.51379
1553,77.20499,28.51425
1554,77.20502,28.51432
1555,77.2058,28.51638
1556,77.22157,28.52108
1557,77.22105,28.51919
1558,77.2207,28.51787
1559,77.20447,28.5133
1560,77.20424,28.51292
1561,77.20356,28.51273
1562,77.20325,28.51228
1563,77.20283,28.51165
1564,77.20277,28.51156
1565,77.20244,28.51107
1566,77.20233,28.5109
1567,77.20152,28.50967
1568,77.20104,28.50894
1569,77.2009,28.50873
1570,77.20054,28.50819
1571,77.20041,28.50798
1572,77.20028,28.5078
1573,77.20024,28.50774
1574,77.20006,28.50747
1575,77.30557,28.49908
1576,77.30521,28.49878
1577,77.30562,28.49912
1578,77.30391,28.49768
1579,77.30576,28.49924
1580,77.30584,28.49931
1581,77.30633,28.49952
1582,77.30622,28.49948
1583,77.31553,28.50035
1584,77.31554,28.50046
1585,77.19749,28.50177
1586,77.19735,28.50163
1587,77.19969,28.5069
1588,77.19957,28.50669
1589,77.19936,28.50635
1590,77.19921,28.50612
1591,77.19881,28.50547
1592,77.19876,28.50539
1593,77.19866,28.50505
1594,77.19865,28.50492
1595,77.19864,28.50477
1596,77.19863,28.50436
1597,77.19863,28.50423
1598,77.19863,28.5041
1599,77.19849,28.50353
1600,77.19843,28.50334
1601,77.19729,28.50157
1602,77.19988,28.50719
1603,77.19721,28.50147
1604,77.19713,28.50118
1605,77.19709,28.50095
1606,77.19393,28.49815
1607,77.19358,28.49848
1608,77.16426,28.49216
1609,77.1641,28.4918
1610,77.16435,28.49237
1611,77.16442,28.49258
1612,77.16463,28.49313
1613,77.16474,28.49342
1614,77.16513,28.49411
1615,77.31089,28.48586
1616,77.31006,28.48658
1617,77.30768,28.48743
1618,77.30724,28.4874
1619,77.30497,28.49038
1620,77.30476,28.49034
1621,77.30526,28.49041
1622,77.30675,28.49134
1623,77.30608,28.49074
1624,77.30688,28.49149
1625,77.30706,28.49169
1626,77.30723,28.49187
1627,77.30741,28.49207
1628,77.30764,28.49227
1629,77.30855,28.49305
1630,77.30829,28.49287
1631,77.30921,28.49354
1632,77.30871,28.49314
1633,77.30944,28.49384
1634,77.30971,28.49399
1635,77.30986,28.49475
1636,77.30983,28.49461
1637,77.31005,28.49561
1638,77.31002,28.49552
1639,77.30631,28.48737
1640,77.30522,28.48739
1641,77.30963,28.48695
1642,77.31675,28.48851
1643,77.31657,28.49034
1644,77.16523,28.49425
1645,77.1655,28.49462
1646,77.16563,28.4948
1647,77.16577,28.49501
1648,77.16572,28.49494
1649,77.16616,28.49562
1650,77.16695,28.49665
1651,77.16681,28.49645
1652,77.1678,28.4975
1653,77.16755,28.49729
1654,77.16625,28.49577
1655,77.16737,28.49714
1656,77.16899,28.49865
1657,77.17049,28.50071
1658,77.17002,28.50005
1659,77.17096,28.50138
1660,77.17143,28.50207
1661,77.17105,28.5015
1662,77.16974,28.49968
1663,77.17182,28.50266
1664,77.31013,28.49612
1665,77.31047,28.49928
1666,77.31046,28.49917
1667,77.31037,28.50005
1668,77.31045,28.49942
1669,77.31037,28.50012
1670,77.31033,28.49833
1671,77.31025,28.49776
1672,77.31021,28.49696
1673,77.32272,28.49696
1674,77.3223,28.49715
1675,77.32204,28.49727
1676,77.32152,28.49752
1677,77.32141,28.49758
1678,77.32132,28.49763
1679,77.32111,28.49774
1680,77.32089,28.49785
1681,77.32077,28.49791
1682,77.32036,28.49814
1683,77.32009,28.49828
1684,77.31988,28.4984
1685,77.31972,28.4985
1686,77.31941,28.49866
1687,77.31933,28.4987
1688,77.319,28.49888
1689,77.31875,28.49902
1690,77.31838,28.49921
1691,77.31781,28.49957
1692,77.31743,28.4998
1693,77.31842,28.50035
1694,77.31782,28.50035
1695,77.31745,28.50038
1696,77.32193,28.50031
1697,77.32182,28.50031
1698,77.32084,28.50032
1699,77.32049,28.50033
1700,77.32043,28.50033
1701,77.32222,28.5003
1702,77.32014,28.50034
1703,77.31975,28.50035
1704,77.3196,28.50034
1705,77.32453,28.50027
1706,77.32376,28.50029
1707,77.32477,28.50027
1708,77.32609,28.50026
1709,77.32686,28.50026
1710,77.32725,28.50025
1711,77.31661,28.50046
1712,77.32363,28.49648
1713,77.17264,28.50393
1714,77.31598,28.49624
1715,77.31576,28.49869
1716,77.32901,28.50298
1717,77.32946,28.50249
1718,77.32841,28.50369
1719,77.32858,28.50352
1720,77.32799,28.50405
1721,77.32776,28.50422
1722,77.32312,28.50529
1723,77.32416,28.50553
1724,77.32357,28.50539
1725,77.32528,28.5057
1726,77.32463,28.50561
1727,77.32721,28.50465
1728,77.31812,28.50243
1729,77.3176,28.5018
1730,77.31841,28.50277
1731,77.31923,28.50386
1732,77.31871,28.50316
1733,77.32039,28.50448
1734,77.32013,28.50439
1735,77.32084,28.50463
1736,77.32224,28.50506
1737,77.31988,28.5043
1738,77.25505,28.57882
1739,77.30992,28.59802
1740,77.30976,28.59816
1741,77.31024,28.5977
1742,77.3101,28.59784
1743,77.31037,28.59753
1744,77.31047,28.5974
1745,77.31081,28.59685
1746,77.31147,28.59585
1747,77.31182,28.59535
1748,77.13844,28.59039
1749,77.13787,28.59093
1750,77.22482,28.57595
1751,77.22465,28.57609
1752,77.22726,28.5753
1753,77.22692,28.57545
1754,77.22768,28.57522
1755,77.22805,28.57517
1756,77.22832,28.57514
1757,77.22857,28.57508
1758,77.22886,28.57499
1759,77.22882,28.57501
1760,77.17183,28.57663
1761,77.17179,28.5767
1762,77.17185,28.5766
1763,77.18853,28.56249
1764,77.18849,28.5625
1765,77.29286,28.56179
1766,77.29261,28.56191
1767,77.2958,28.56125
1768,77.2939,28.56161
1769,77.30001,28.55236
1770,77.29975,28.55277
1771,77.30616,28.54734
1772,77.30581,28.54765
1773,77.30677,28.5468
1774,77.3039,28.5493
1775,77.30299,28.55008
1776,77.30258,28.55042
1777,77.29955,28.55307
1778,77.29927,28.5535
1779,77.14064,28.53915
1780,77.14114,28.53887
1781,77.14005,28.53948
1782,77.12849,28.54376
1783,77.12807,28.54487
1784,77.12865,28.54329
1785,77.12882,28.54284
1786,77.27847,28.5326
1787,77.27837,28.53255
1788,77.27831,28.53252
1789,77.27815,28.53242
1790,77.22416,28.64643
1791,77.2239,28.64638
1792,77.22446,28.64667
1793,77.22797,28.64362
1794,77.22791,28.64354
1795,77.22766,28.6435
1796,77.22743,28.64331
1797,77.29115,28.64383
1798,77.29111,28.64387
1799,77.29122,28.64375
1800,77.21805,28.6418
1801,77.21705,28.64164
1802,77.21659,28.64157
1803,77.21623,28.6415
1804,77.2156,28.64142
1805,77.21533,28.64137
1806,77.21479,28.64128
1807,77.21426,28.64118
1808,77.21371,28.64107
1809,77.2136,28.64105
1810,77.21345,28.64106
1811,77.21271,28.64104
1812,77.21192,28.64085
1813,77.21077,28.64068
1814,77.21056,28.64064
1815,77.20988,28.6405
1816,77.20933,28.64043
1817,77.20839,28.6404
1818,77.21664,28.64158
1819,77.29179,28.64319
1820,77.29138,28.64361
1821,77.29196,28.64303
1822,77.29295,28.64203
1823,77.29311,28.64187
1824,77.29371,28.64128
1825,77.29393,28.64106
1826,77.27293,28.63981
1827,77.27246,28.63982
1828,77.27155,28.63986
1829,77.27142,28.63986
1830,77.27064,28.63969
1831,77.27211,28.63984
1832,77.26999,28.63964
1833,77.26984,28.63962
1834,77.27722,28.63985
1835,77.27699,28.63984
1836,77.27675,28.63982
1837,77.27316,28.63981
1838,77.27406,28.6398
1839,77.27386,28.63979
1840,77.2752,28.63977
1841,77.27473,28.63978
1842,77.27569,28.63976
1843,77.27429,28.63979
1844,77.27363,28.63979
1845,77.2734,28.6398
1846,77.27792,28.63983
1847,77.27767,28.63984
1848,77.27742,28.63985
1849,77.27844,28.63981
1850,77.27818,28.63982
1851,77.27918,28.63981
1852,77.27867,28.6398
1853,77.20544,28.63389
1854,77.20548,28.63391
1855,77.2054,28.63386
1856,77.20619,28.63367
1857,77.20586,28.63365
1858,77.20693,28.63364
1859,77.20711,28.63363
1860,77.20726,28.63362
1861,77.20788,28.63358
1862,77.20775,28.63358
1863,77.20804,28.63357
1864,77.20819,28.63356
1865,77.20992,28.63346
1866,77.20909,28.6335
1867,77.21277,28.63326
1868,77.20744,28.6336
1869,77.27326,28.63421
1870,77.27313,28.63421
1871,77.27298,28.63421
1872,77.27113,28.63423
1873,77.27037,28.63422
1874,77.27426,28.63422
1875,77.27403,28.63422
1876,77.27594,28.63418
1877,77.27488,28.6342
1878,77.27354,28.63421
1879,77.2734,28.63421
1880,77.27654,28.63415
1881,77.27745,28.63411
1882,77.27698,28.63413
1883,77.20855,28.63345
1884,77.22812,28.5324
1885,77.22815,28.53229
1886,77.20063,28.53151
1887,77.20059,28.53158
1888,77.21813,28.54048
1889,77.21819,28.54044
1890,77.29874,28.64423
1891,77.29882,28.64429
1892,77.30121,28.59311
1893,77.30127,28.59306
1894,77.30466,28.60757
1895,77.3011,28.6065
1896,77.30112,28.60647
1897,77.30109,28.60654
1898,77.3019,28.60675
1899,77.30192,28.60671
1900,77.30188,28.6068
1901,77.3024,28.60691
1902,77.30241,28.60687
1903,77.30239,28.60695
1904,77.30371,28.60728
1905,77.30368,28.60735
1906,77.30373,28.60724
1907,77.27242,28.48824
1908,77.27236,28.48826
1909,77.27273,28.48807
1910,77.33072,28.62645
1911,77.33128,28.62601
1912,77.31799,28.62366
1913,77.30997,28.60621
1914,77.31004,28.60624
1915,77.31019,28.60564
1916,77.31032,28.6053
1917,77.31046,28.60496
1918,77.31058,28.60464
1919,77.31011,28.60626
1920,77.31066,28.60446
1921,77.31104,28.61265
1922,77.31112,28.61266
1923,77.31267,28.60291
1924,77.31342,28.60379
1925,77.28898,28.6148
1926,77.30289,28.61292
1927,77.30288,28.61285
1928,77.30759,28.61249
1929,77.30755,28.61262
1930,77.28282,28.48924
1931,77.28297,28.48919
1932,77.28358,28.48903
1933,77.28373,28.48901
1934,77.30295,28.58908
1935,77.30198,28.58913
1936,77.27127,28.63115
1937,77.27118,28.63135
1938,77.27146,28.62809
1939,77.2714,28.62826
1940,77.27016,28.62716
1941,77.26928,28.62808
1942,77.27199,28.62755
1943,77.27285,28.62696
1944,77.27187,28.62746
1945,77.28609,28.6333
1946,77.286,28.6333
1947,77.27926,28.64314
1948,77.27861,28.64309
1949,77.29841,28.62295
1950,77.29845,28.62287
1951,77.29909,28.63082
1952,77.29915,28.6309
1953,77.30151,28.63442
1954,77.30154,28.63433
1955,77.30203,28.63459
1956,77.30206,28.6345
1957,77.29091,28.64373
1958,77.29805,28.64416
1959,77.29805,28.64406
1960,77.29116,28.62039
1961,77.29113,28.62048
1962,77.29058,28.62016
1963,77.29052,28.62027
1964,77.29284,28.62095
1965,77.29281,28.62104
1966,77.28531,28.62295
1967,77.28539,28.62293
1968,77.31423,28.63644
1969,77.31424,28.63636
1970,77.27925,28.64279
1971,77.26866,28.64532
1972,77.26861,28.64586
1973,77.14287,28.53783
1974,77.14319,28.53765
1975,77.14244,28.5381
1976,77.17226,28.57578
1977,77.17236,28.57583
1978,77.20141,28.54474
1979,77.20144,28.54482
1980,77.27129,28.62874
1981,77.27126,28.62907
1982,77.27346,28.62799
1983,77.27308,28.62808
1984,77.22073,28.5306
1985,77.22075,28.53051
1986,77.21648,28.63239
1987,77.21642,28.63298
1988,77.23552,28.51838
1989,77.23552,28.51844
1990,77.19508,28.55885
1991,77.19509,28.55892
1992,77.19295,28.55921
1993,77.19297,28.55927
1994,77.20082,28.56267
1995,77.20074,28.56266
1996,77.23173,28.62172
1997,77.23165,28.62169
1998,77.23168,28.62092
1999,77.2316,28.62092
2000,77.23807,28.62037
2001,77.23811,28.62045
2002,77.27513,28.56097
2003,77.27513,28.56104
2004,77.16811,28.59527
2005,77.16802,28.59511
2006,77.16194,28.56102
2007,77.16188,28.56072
2008,77.16198,28.56216
2009,77.16192,28.56254
2010,77.16172,28.56319
2011,77.16152,28.56364
2012,77.16131,28.56401
2013,77.16037,28.5653
2014,77.16078,28.56473
2015,77.16016,28.5656
2016,77.15955,28.56645
2017,77.15934,28.56673
2018,77.1583,28.5668
2019,77.15871,28.56703
2020,77.15798,28.56662
2021,77.22858,28.64336
2022,77.22855,28.64331
2023,77.20633,28.52289
2024,77.25026,28.52985
2025,77.25014,28.52987
2026,77.22309,28.60236
2027,77.22328,28.60257
2028,77.21437,28.60535
2029,77.21514,28.6057
2030,77.21602,28.60609
2031,77.21693,28.6065
2032,77.24788,28.55534
2033,77.16973,28.55813
2034,77.16966,28.5582
2035,77.16686,28.52375
2036,77.16691,28.52382
2037,77.16839,28.52324
2038,77.16852,28.52324
2039,77.21531,28.52792
2040,77.2152,28.52786
2041,77.21559,28.52704
2042,77.21546,28.52702
2043,77.19885,28.57976
2044,77.19914,28.57293
2045,77.21578,28.52597
2046,77.21595,28.52591
2047,77.2379,28.51736
2048,77.23968,28.51901
2049,77.23963,28.51903
2050,77.20573,28.52532
2051,77.20557,28.52604
2052,77.20609,28.52485
2053,77.16882,28.55199
2054,77.16885,28.55204
2055,77.24649,28.64625
2056,77.24666,28.64523
2057,77.24687,28.64524
2058,77.20571,28.52055
2059,77.20577,28.52078
2060,77.20563,28.5202
2061,77.20658,28.52407
2062,77.20575,28.52674
2063,77.20584,28.5271
2064,77.20563,28.5263
2065,77.25254,28.63162
2066,77.25241,28.63164
2067,77.22861,28.63154
2068,77.22854,28.63158
2069,77.19839,28.56969
2070,77.19831,28.56956
2071,77.25405,28.56198
2072,77.25405,28.56186
2073,77.23513,28.55945
2074,77.2351,28.55936
2075,77.23796,28.51732
2076,77.23816,28.51753
2077,77.23963,28.51895
2078,77.23979,28.51912
2079,77.23995,28.51926
2080,77.24003,28.51933
2081,77.2388,28.51813
2082,77.23873,28.51806
2083,77.23893,28.51826
2084,77.23905,28.51837
2085,77.23917,28.51849
2086,77.2393,28.51862
2087,77.23943,28.51873
2088,77.23952,28.51884
2089,77.23821,28.51758
2090,77.23835,28.51771
2091,77.23844,28.51779
2092,77.23853,28.51788
2093,77.23866,28.518
2094,77.22094,28.58039
2095,77.16181,28.56429
2096,77.16212,28.56446
2097,77.16301,28.56496
2098,77.16332,28.56514
2099,77.16364,28.56532
2100,77.16411,28.56558
2101,77.16493,28.56604
2102,77.16524,28.56622
2103,77.16577,28.56651
2104,77.15569,28.56396
2105,77.15586,28.56453
2106,77.15631,28.56528
2107,77.1571,28.56609
2108,77.15984,28.56767
2109,77.1595,28.56748
2110,77.1604,28.56799
2111,77.16134,28.56853
2112,77.16198,28.56888
2113,77.16264,28.56926
2114,77.16295,28.56943
2115,77.25431,28.5246
2116,77.25394,28.52496
2117,77.2539,28.52499
2118,77.25328,28.5256
2119,77.25333,28.52555
2120,77.25312,28.52576
2121,77.25343,28.52546
2122,77.25271,28.52617
2123,77.1234,28.56367
2124,77.12326,28.56355
2125,77.25287,28.526
2126,77.18431,28.55021
2127,77.18389,28.55054
2128,77.18384,28.55049
2129,77.18376,28.55054
2130,77.18381,28.55059
2131,77.18244,28.55171
2132,77.18239,28.55164
2133,77.18448,28.55043
2134,77.18387,28.55068
2135,77.22575,28.52797
2136,77.2994,28.50852
2137,77.29887,28.50974
2138,77.30024,28.50335
2139,77.29987,28.50353
2140,77.2994,28.49997
2141,77.29954,28.50208
2142,77.28594,28.63396
2143,77.28604,28.63397
2144,77.2697,28.63961
2145,77.2695,28.63959
2146,77.27022,28.63422
2147,77.27016,28.63422
2148,77.30479,28.48652
2149,77.30476,28.48633
2150,77.30101,28.49973
2151,77.30011,28.49949
2152,77.29958,28.49951
2153,77.29975,28.49963
2154,77.29995,28.49937
2155,77.30005,28.4993
2156,77.29993,28.49905
2157,77.30103,28.49865
2158,77.30067,28.49887
2159,77.29996,28.49888
2160,77.30125,28.49834
2161,77.30273,28.49746
2162,77.30361,28.49747
2163,77.30277,28.49631
2164,77.30259,28.49623
2165,77.26178,28.51096
2166,77.22729,28.56914
2167,77.22692,28.56929
2168,77.23104,28.56813
2169,77.19915,28.57268
2170,77.17628,28.58118
2171,77.19901,28.57595
2172,77.199,28.57622
2173,77.19899,28.57652
2174,77.19898,28.57679
2175,77.19897,28.57701
2176,77.19896,28.57722
2177,77.19895,28.57749
2178,77.19894,28.57779
2179,77.19893,28.57807
2180,77.19892,28.57833
2181,77.19891,28.57856
2182,77.22479,28.57674
2183,77.22295,28.57754
2184,77.24018,28.51946
2185,77.24031,28.5196
2186,77.22266,28.57756
2187,77.22232,28.57758
2188,77.22144,28.5774
2189,77.14208,28.53832
2190,77.11928,28.5489
2191,77.11914,28.54862
2192,77.32002,28.63818
2193,77.31983,28.63831
2194,77.32051,28.63768
2195,77.32098,28.63726
2196,77.31129,28.63068
2197,77.12531,28.54744
2198,77.12502,28.54742
2199,77.12563,28.54794
2200,77.12565,28.54833
2201,77.12583,28.54784
2202,77.12429,28.54695
2203,77.12436,28.54692
2204,77.12424,28.54697
2205,77.31392,28.50917
2206,77.31334,28.51096
2207,77.13843,28.5734
2208,77.13921,28.57382
2209,77.13664,28.57227
2210,77.12776,28.55543
2211,77.12792,28.55599
2212,77.13064,28.5678
2213,77.12959,28.56738
2214,77.12739,28.56764
2215,77.12862,28.56753
2216,77.12794,28.56655
2217,77.12788,28.56682
2218,77.12793,28.56626
2219,77.12708,28.56405
2220,77.12727,28.56455
2221,77.16128,28.56032
2222,77.14263,28.53484
2223,77.14268,28.5348
2224,77.12926,28.54183
2225,77.17318,28.55782
2226,77.17351,28.55757
2227,77.29961,28.5023
2228,77.29968,28.49931
2229,77.29967,28.50247
2230,77.30013,28.5039
2231,77.31423,28.63652
2232,77.31541,28.63937
2233,77.31511,28.63526
2234,77.31557,28.64
2235,77.30122,28.49779
2236,77.30109,28.49788
2237,77.30362,28.49281
2238,77.30366,28.4926
2239,77.30356,28.49308
2240,77.30422,28.49026
2241,77.30415,28.49056
2242,77.30395,28.49052
2243,77.25808,28.64178
2244,77.25793,28.64052
2245,77.12872,28.56741
2246,77.12854,28.5673
2247,77.31896,28.63893
2248,77.31893,28.63889
2249,77.12781,28.56705
2250,77.12755,28.56689
2251,77.26254,28.58277
2252,77.26286,28.58301
2253,77.17432,28.55705
2254,77.1345,28.56769
2255,77.1344,28.56705
2256,77.24416,28.55989
2257,77.24418,28.55982
2258,77.22067,28.59984
2259,77.22117,28.60036
2260,77.2083,28.60265
2261,77.20797,28.6025
2262,77.20595,28.60151
2263,77.20541,28.60126
2264,77.2099,28.60333
2265,77.20937,28.60312
2266,77.21079,28.60373
2267,77.21015,28.60345
2268,77.21116,28.60386
2269,77.21002,28.60339
2270,77.23436,28.62759
2271,77.23183,28.6296
2272,77.23185,28.62964
2273,77.22812,28.60282
2274,77.22804,28.60285
2275,77.22623,28.60372
2276,77.22556,28.60405
2277,77.22673,28.60348
2278,77.22688,28.60342
2279,77.2275,28.60312
2280,77.22767,28.60303
2281,77.22818,28.60279
2282,77.22024,28.57654
2283,77.2202,28.5766
2284,77.25526,28.57627
2285,77.25535,28.57632
2286,77.25542,28.57637
2287,77.22649,28.62874
2288,77.22659,28.62888
2289,77.21202,28.59454
2290,77.21184,28.59535
2291,77.21218,28.59398
2292,77.21252,28.59278
2293,77.21241,28.59318
2294,77.21227,28.59367
2295,77.25461,28.57973
2296,77.2545,28.57973
2297,77.25302,28.58014
2298,77.25306,28.58011
2299,77.2531,28.58007
2300,77.11881,28.54339
2301,77.11855,28.54306
2302,77.21847,28.61332
2303,77.21848,28.61338
2304,77.20378,28.60856
2305,77.20335,28.6088
2306,77.20414,28.60836
2307,77.20518,28.60387
2308,77.20521,28.60438
2309,77.20524,28.60496
2310,77.20536,28.60645
2311,77.17168,28.58557
2312,77.2993,28.59537
2313,77.2992,28.59535
2314,77.22354,28.59283
2315,77.22352,28.59308
2316,77.16672,28.58027
2317,77.16631,28.58057
2318,77.16721,28.5801
2319,77.22592,28.56795
2320,77.22574,28.5679
2321,77.20363,28.62867
2322,77.20368,28.62864
2323,77.20085,28.63027
2324,77.21879,28.61835
2325,77.21876,28.61802
2326,77.22315,28.60997
2327,77.23606,28.62164
2328,77.23563,28.62207
2329,77.23644,28.62127
2330,77.19979,28.61912
2331,77.20283,28.6091
2332,77.1998,28.61084
2333,77.19962,28.61086
2334,77.19928,28.60957
2335,77.19919,28.60829
2336,77.19929,28.60976
2337,77.18898,28.53944
2338,77.18894,28.53938
2339,77.15382,28.53106
2340,77.15375,28.53101
2341,77.23307,28.594
2342,77.233,28.59395
2343,77.26651,28.60275
2344,77.26661,28.6028
2345,77.31714,28.61743
2346,77.20032,28.61055
2347,77.16006,28.57541
2348,77.16001,28.57548
2349,77.22984,28.55322
2350,77.22987,28.55332
2351,77.23969,28.55853
2352,77.23975,28.55847
2353,77.18195,28.55171
2354,77.18188,28.55174
2355,77.18218,28.55155
2356,77.18194,28.55127
2357,77.20249,28.57991
2358,77.20251,28.57984
2359,77.31424,28.63709
2360,77.098,28.52084
2361,77.09758,28.52103
2362,77.24503,28.61133
2363,77.24325,28.6122
2364,77.30436,28.49086
2365,77.3042,28.49153
2366,77.30461,28.49032
2367,77.30431,28.48989
2368,77.30436,28.48958
2369,77.30249,28.49623
2370,77.30234,28.49645
2371,77.30243,28.49667
2372,77.30131,28.49817
2373,77.29948,28.49945
2374,77.3002,28.5027
2375,77.29986,28.50269
2376,77.30505,28.48739
2377,77.30428,28.49001
2378,77.12946,28.55115
2379,77.12994,28.55152
2380,77.24066,28.59704
2381,77.24054,28.59725
2382,77.32141,28.62835
2383,77.31997,28.62789
2384,77.14483,28.57543
2385,77.14308,28.57499
2386,77.29814,28.60214
2387,77.29741,28.60337
2388,77.29749,28.60342
2389,77.29695,28.58862
2390,77.29683,28.58857
2391,77.29705,28.58866
2392,77.2943,28.59276
2393,77.29424,28.59286
2394,77.30886,28.61936
2395,77.31148,28.61258
2396,77.31171,28.61201
2397,77.31281,28.61007
2398,77.31249,28.60998
2399,77.31324,28.60801
2400,77.3133,28.60786
2401,77.31318,28.60818
2402,77.31311,28.60836
2403,77.31303,28.60854
2404,77.31297,28.60869
2405,77.31291,28.60884
2406,77.31285,28.60902
2407,77.31279,28.60917
2408,77.31272,28.60936
2409,77.31216,28.61082
2410,77.31223,28.61064
2411,77.31209,28.61101
2412,77.31178,28.61181
2413,77.31241,28.61019
2414,77.31234,28.61034
2415,77.31228,28.61051
2416,77.31201,28.61122
2417,77.1168,28.54404
2418,77.11689,28.54404
2419,77.11757,28.54375
2420,77.11847,28.54398
2421,77.11434,28.54432
2422,77.1141,28.54439
2423,77.11457,28.54426
2424,77.12302,28.5461
2425,77.12416,28.54691
2426,77.30438,28.48946
2427,77.30452,28.48819
2428,77.29986,28.50792
2429,77.29966,28.50785
2430,77.29995,28.50794
2431,77.30045,28.50108
2432,77.29996,28.50715
2433,77.30064,28.62727
2434,77.30075,28.6273
2435,77.29678,28.58867
2436,77.2951,28.59152
2437,77.29728,28.58825
2438,77.29737,28.58829
2439,77.29717,28.58821
2440,77.29707,28.58815
2441,77.31415,28.50853
2442,77.31408,28.50872
2443,77.31448,28.50749
2444,77.31399,28.50895
2445,77.21037,28.57634
2446,77.21029,28.57635
2447,77.21056,28.57633
2448,77.1825,28.55134
2449,77.18227,28.55149
2450,77.12262,28.54586
2451,77.27698,28.56079
2452,77.27703,28.56065
2453,77.27342,28.55918
2454,77.27368,28.55913
2455,77.27074,28.5576
2456,77.2706,28.55782
2457,77.27097,28.55724
2458,77.10142,28.5261
2459,77.1012,28.52561
2460,77.11848,28.54296
2461,77.11755,28.542
2462,77.11731,28.5413
2463,77.11524,28.5438
2464,77.2629,28.54965
2465,77.26322,28.54998
2466,77.11932,28.54392
2467,77.12152,28.54514
2468,77.26562,28.5549
2469,77.26541,28.55523
2470,77.26233,28.54938
2471,77.16455,28.56926
2472,77.16452,28.56936
2473,77.2901,28.60321
2474,77.28998,28.60316
2475,77.27931,28.6319
2476,77.27937,28.63181
2477,77.18501,28.49936
2478,77.18492,28.49927
2479,77.28266,28.61393
2480,77.28241,28.61393
2481,77.29384,28.59352
2482,77.29263,28.59606
2483,77.32201,28.62855
2484,77.32187,28.6285
2485,77.31784,28.62711
2486,77.31771,28.62709
2487,77.31816,28.62736
2488,77.31814,28.62731
2489,77.31785,28.62782
2490,77.31794,28.62779
2491,77.31754,28.62774
2492,77.31764,28.62779
2493,77.31745,28.62764
2494,77.12933,28.55105
2495,77.12911,28.55089
2496,77.30048,28.49901
2497,77.13631,28.57162
2498,77.13448,28.56836
2499,77.13459,28.56851
2500,77.13443,28.56837
2501,77.25822,28.59031
2502,77.25809,28.59033
2503,77.25829,28.59039
2504,77.25154,28.56601
2505,77.25164,28.566
2506,77.1197,28.54453
2507,77.26432,28.58285
2508,77.26444,28.58281
2509,77.29978,28.49967
2510,77.29991,28.50012
2511,77.3005,28.50104
2512,77.30144,28.49984
2513,77.24725,28.63562
2514,77.24747,28.63549
2515,77.31677,28.62936
2516,77.31633,28.63082
2517,77.30397,28.48981
2518,77.30317,28.49322
2519,77.30805,28.51481
2520,77.30905,28.51404
2521,77.30889,28.51416
2522,77.3107,28.51182
2523,77.31059,28.51202
2524,77.31094,28.51148
2525,77.24721,28.64214
2526,77.24181,28.64113
2527,77.24177,28.64108
2528,77.31811,28.62765
2529,77.31813,28.62761
2530,77.31613,28.62672
2531,77.31503,28.62635
2532,77.30892,28.61922
2533,77.30935,28.61808
2534,77.31427,28.61049
2535,77.316,28.61105
2536,77.264,28.58301
2537,77.26392,28.58297
2538,77.26405,28.58304
2539,77.25595,28.58895
2540,77.25573,28.58892
2541,77.29714,28.58799
2542,77.29873,28.5859
2543,77.22038,28.57665
2544,77.29438,28.6326
2545,77.27751,28.64306
2546,77.27751,28.64312
2547,77.27776,28.64312
2548,77.27727,28.64312
2549,77.27238,28.64273
2550,77.27358,28.64284
2551,77.28144,28.64343
2552,77.28142,28.64347
2553,77.28764,28.6436
2554,77.28551,28.64346
2555,77.29776,28.61029
2556,77.20021,28.55815
2557,77.20023,28.55818
2558,77.18842,28.54866
2559,77.18501,28.54992
2560,77.21025,28.5415
2561,77.21302,28.53965
2562,77.21319,28.53931
2563,77.30504,28.52918
2564,77.312,28.51494
2565,77.31112,28.51777
2566,77.30906,28.52128
2567,77.30691,28.52418
2568,77.31097,28.51145
2569,77.31412,28.51156
2570,77.3142,28.51117
2571,77.31457,28.51169
2572,77.28747,28.49501
2573,77.28743,28.49491
2574,77.28749,28.49505
2575,77.30285,28.49602
2576,77.30316,28.49477
2577,77.30283,28.49609
2578,77.30244,28.49707
2579,77.30248,28.49685
2580,77.30209,28.49732
2581,77.31021,28.4969
2582,77.13978,28.57386
2583,77.14145,28.57452
2584,77.29583,28.5612
2585,77.29625,28.55883
2586,77.30653,28.5399
2587,77.31166,28.54534
2588,77.31232,28.5459
2589,77.23542,28.64101
2590,77.29007,28.64491
2591,77.28935,28.6456
2592,77.29022,28.64477
2593,77.1926,28.53024
2594,77.18968,28.52102
2595,77.18951,28.52103
2596,77.2207,28.53071
2597,77.25524,28.55777
2598,77.2553,28.55773
2599,77.20702,28.63708
2600,77.20693,28.63713
2601,77.26937,28.49074
2602,77.26757,28.4941
2603,77.26681,28.4974
2604,77.26675,28.49747
2605,77.21639,28.61877
2606,77.21373,28.61759
2607,77.21688,28.61898
2608,77.21806,28.61951
2609,77.20832,28.64042
2610,77.2097,28.64573
2611,77.20959,28.64575
2612,77.21049,28.62468
2613,77.21039,28.62474
2614,77.21066,28.62459
2615,77.2571,28.58927
2616,77.25724,28.58933
2617,77.2551,28.58727
2618,77.25509,28.58768
2619,77.25504,28.58873
2620,77.20848,28.59373
2621,77.20915,28.59227
2622,77.20781,28.59518
2623,77.20587,28.59934
2624,77.20603,28.59896
2625,77.20537,28.60042
2626,77.20651,28.59796
2627,77.20666,28.59762
2628,77.20648,28.59803
2629,77.30338,28.60061
2630,77.30343,28.60046
2631,77.30357,28.60011
2632,77.3035,28.60028
2633,77.30363,28.59996
2634,77.30369,28.59979
2635,77.30376,28.59962
2636,77.30384,28.59944
2637,77.30389,28.59927
2638,77.30396,28.5991
2639,77.30403,28.59893
2640,77.30408,28.59878
2641,77.30416,28.59859
2642,77.30433,28.59814
2643,77.30443,28.59788
2644,77.30345,28.6004
2645,77.297,28.58876
2646,77.2971,28.58879
2647,77.29912,28.60012
2648,77.29706,28.60429
2649,77.29712,28.60417
2650,77.31982,28.60383
2651,77.31961,28.6036
2652,77.32205,28.60229
2653,77.32153,28.60265
2654,77.31315,28.60253
2655,77.32224,28.60209
2656,77.32267,28.60149
2657,77.32272,28.60133
2658,77.32119,28.5991
2659,77.32047,28.59861
2660,77.1874,28.60611
2661,77.18747,28.60605
2662,77.28617,28.62687
2663,77.22845,28.63164
2664,77.22696,28.62943
2665,77.22687,28.62931
2666,77.22672,28.62907
2667,77.21611,28.5746
2668,77.21534,28.5741
2669,77.21662,28.57493
2670,77.21762,28.57558
2671,77.22025,28.58575
2672,77.22034,28.58502
2673,77.22045,28.58423
2674,77.22054,28.58344
2675,77.22067,28.58264
2676,77.22503,28.57982
2677,77.22497,28.57982
2678,77.22231,28.5791
2679,77.22227,28.57907
2680,77.22237,28.57917
2681,77.21807,28.5946
2682,77.21826,28.59481
2683,77.21763,28.59415
2684,77.21691,28.59341
2685,77.21558,28.59201
2686,77.21613,28.59259
2687,77.22004,28.59665
2688,77.21541,28.59183
2689,77.29769,28.62914
2690,77.29818,28.62878
2691,77.29825,28.62873
2692,77.29882,28.62835
2693,77.29921,28.6281
2694,77.29937,28.62802
2695,77.29949,28.62796
2696,77.29969,28.62787
2697,77.29899,28.62824
2698,77.29722,28.62953
2699,77.29742,28.62937
2700,77.2971,28.62966
2701,77.2891,28.61472
2702,77.28902,28.61476
2703,77.32889,28.61293
2704,77.32878,28.61273
2705,77.32867,28.61255
2706,77.32832,28.61193
2707,77.32845,28.61215
2708,77.32817,28.61166
2709,77.32807,28.61148
2710,77.32797,28.6113
2711,77.17595,28.57862
2712,77.17608,28.57868
2713,77.16846,28.58591
2714,77.16782,28.58588
2715,77.16749,28.58578
2716,77.1692,28.58564
2717,77.16962,28.58533
2718,77.16989,28.58513
2719,77.16995,28.5851
2720,77.16696,28.58545
2721,77.22366,28.6452
2722,77.22355,28.64518
2723,77.22814,28.60274
2724,77.22895,28.60241
2725,77.2288,28.60249
2726,77.21848,28.61343
2727,77.307,28.61178
2728,77.30711,28.61181
2729,77.3061,28.6115
2730,77.30539,28.61129
2731,77.3053,28.61126
2732,77.30451,28.61044
2733,77.30445,28.61061
2734,77.3047,28.60992
2735,77.30501,28.60909
2736,77.30507,28.60892
2737,77.30515,28.60873
2738,77.30527,28.60842
2739,77.30779,28.61202
2740,77.30784,28.61204
2741,77.30775,28.61201
2742,77.30435,28.6109
2743,77.23316,28.59206
2744,77.23317,28.59197
2745,77.19978,28.62388
2746,77.19907,28.62357
2747,77.22419,28.60103
2748,77.22479,28.60173
2749,77.22387,28.6007
2750,77.22176,28.5985
2751,77.2221,28.59885
2752,77.22172,28.59844
2753,77.22337,28.60018
2754,77.2227,28.59948
2755,77.2239,28.60316
2756,77.22364,28.60323
2757,77.22102,28.59775
2758,77.22127,28.59799
2759,77.22258,28.59936
2760,77.22541,28.60129
2761,77.22513,28.60151
2762,77.22778,28.60216
2763,77.2258,28.60099
2764,77.18816,28.56072
2765,77.18811,28.56074
2766,77.29617,28.61317
2767,77.29614,28.61309
2768,77.30753,28.61267
2769,77.17313,28.57805
2770,77.17344,28.57757
2771,77.27926,28.64322
2772,77.26996,28.64358
2773,77.26909,28.64359
2774,77.12775,28.56715
2775,77.12787,28.56708
2776,77.32,28.61473
2777,77.31548,28.61242
2778,77.31535,28.61274
2779,77.31555,28.61225
2780,77.31562,28.61208
2781,77.31575,28.61174
2782,77.31581,28.61157
2783,77.31588,28.6114
2784,77.31593,28.61125
2785,77.3152,28.61315
2786,77.31516,28.61323
2787,77.31066,28.60467
2788,77.31073,28.60449
2789,77.31055,28.60499
2790,77.31042,28.60533
2791,77.3103,28.60567
2792,77.1673,28.56098
2793,77.16635,28.5607
2794,77.16571,28.56058
2795,77.16317,28.56012
2796,77.16388,28.56024
2797,77.16286,28.56014
2798,77.27707,28.56103
2799,77.27704,28.56096
2800,77.30558,28.63545
2801,77.30551,28.63548
2802,77.3046,28.63484
2803,77.30463,28.63478
2804,77.30145,28.63114
2805,77.30179,28.63125
2806,77.29956,28.6305
2807,77.30031,28.63075
2808,77.29948,28.63046
2809,77.30597,28.63613
2810,77.23031,28.55323
2811,77.23031,28.55314
2812,77.25265,28.55619
2813,77.25262,28.55625
2814,77.25762,28.53658
2815,77.24051,28.52103
2816,77.24059,28.52089
2817,77.23911,28.52258
2818,77.23954,28.52209
2819,77.23967,28.52193
2820,77.23979,28.52181
2821,77.23993,28.52166
2822,77.24004,28.52154
2823,77.24027,28.5213
2824,77.24039,28.52117
2825,77.21394,28.53864
2826,77.21716,28.53583
2827,77.218,28.53604
2828,77.21667,28.53574
2829,77.21608,28.53562
2830,77.21541,28.53549
2831,77.24681,28.55206
2832,77.24684,28.55209
2833,77.25523,28.5331
2834,77.25858,28.53044
2835,77.20877,28.54346
2836,77.20876,28.54355
2837,77.30245,28.49662
2838,77.30295,28.49475
2839,77.30266,28.49593
2840,77.30333,28.49325
2841,77.30263,28.49607
2842,77.304,28.49026
2843,77.30341,28.49289
2844,77.27766,28.50492
2845,77.27771,28.50501
2846,77.27131,28.52908
2847,77.27349,28.50665
2848,77.27269,28.50698
2849,77.27177,28.50736
2850,77.26941,28.50789
2851,77.25178,28.51178
2852,77.25179,28.5119
2853,77.19401,28.49815
2854,77.19439,28.49815
2855,77.19444,28.49816
2856,77.19639,28.49822
2857,77.19577,28.49826
2858,77.19667,28.49852
2859,77.19518,28.49861
2860,77.19688,28.49882
2861,77.19678,28.49887
2862,77.19658,28.49898
2863,77.19634,28.49933
2864,77.19668,28.49997
2865,77.19689,28.50036
2866,77.19691,28.50042
2867,77.32887,28.50941
2868,77.32721,28.50966
2869,77.32802,28.50958
2870,77.32638,28.50969
2871,77.32572,28.50973
2872,77.32461,28.50982
2873,77.32437,28.50984
2874,77.32406,28.50987
2875,77.32372,28.50991
2876,77.32323,28.50997
2877,77.32214,28.51022
2878,77.32171,28.51035
2879,77.32081,28.51075
2880,77.31504,28.51182
2881,77.31866,28.51187
2882,77.31754,28.51252
2883,77.31675,28.51229
2884,77.31576,28.51206
2885,77.31535,28.51191
2886,77.18944,28.49853
2887,77.18908,28.49853
2888,77.18979,28.49854
2889,77.19072,28.49855
2890,77.1909,28.49855
2891,77.19118,28.49855
2892,77.19167,28.49857
2893,77.1918,28.49857
2894,77.19216,28.49858
2895,77.19232,28.49858
2896,77.19251,28.49859
2897,77.19286,28.49859
2898,77.19304,28.4986
2899,77.18621,28.49856
2900,77.18505,28.49857
2901,77.18633,28.49856
2902,77.1867,28.49855
2903,77.18717,28.49854
2904,77.18723,28.49854
2905,77.18746,28.49854
2906,77.18773,28.49854
2907,77.18801,28.49853
2908,77.18827,28.49852
2909,77.18845,28.49853
2910,77.18877,28.49853
2911,77.11845,28.5429
2912,77.11839,28.54278
2913,77.11807,28.54205
2914,77.11803,28.54195
2915,77.11823,28.54245
2916,77.09808,28.52177
2917,77.094,28.52484
2918,77.09381,28.52499
2919,77.09234,28.5262
2920,77.09129,28.527
2921,77.11646,28.53837
2922,77.11614,28.53818
2923,77.08862,28.51318
2924,77.08829,28.51338
2925,77.08768,28.51375
2926,77.09288,28.51348
2927,77.09307,28.51392
2928,77.0928,28.51325
2929,77.08393,28.5151
2930,77.08447,28.51568
2931,77.08281,28.51667
2932,77.0825,28.51679
2933,77.24062,28.52073
2934,77.24061,28.52027
2935,77.17488,28.53941
2936,77.17498,28.53935
2937,77.16924,28.52563
2938,77.16935,28.52558
2939,77.28188,28.53427
2940,77.28163,28.53416
2941,77.15426,28.53021
2942,77.15415,28.53038
2943,77.15536,28.52468
2944,77.15542,28.52472
2945,77.13865,28.53742
2946,77.26239,28.54921
2947,77.26247,28.549
2948,77.26252,28.54864
2949,77.13165,28.55309
2950,77.13181,28.55306
2951,77.132,28.55421
2952,77.13162,28.55326
2953,77.13157,28.53969
2954,77.1316,28.53981
2955,77.12421,28.54688
2956,77.1249,28.54741
2957,77.12964,28.55106
2958,77.12944,28.55071
2959,77.12944,28.55091
2960,77.32773,28.60954
2961,77.21849,28.64181
2962,77.27919,28.64026
2963,77.29417,28.64083
2964,77.29423,28.64077
2965,77.29426,28.64074
2966,77.29521,28.644
2967,77.23991,28.64113
2968,77.22475,28.64525
2969,77.22452,28.64528
2970,77.22502,28.64513
2971,77.22363,28.64629
2972,77.22354,28.64626
2973,77.2096,28.64584
2974,77.20972,28.6462
2975,77.20137,28.54466
2976,77.22823,28.55399
2977,77.228,28.55403
2978,77.2469,28.55218
2979,77.24697,28.55227
2980,77.16891,28.55751
2981,77.16899,28.55744
2982,77.18392,28.55075
2983,77.25671,28.56136
2984,77.25679,28.56136
2985,77.12273,28.56411
2986,77.12253,28.56514
2987,77.12249,28.56537
2988,77.12247,28.56548
2989,77.12636,28.56201
2990,77.12641,28.56238
2991,77.12642,28.56242
2992,77.12656,28.56236
2993,77.13324,28.56744
2994,77.13255,28.56759
2995,77.18916,28.56635
2996,77.1348,28.57044
2997,77.13484,28.57042
2998,77.13455,28.57034
2999,77.13425,28.57029
3000,77.13422,28.56649
3001,77.13418,28.56598
3002,77.13411,28.56506
3003,77.13393,28.56213
3004,77.13584,28.57142
3005,77.16202,28.5723
3006,77.16209,28.5722
3007,77.16219,28.57205
3008,77.16224,28.57198
3009,77.18078,28.57145
3010,77.18027,28.57091
3011,77.18085,28.57154
3012,77.17902,28.57049
3013,77.17869,28.5703
3014,77.14287,28.57508
3015,77.14221,28.57465
3016,77.14325,28.57541
3017,77.13836,28.57295
3018,77.13812,28.57281
3019,77.14199,28.57454
3020,77.14156,28.57438
3021,77.14152,28.57437
3022,77.14339,28.57556
3023,77.16436,28.58328
3024,77.16443,28.58321
3025,77.16176,28.57673
3026,77.16183,28.57668
3027,77.27131,28.63129
3028,77.27153,28.63123
3029,77.27518,28.60638
3030,77.27402,28.60584
3031,77.27582,28.60667
3032,77.27668,28.6071
3033,77.26896,28.64359
3034,77.13983,28.53944
3035,77.13979,28.53954
3036,77.29955,28.62143
3037,77.29966,28.62146
3038,77.2998,28.62151
3039,77.27443,28.6284
3040,77.27438,28.62832
3041,77.20958,28.59148
3042,77.21004,28.59146
3043,77.21073,28.59149
3044,77.21157,28.59153
3045,77.16569,28.57432
3046,77.16763,28.57993
3047,77.19489,28.53172
3048,77.19475,28.5318
3049,77.17223,28.5846
3050,77.17242,28.58469
3051,77.16656,28.52393
3052,77.16661,28.524
3053,77.22241,28.57919
3054,77.22247,28.57925
3055,77.22314,28.5796
3056,77.21595,28.53871
3057,77.27725,28.64306
3058,77.27623,28.64296
3059,77.2757,28.64289
3060,77.27358,28.64277
3061,77.27239,28.64266
3062,77.16357,28.52049
3063,77.16353,28.52055
3064,77.19497,28.5318
3065,77.19515,28.53171
3066,77.2719,28.48831
3067,77.27107,28.48846
3068,77.27197,28.48831
3069,77.09072,28.52739
3070,77.23742,28.52436
3071,77.23748,28.5244
3072,77.21546,28.53833
3073,77.31809,28.63947
3074,77.31816,28.63957
3075,77.31851,28.63917
3076,77.31858,28.63927
3077,77.24678,28.55203
3078,77.2458,28.551
3079,77.27004,28.55201
3080,77.26989,28.552
3081,77.26776,28.5544
3082,77.26788,28.5543
3083,77.26795,28.55454
3084,77.2678,28.55424
3085,77.26772,28.55434
3086,77.26786,28.55425
3087,77.16238,28.51976
3088,77.31662,28.62727
3089,77.31677,28.62732
3090,77.08901,28.51294
3091,77.09031,28.51206
3092,77.18425,28.55055
3093,77.184,28.5507
3094,77.3042,28.4907
3095,77.3043,28.49027
3096,77.3043,28.48837
3097,77.30418,28.48944
3098,77.27689,28.62968
3099,77.27674,28.6297
3100,77.21089,28.63783
3101,77.21219,28.63705
3102,77.24051,28.59498
3103,77.24012,28.59285
3104,77.24047,28.59539
3105,77.2273,28.63228
3106,77.23003,28.63359
3107,77.22998,28.63352
3108,77.28989,28.60312
3109,77.31342,28.60763
3110,77.31347,28.60749
3111,77.31352,28.60739
3112,77.31355,28.60731
3113,77.29453,28.58326
3114,77.30122,28.59302
3115,77.29907,28.59043
3116,77.30816,28.61097
3117,77.30199,28.58923
3118,77.30295,28.58915
3119,77.30186,28.58922
3120,77.29918,28.59998
3121,77.29956,28.59904
3122,77.33041,28.60277
3123,77.27625,28.64304
3124,77.29508,28.63997
3125,77.29502,28.63991
3126,77.31687,28.62697
3127,77.31677,28.62693
3128,77.279,28.63242
3129,77.2871,28.49415
3130,77.31825,28.51216
3131,77.32628,28.50174
3132,77.32639,28.50163
3133,77.32602,28.50197
3134,77.32536,28.50259
3135,77.32521,28.50273
3136,77.32502,28.50292
3137,77.32499,28.50027
3138,77.32505,28.50027
3139,77.31881,28.50035
3140,77.32117,28.50032
3141,77.32343,28.50029
3142,77.32318,28.50029
3143,77.32145,28.50031
3144,77.20389,28.63888
3145,77.20385,28.63891
3146,77.32721,28.50544
3147,77.32721,28.50535
3148,77.3272,28.505
3149,77.30892,28.48724
3150,77.30979,28.49425
3151,77.18498,28.54993
3152,77.28953,28.6147
3153,77.28953,28.61477
3154,77.30941,28.59844
3155,77.30933,28.59853
3156,77.27125,28.63108
3157,77.26678,28.62824
3158,77.27121,28.62911
3159,77.27054,28.62825
3160,77.30409,28.48913
3161,77.30405,28.4894
3162,77.30188,28.58913
3163,77.21199,28.61679
3164,77.21164,28.61666
3165,77.22471,28.61171
3166,77.22461,28.61016
3167,77.22486,28.61405
3168,77.2248,28.61317
3169,77.2121,28.61274
3170,77.21207,28.61224
3171,77.21199,28.61121
3172,77.21201,28.61086
3173,77.21201,28.6116
3174,77.2121,28.61283
3175,77.21216,28.61374
3176,77.214,28.61365
3177,77.2121,28.61375
3178,77.21211,28.61304
3179,77.21211,28.61292
3180,77.21222,28.61467
3181,77.2122,28.61446
3182,77.21222,28.61471
3183,77.20972,28.63853
3184,77.21356,28.63627
3185,77.2265,28.58487
3186,77.22651,28.58479
3187,77.22609,28.58811
3188,77.22615,28.58757
3189,77.22605,28.58835
3190,77.22598,28.58834
3191,77.22693,28.58151
3192,77.227,28.581
3193,77.22689,28.58175
3194,77.22679,28.58244
3195,77.22669,28.58325
3196,77.22671,28.58243
3197,77.22659,28.58405
3198,77.22639,28.58564
3199,77.22631,28.58638
3200,77.17315,28.59044
3201,77.17298,28.59035
3202,77.17327,28.59051
3203,77.17428,28.59107
3204,77.1742,28.59103
3205,77.17487,28.59142
3206,77.17492,28.59145
3207,77.17572,28.59202
3208,77.17625,28.5927
3209,77.17657,28.59324
3210,77.17681,28.5937
3211,77.17684,28.59376
3212,77.17792,28.59569
3213,77.17788,28.59561
3214,77.18169,28.60032
3215,77.18171,28.6004
3216,77.18177,28.60035
3217,77.18573,28.57378
3218,77.18541,28.57355
3219,77.18603,28.57399
3220,77.18353,28.59786
3221,77.18638,28.57423
3222,77.18642,28.57426
3223,77.1836,28.59681
3224,77.1836,28.5964
3225,77.18249,28.59403
3226,77.18274,28.5945
3227,77.18157,28.59225
3228,77.18209,28.59324
3229,77.18114,28.59142
3230,77.19551,28.59935
3231,77.19556,28.59944
3232,77.19601,28.60033
3233,77.19609,28.60039
3234,77.19507,28.59852
3235,77.19429,28.59701
3236,77.1941,28.59664
3237,77.19406,28.59655
3238,77.19378,28.59626
3239,77.19347,28.59543
3240,77.19347,28.5955
3241,77.19355,28.59548
3242,77.18932,28.58746
3243,77.18939,28.5875
3244,77.19007,28.58882
3245,77.19098,28.59059
3246,77.19213,28.59282
3247,77.19281,28.59413
3248,77.19328,28.59504
3249,77.18873,28.58643
3250,77.1889,28.5868
3251,77.1891,28.58672
3252,77.18509,28.58537
3253,77.18515,28.58532
3254,77.18774,28.58564
3255,77.18721,28.58541
3256,77.18336,28.58632
3257,77.18377,28.58594
3258,77.18399,28.58581
3259,77.1828,28.58719
3260,77.18265,28.58884
3261,77.18271,28.58889
3262,77.18319,28.59008
3263,77.1832,28.59001
3264,77.18476,28.59311
3265,77.18384,28.59134
3266,77.18658,28.59666
3267,77.18589,28.59531
3268,77.18568,28.59489
3269,77.18323,28.59015
3270,77.18344,28.59058
3271,77.17944,28.59184
3272,77.17952,28.59179
3273,77.17909,28.59209
3274,77.17868,28.59248
3275,77.17826,28.59286
3276,77.17794,28.59308
3277,77.17783,28.59316
3278,77.17758,28.59332
3279,77.17706,28.59361
3280,77.17704,28.59366
3281,77.18069,28.59121
3282,77.18075,28.59123
3283,77.18465,28.5888
3284,77.18382,28.58914
3285,77.18348,28.58928
3286,77.18311,28.58931
3287,77.18537,28.58851
3288,77.18737,28.5877
3289,77.18716,28.58779
3290,77.18656,28.58802
3291,77.18651,28.58803
3292,77.18843,28.58727
3293,77.18848,28.58722
3294,77.19242,28.58532
3295,77.19238,28.58539
3296,77.19246,28.58539
3297,77.18981,28.58672
3298,77.18971,28.58674
3299,77.19053,28.58639
3300,77.18974,28.58679
3301,77.18256,28.58948
3302,77.18218,28.58979
3303,77.18146,28.59008
3304,77.18119,28.59019
3305,77.20614,28.61105
3306,77.20597,28.61097
3307,77.20874,28.60976
3308,77.20872,28.60941
3309,77.20506,28.61086
3310,77.2044,28.61089
3311,77.20527,28.61085
3312,77.20294,28.61096
3313,77.19946,28.61115
3314,77.22504,28.61702
3315,77.22509,28.61779
3316,77.21415,28.61688
3317,77.2143,28.61688
3318,77.21676,28.61675
3319,77.21547,28.61681
3320,77.22491,28.61524
3321,77.22491,28.6152
3322,77.22493,28.61542
3323,77.17957,28.58273
3324,77.17943,28.58283
3325,77.22706,28.61105
3326,77.22712,28.61095
3327,77.23145,28.61655
3328,77.23127,28.61656
3329,77.1876,28.60595
3330,77.18755,28.60598
3331,77.18816,28.60547
3332,77.18812,28.6055
3333,77.18841,28.60526
3334,77.18864,28.60506
3335,77.18894,28.6048
3336,77.1892,28.60459
3337,77.18966,28.60422
3338,77.18974,28.60415
3339,77.18998,28.60394
3340,77.19006,28.60389
3341,77.19016,28.6038
3342,77.19032,28.60365
3343,77.19065,28.60337
3344,77.19101,28.6031
3345,77.19109,28.60305
3346,77.19106,28.60301
3347,77.19188,28.60269
3348,77.19253,28.60241
3349,77.1925,28.60245
3350,77.19205,28.60263
3351,77.19229,28.60253
3352,77.19816,28.59673
3353,77.19821,28.59668
3354,77.19808,28.59708
3355,77.1981,28.597
3356,77.19805,28.59731
3357,77.19802,28.59784
3358,77.198,28.59795
3359,77.19796,28.59857
3360,77.19797,28.59839
3361,77.19795,28.59869
3362,77.19792,28.59891
3363,77.19404,28.60183
3364,77.19353,28.60183
3365,77.19614,28.60066
3366,77.19547,28.60107
3367,77.19621,28.60062
3368,77.19641,28.6005
3369,77.19675,28.60031
3370,77.1974,28.5999
3371,77.19781,28.59948
3372,77.21562,28.57908
3373,77.21455,28.57929
3374,77.21664,28.57864
3375,77.20102,28.5696
3376,77.20095,28.56965
3377,77.18613,28.63524
3378,77.18886,28.63429
3379,77.1796,28.58287
3380,77.18193,28.6451
3381,77.21983,28.57699
3382,77.21977,28.57707
3383,77.21966,28.57698
3384,77.21967,28.57705
3385,77.21958,28.57692
3386,77.22567,28.56828
3387,77.22554,28.56834
3388,77.21998,28.58768
3389,77.21997,28.58775
3390,77.20873,28.61287
3391,77.20914,28.61287
3392,77.21029,28.5784
3393,77.21024,28.57838
3394,77.22222,28.58608
3395,77.22373,28.58624
3396,77.22422,28.58632
3397,77.22011,28.59673
3398,77.17234,28.58442
3399,77.17253,28.58451
3400,77.16824,28.58327
3401,77.16894,28.58339
3402,77.16863,28.58278
3403,77.16837,28.58276
3404,77.22455,28.58072
3405,77.22441,28.58074
3406,77.22402,28.58069
3407,77.22341,28.58063
3408,77.22294,28.5806
3409,77.21149,28.59635
3410,77.21133,28.59699
3411,77.21264,28.59238
3412,77.22629,28.58648
3413,77.22626,28.58648
3414,77.22622,28.58648
3415,77.22397,28.58816
3416,77.22383,28.58919
3417,77.22399,28.588
3418,77.22384,28.58966
3419,77.22377,28.58966
3420,77.21052,28.59736
3421,77.20813,28.59629
3422,77.21663,28.60009
3423,77.22168,28.60089
3424,77.22127,28.60047
3425,77.22574,28.59991
3426,77.20479,28.63834
3427,77.20465,28.63843
3428,77.21029,28.62012
3429,77.20682,28.63719
3430,77.21058,28.62052
3431,77.21066,28.62062
3432,77.21158,28.62172
3433,77.21143,28.62167
3434,77.21221,28.60435
3435,77.20241,28.62307
3436,77.20445,28.62394
3437,77.21706,28.60656
3438,77.21213,28.60436
3439,77.21191,28.60425
3440,77.21216,28.60428
3441,77.21195,28.60418
3442,77.21728,28.60682
3443,77.20506,28.60191
3444,77.20538,28.60679
3445,77.23069,28.60806
3446,77.23079,28.60805
3447,77.23093,28.60804
3448,77.23071,28.60279
3449,77.23061,28.60288
3450,77.23051,28.60322
3451,77.19911,28.60711
3452,77.21578,28.62096
3453,77.21184,28.62389
3454,77.2113,28.62421
3455,77.20233,28.62305
3456,77.20223,28.62302
3457,77.22685,28.62037
3458,77.22692,28.62025
3459,77.22229,28.62057
3460,77.22209,28.62091
3461,77.22785,28.62004
3462,77.22781,28.61999
3463,77.23122,28.62153
3464,77.23538,28.62232
3465,77.23651,28.62121
3466,77.23276,28.6249
3467,77.23222,28.62539
3468,77.22258,28.62155
3469,77.22139,28.62098
3470,77.23077,28.62518
3471,77.23082,28.62524
3472,77.27477,28.62537
3473,77.27403,28.62564
3474,77.27516,28.62522
3475,77.22332,28.59685
3476,77.22329,28.5969
3477,77.22335,28.59701
3478,77.22352,28.59398
3479,77.22348,28.59397
3480,77.22357,28.59309
3481,77.22364,28.59219
3482,77.22365,28.59085
3483,77.22369,28.59077
3484,77.22362,28.59077
3485,77.22741,28.59983
3486,77.22744,28.59989
3487,77.20663,28.60188
3488,77.20622,28.60171
3489,77.20681,28.60197
3490,77.20734,28.6022
3491,77.2077,28.60237
3492,77.21772,28.60139
3493,77.21679,28.60103
3494,77.31703,28.62702
3495,77.31749,28.62717
3496,77.31743,28.62715
3497,77.21435,28.60247
3498,77.31689,28.62735
3499,77.31728,28.62748
3500,77.31739,28.62752
3501,77.20002,28.62283
3502,77.21845,28.60092
3503,77.31574,28.63361
3504,77.31568,28.63359
3505,77.22693,28.60351
3506,77.22265,28.60281
3507,77.21119,28.59849
3508,77.21117,28.59831
3509,77.21132,28.60066
3510,77.21136,28.60138
3511,77.21116,28.5982
3512,77.21112,28.59782
3513,77.21153,28.6037
3514,77.21152,28.60349
3515,77.21139,28.60184
3516,77.19951,28.61087
3517,77.20475,28.60799
3518,77.20455,28.60811
3519,77.25212,28.56613
3520,77.25219,28.5661
3521,77.23453,28.56606
3522,77.23448,28.56585
3523,77.25191,28.56612
3524,77.22306,28.5975
3525,77.22277,28.59771
3526,77.22272,28.59774
3527,77.22628,28.59919
3528,77.22401,28.59776
3529,77.22424,28.59789
3530,77.2244,28.598
3531,77.22274,28.59708
3532,77.22269,28.59708
3533,77.20472,28.62803
3534,77.19898,28.60508
3535,77.19891,28.63139
3536,77.2965,28.63036
3537,77.22219,28.6362
3538,77.22225,28.63616
3539,77.27372,28.63422
3540,77.21831,28.63575
3541,77.21841,28.63713
3542,77.29142,28.62754
3543,77.2915,28.62756
3544,77.29404,28.62766
3545,77.21451,28.62698
3546,77.21442,28.627
3547,77.21302,28.62643
3548,77.2115,28.62575
3549,77.21142,28.6257
3550,77.27903,28.64564
3551,77.20119,28.56954
3552,77.16554,28.57468
3553,77.16547,28.57512
3554,77.16545,28.57543
3555,77.16559,28.57609
3556,77.16587,28.57673
3557,77.16735,28.57946
3558,77.16716,28.57912
3559,77.16649,28.57797
3560,77.16629,28.57758
3561,77.20397,28.60178
3562,77.29309,28.63657
3563,77.29303,28.63663
3564,77.24746,28.58759
3565,77.24682,28.58862
3566,77.24813,28.58678
3567,77.24803,28.58675
3568,77.24796,28.58683
3569,77.24806,28.58685
3570,77.24765,28.58732
3571,77.25225,28.63088
3572,77.25212,28.63091
3573,77.25494,28.58501
3574,77.255,28.58502
3575,77.25389,28.58444
3576,77.25376,28.58474
3577,77.25493,28.58464
3578,77.25477,28.58445
3579,77.2066,28.55709
3580,77.20664,28.55709
3581,77.20665,28.55734
3582,77.20669,28.55733
3583,77.27914,28.63743
3584,77.17514,28.57208
3585,77.17512,28.57205
3586,77.1744,28.57257
3587,77.17515,28.57211
3588,77.17666,28.57112
3589,77.1756,28.57179
3590,77.17668,28.57115
3591,77.1767,28.57118
3592,77.2934,28.56169
3593,77.29368,28.56165
3594,77.21843,28.59923
3595,77.21868,28.59878
3596,77.21808,28.59982
3597,77.21181,28.59151
3598,77.21175,28.59155
3599,77.22238,28.59799
3600,77.222,28.59827
3601,77.19836,28.62504
3602,77.19902,28.62466
3603,77.25285,28.63855
3604,77.25277,28.63855
3605,77.13386,28.54577
3606,77.1339,28.54552
3607,77.13377,28.54576
3608,77.29453,28.63249
3609,77.29504,28.63203
3610,77.29512,28.63196
3611,77.29528,28.63182
3612,77.29547,28.63163
3613,77.30108,28.62744
3614,77.29753,28.62928
3615,77.29983,28.6278
3616,77.30002,28.62771
3617,77.27071,28.64342
3618,77.24795,28.58672
3619,77.24788,28.5867
3620,77.24817,28.58688
3621,77.24818,28.58679
3622,77.2233,28.60931
3623,77.22434,28.60975
3624,77.22297,28.60916
3625,77.22248,28.60894
3626,77.22034,28.60797
3627,77.21932,28.60754
3628,77.23384,28.51436
3629,77.23377,28.51438
3630,77.19073,28.64278
3631,77.1908,28.64273
3632,77.2258,28.62221
3633,77.22583,28.62215
3634,77.27982,28.61916
3635,77.27958,28.61905
3636,77.28386,28.62101
3637,77.28409,28.62108
3638,77.22426,28.60431
3639,77.2243,28.60398
3640,77.22423,28.60436
3641,77.2241,28.60399
3642,77.22419,28.60431
3643,77.30202,28.62794
3644,77.22428,28.60511
3645,77.22424,28.60463
3646,77.22429,28.60522
3647,77.22443,28.60743
3648,77.22441,28.60682
3649,77.22446,28.60813
3650,77.2245,28.6088
3651,77.22452,28.60911
3652,77.22456,28.60963
3653,77.22043,28.60563
3654,77.21918,28.60637
3655,77.22245,28.60446
3656,77.22182,28.60483
3657,77.22264,28.60435
3658,77.22331,28.60392
3659,77.22327,28.60399
3660,77.21912,28.60641
3661,77.22049,28.6056
3662,77.22177,28.60485
3663,77.21648,28.52199
3664,77.21639,28.52201
3665,77.15881,28.52443
3666,77.21664,28.60782
3667,77.21594,28.60824
3668,77.2248,28.61314
3669,77.22477,28.61267
3670,77.2277,28.61298
3671,77.22041,28.61334
3672,77.30311,28.51649
3673,77.29845,28.51548
3674,77.29803,28.51528
3675,77.29724,28.51502
3676,77.297,28.51496
3677,77.30559,28.51623
3678,77.31014,28.50013
3679,77.3101,28.50014
3680,77.28271,28.48927
3681,77.28234,28.48931
3682,77.25223,28.63054
3683,77.25208,28.63055
3684,77.25214,28.62964
3685,77.252,28.62967
3686,77.24947,28.63901
3687,77.24948,28.63915
3688,77.25286,28.63865
3689,77.25287,28.63868
3690,77.31705,28.62616
3691,77.31682,28.62669
3692,77.33113,28.62597
3693,77.33064,28.62637
3694,77.32153,28.6149
3695,77.21943,28.62014
3696,77.21991,28.62035
3697,77.32714,28.60893
3698,77.32171,28.61108
3699,77.32049,28.60956
3700,77.31891,28.6102
3701,77.32991,28.60337
3702,77.32986,28.60342
3703,77.3283,28.60539
3704,77.32786,28.60601
3705,77.32777,28.60616
3706,77.30914,28.61267
3707,77.24383,28.58706
3708,77.24378,28.58706
3709,77.22008,28.57671
3710,77.23185,28.56592
3711,77.22994,28.56621
3712,77.23231,28.56589
3713,77.2832,28.48912
3714,77.21824,28.61345
3715,77.30913,28.61258
3716,77.30367,28.49748
3717,77.24779,28.58716
3718,77.28983,28.6031
3719,77.25428,28.58438
3720,77.29785,28.55568
3721,77.29698,28.55706
3722,77.25731,28.64214
3723,77.25698,28.64327
3724,77.19645,28.52268
3725,77.19643,28.52244
3726,77.28469,28.62127
3727,77.21544,28.52749
3728,77.21532,28.52748
3729,77.29902,28.59048
3730,77.19644,28.52228
3731,77.21264,28.54066
3732,77.21252,28.54073
3733,77.23422,28.62749
3734,77.23345,28.62691
3735,77.23213,28.62866
3736,77.23204,28.62749
3737,77.23217,28.62931
3738,77.30455,28.60461
3739,77.24096,28.58461
3740,77.24091,28.58455
3741,77.26373,28.57514
3742,77.26379,28.5752
3743,77.30942,28.61794
3744,77.31346,28.61908
3745,77.31307,28.619
3746,77.26861,28.56084
3747,77.26862,28.56093
3748,77.30432,28.48915
3749,77.30439,28.4883
3750,77.3215,28.61485
3751,77.32139,28.61469
3752,77.32126,28.6145
3753,77.29928,28.5903
3754,77.30037,28.58958
3755,77.30044,28.58954
3756,77.30112,28.58917
3757,77.30116,28.58918
3758,77.30098,28.5892
3759,77.30086,28.58925
3760,77.30082,28.58928
3761,77.30008,28.50686
3762,77.30046,28.50534
3763,77.22544,28.56752
3764,77.22565,28.5675
3765,77.32291,28.63493
3766,77.32286,28.63506
3767,77.27412,28.6398
3768,77.30259,28.4972
3769,77.30256,28.49711
3770,77.2184,28.64222
3771,77.22483,28.62388
3772,77.22508,28.62348
3773,77.22435,28.62472
3774,77.22366,28.62592
3775,77.31125,28.60959
3776,77.31322,28.61017
3777,77.23082,28.57409
3778,77.23076,28.57412
3779,77.31196,28.61134
3780,77.31183,28.61169
3781,77.26784,28.55187
3782,77.28092,28.50331
3783,77.28085,28.50335
3784,77.27027,28.63422
3785,77.26977,28.63961
3786,77.25497,28.64566
3787,77.25461,28.64621
3788,77.2559,28.63539
3789,77.25714,28.63881
3790,77.24047,28.64364
3791,77.24032,28.64112
3792,77.24038,28.64112
3793,77.19158,28.64421
3794,77.19474,28.64494
3795,77.19293,28.64472
3796,77.19294,28.64468
3797,77.2038,28.63894
3798,77.20377,28.63896
3799,77.20952,28.6454
3800,77.20929,28.64581
3801,77.3178,28.62782
3802,77.31584,28.63282
3803,77.316,28.63289
3804,77.31571,28.63276
3805,77.31573,28.63309
3806,77.31566,28.63295
3807,77.31467,28.63638
3808,77.31463,28.63638
3809,77.31477,28.63637
3810,77.31594,28.64108
3811,77.31589,28.64092
3812,77.31595,28.64112
3813,77.31545,28.63996
3814,77.31532,28.63926
3815,77.31543,28.64
3816,77.32169,28.63668
3817,77.32161,28.63675
3818,77.32179,28.63661
3819,77.23237,28.62581
3820,77.22885,28.63139
3821,77.32031,28.61504
3822,77.31805,28.62721
3823,77.212,28.62379
3824,77.22561,28.62254
3825,77.21386,28.62274
3826,77.21833,28.61964
3827,77.22622,28.62864
3828,77.22618,28.62892
3829,77.28597,28.62541
3830,77.21885,28.61934
3831,77.23994,28.60896
3832,77.23949,28.60925
3833,77.3135,28.60743
3834,77.32574,28.60187
3835,77.26479,28.58237
3836,77.2573,28.58936
3837,77.30471,28.59729
3838,77.30113,28.60644
3839,77.3077,28.612
3840,77.19152,28.60972
3841,77.19129,28.60975
3842,77.17494,28.58059
3843,77.17172,28.58559
3844,77.17186,28.58566
3845,77.20771,28.5954
3846,77.30122,28.58913
3847,77.30131,28.58922
3848,77.30245,28.59062
3849,77.29667,28.60495
3850,77.29656,28.60527
3851,77.29658,28.6052
3852,77.21477,28.59011
3853,77.21476,28.59026
3854,77.22061,28.59709
3855,77.22083,28.59754
3856,77.22935,28.57995
3857,77.22946,28.57993
3858,77.22888,28.58003
3859,77.14251,28.57475
3860,77.26321,28.57578
3861,77.26325,28.57575
3862,77.16581,28.57407
3863,77.16584,28.57402
3864,77.2153,28.57415
3865,77.21186,28.57951
3866,77.21187,28.57954
3867,77.22892,28.57495
3868,77.229,28.57466
3869,77.20403,28.56955
3870,77.20857,28.56924
3871,77.20841,28.56886
3872,77.21406,28.5689
3873,77.21406,28.56894
3874,77.23244,28.56222
3875,77.23166,28.56087
3876,77.27817,28.56096
3877,77.27803,28.56094
3878,77.27702,28.5609
3879,77.18569,28.6355
3880,77.18566,28.63546
3881,77.28799,28.61646
3882,77.289,28.61489
3883,77.2314,28.6021
3884,77.23135,28.60217
3885,77.22532,28.60417
3886,77.26553,28.58176
3887,77.26557,28.58181
3888,77.17346,28.57753
3889,77.17349,28.57748
3890,77.18974,28.57781
3891,77.18982,28.57781
3892,77.29117,28.56393
3893,77.29001,28.56458
3894,77.28844,28.56481
3895,77.18432,28.6435
3896,77.18432,28.64346
3897,77.28155,28.64326
3898,77.28157,28.64322
3899,77.29438,28.64062
3900,77.29433,28.64067
3901,77.29841,28.64419
3902,77.29833,28.64419
3903,77.29852,28.64419
3904,77.18769,28.63838
3905,77.18773,28.63837
3906,77.18766,28.6384
3907,77.30465,28.63473
3908,77.3048,28.63441
3909,77.28005,28.61927
3910,77.28002,28.61925
3911,77.27658,28.62973
3912,77.27653,28.62973
3913,77.23177,28.61609
3914,77.232,28.61595
3915,77.22475,28.61649
3916,77.22471,28.61636
3917,77.2228,28.61645
3918,77.22502,28.61661
3919,77.27998,28.61923
3920,77.28477,28.6213
3921,77.28483,28.62133
3922,77.12783,28.56697
3923,77.13408,28.56778
3924,77.134,28.5681
3925,77.13397,28.56758
3926,77.13427,28.56786
3927,77.13385,28.56552
3928,77.13397,28.56589
3929,77.13643,28.57172
3930,77.1365,28.57183
3931,77.13531,28.57135
3932,77.25222,28.56606
3933,77.25226,28.56601
3934,77.25434,28.57973
3935,77.16573,28.56649
3936,77.16809,28.56124
3937,77.17159,28.55873
3938,77.17293,28.55767
3939,77.17297,28.55772
3940,77.17291,28.55764
3941,77.17328,28.55742
3942,77.17331,28.55748
3943,77.17327,28.55735
3944,77.12478,28.54699
3945,77.12476,28.54689
3946,77.12478,28.54704
3947,77.13344,28.54918
3948,77.1331,28.54693
3949,77.12306,28.56358
3950,77.12723,28.56085
3951,77.25092,28.54631
3952,77.25098,28.54645
3953,77.18141,28.55206
3954,77.17963,28.55332
3955,77.24713,28.54488
3956,77.24708,28.54497
3957,77.2106,28.54314
3958,77.25757,28.53665
3959,77.20236,28.54417
3960,77.20237,28.54437
3961,77.09335,28.52539
3962,77.09325,28.52547
3963,77.09121,28.52706
3964,77.08926,28.52849
3965,77.21714,28.53964
3966,77.21717,28.53967
3967,77.31405,28.51116
3968,77.30538,28.52813
3969,77.19397,28.52814
3970,77.19649,28.52277
3971,77.19705,28.52345
3972,77.2646,28.49848
3973,77.25996,28.50438
3974,77.26108,28.51064
3975,77.27169,28.52924
3976,77.20654,28.51951
3977,77.20658,28.51959
3978,77.21634,28.52202
3979,77.20574,28.52
3980,77.20573,28.51995
3981,77.20562,28.52001
3982,77.20562,28.51997
3983,77.22565,28.52798
3984,77.22042,28.51694
3985,77.1728,28.50421
3986,77.1728,28.50417
3987,77.28703,28.49418
3988,77.28715,28.49447
3989,77.2875,28.49509
3990,77.2839,28.50245
3991,77.28394,28.50245
3992,77.30436,28.48708
3993,77.30429,28.48712
3994,77.30445,28.48704
3995,77.30443,28.48723
3996,77.3044,28.48758
3997,77.30374,28.49092
3998,77.30511,28.4826
3999,77.30472,28.48717
4000,77.30466,28.4871
4001,77.30524,28.48734
4002,77.30576,28.48583
4003,77.08337,28.51636
4004,77.08168,28.51708
4005,77.14378,28.57594
4006,77.14358,28.57587
4007,77.30075,28.55132
4008,77.18605,28.55636
4009,77.30709,28.54584
4010,77.30711,28.54597
4011,77.30095,28.55113
4012,77.30117,28.55098
4013,77.30147,28.55085
4014,77.30189,28.55074
4015,77.30211,28.55067
4016,77.22653,28.54203
4017,77.22653,28.54196
4018,77.22654,28.54207
4019,77.21103,28.64549
4020,77.20853,28.63333
4021,77.08042,28.51761
4022,77.0803,28.51766
4023,77.30521,28.54817
4024,77.25505,28.58502
4025,77.33507,28.50474
4026,77.0814,28.51992
4027,77.07956,28.52085
4028,77.08143,28.51986
4029,77.22612,28.56741
4030,77.2261,28.56754
4031,77.17005,28.56021
4032,77.26937,28.6434
4033,77.26924,28.64323
4034,77.26943,28.64341
4035,77.20623,28.60797
4036,77.20601,28.60788
4037,77.20805,28.60878
4038,77.20811,28.60876
4039,77.24062,28.64024
4040,77.24097,28.64029
4041,77.22739,28.64334
4042,77.20935,28.6078
4043,77.20905,28.60835
4044,77.20946,28.60782
4045,77.20993,28.60703
4046,77.20983,28.607
4047,77.08456,28.51562
4048,77.0854,28.51513
4049,77.2799,28.6192
4050,77.12782,28.56701
4051,77.12813,28.56688
4052,77.12972,28.56772
4053,77.12898,28.56752
4054,77.28806,28.49642
4055,77.28806,28.49653
4056,77.28803,28.49636
4057,77.28754,28.49526
4058,77.28781,28.49589
4059,77.28784,28.49595
4060,77.28786,28.49599
4061,77.2379,28.61587
4062,77.23795,28.61592
4063,77.30899,28.6089
4064,77.3087,28.60961
4065,77.30901,28.60885
4066,77.30911,28.60878
4067,77.309,28.60874
4068,77.23052,28.6304
4069,77.23093,28.63012
4070,77.23009,28.63064
4071,77.22979,28.63082
4072,77.22937,28.63106
4073,77.22896,28.63133
4074,77.23207,28.62951
4075,77.2308,28.60775
4076,77.23086,28.60805
4077,77.23083,28.60878
4078,77.22631,28.57971
4079,77.22698,28.58088
4080,77.22693,28.58099
4081,77.09348,28.52528
4082,77.09356,28.52521
4083,77.09368,28.52511
4084,77.12727,28.56083
4085,77.12823,28.56003
4086,77.21116,28.5782
4087,77.21159,28.57875
4088,77.16185,28.56062
4089,77.16177,28.56029
4090,77.16172,28.56029
4091,77.16169,28.56021
4092,77.22965,28.5799
4093,77.22972,28.5799
4094,77.23323,28.59141
4095,77.1974,28.53626
4096,77.19659,28.53661
4097,77.19601,28.53693
4098,77.19661,28.53668
4099,77.19474,28.5374
4100,77.19326,28.53792
4101,77.2309,28.60878
4102,77.22837,28.60603
4103,77.30719,28.61261
4104,77.30671,28.6126
4105,77.30729,28.61266
4106,77.15923,28.56732
4107,77.15878,28.56707
4108,77.159,28.56722
4109,77.15904,28.56716
4110,77.15785,28.56655
4111,77.15727,28.56622
4112,77.15634,28.56116
4113,77.15577,28.56099
4114,77.15599,28.56104
4115,77.15597,28.5611
4116,77.16814,28.56126
4117,77.17099,28.53042
4118,77.16967,28.52659
4119,77.16722,28.56464
4120,77.16735,28.56457
4121,77.18808,28.60554
4122,77.22426,28.64528
4123,77.22416,28.64526
4124,77.16805,28.52306
4125,77.16813,28.52324
4126,77.25144,28.62898
4127,77.2514,28.62901
4128,77.25147,28.62895
4129,77.2576,28.63975
4130,77.24726,28.64528
4131,77.21092,28.62501
4132,77.2362,28.61004
4133,77.23616,28.60995
4134,77.31932,28.61499
4135,77.21482,28.58967
4136,77.2197,28.58998
4137,77.21974,28.58974
4138,77.21969,28.59009
4139,77.26232,28.57695
4140,77.29019,28.60324
4141,77.29054,28.60337
4142,77.23509,28.6411
4143,77.23483,28.64117
4144,77.23918,28.62005
4145,77.2392,28.62013
4146,77.23965,28.61992
4147,77.23968,28.62
4148,77.24784,28.55574
4149,77.13166,28.54018
4150,77.09258,28.52601
4151,77.21114,28.54311
4152,77.21165,28.54308
4153,77.32858,28.50953
4154,77.21062,28.52815
4155,77.21061,28.52824
4156,77.28797,28.48885
4157,77.28804,28.48891
4158,77.31937,28.50402
4159,77.32301,28.50029
4160,77.3172,28.50132
4161,77.32583,28.50026
4162,77.32592,28.50026
4163,77.25341,28.58468
4164,77.25332,28.58474
4165,77.23228,28.59618
4166,77.2322,28.59618
4167,77.307,28.59578
4168,77.14214,28.57509
4169,77.14265,28.57549
4170,77.31018,28.54367
4171,77.31008,28.54352
4172,77.23545,28.64112
4173,77.23574,28.64147
4174,77.21859,28.6396
4175,77.14528,28.53826
4176,77.14522,28.5383
4177,77.21233,28.62276
4178,77.21216,28.62255
4179,77.21228,28.61035
4180,77.21654,28.61028
4181,77.21637,28.61029
4182,77.21813,28.61021
4183,77.2119,28.60387
4184,77.2116,28.61038
4185,77.21058,28.62472
4186,77.21069,28.62466
4187,77.21044,28.6248
4188,77.21188,28.62396
4189,77.21206,28.62385
4190,77.21135,28.62428
4191,77.22718,28.61514
4192,77.22713,28.61508
4193,77.21875,28.61754
4194,77.2187,28.61707
4195,77.21925,28.61662
4196,77.226,28.61923
4197,77.22687,28.61963
4198,77.22513,28.61843
4199,77.22514,28.61884
4200,77.2252,28.61881
4201,77.22558,28.61904
4202,77.21072,28.62464
4203,77.21967,28.59018
4204,77.09281,28.52584
4205,77.27214,28.4883
4206,77.24836,28.58651
4207,77.24895,28.58579
4208,77.20341,28.63861
4209,77.20347,28.63856
4210,77.22647,28.64433
4211,77.22651,28.64439
4212,77.21112,28.5783
4213,77.2111,28.57837
4214,77.21073,28.62455
4215,77.234,28.60383
4216,77.23301,28.60324
4217,77.23516,28.60448
4218,77.23492,28.60438
4219,77.23259,28.60298
4220,77.23246,28.60295
4221,77.20313,28.62543
4222,77.20318,28.62535
4223,77.16517,28.52476
4224,77.16521,28.52474
4225,77.16525,28.52467
4226,77.16528,28.52475
4227,77.16478,28.52498
4228,77.16471,28.52498
4229,77.23197,28.62612
4230,77.23257,28.62622
4231,77.09266,28.5126
4232,77.09269,28.51206
4233,77.22495,28.63184
4234,77.22489,28.63188
4235,77.22515,28.6321
4236,77.22508,28.63215
4237,77.22531,28.63234
4238,77.22524,28.63238
4239,77.22584,28.63232
4240,77.22538,28.6326
4241,77.22545,28.63256
4242,77.22928,28.60225
4243,77.22943,28.60221
4244,77.22982,28.60202
4245,77.22779,28.60002
4246,77.2281,28.60019
4247,77.20468,28.64032
4248,77.20474,28.64027
4249,77.2048,28.64035
4250,77.20473,28.64039
4251,77.25296,28.58934
4252,77.25316,28.58882
4253,77.2528,28.58934
4254,77.25276,28.58934
4255,77.25357,28.58514
4256,77.25354,28.58504
4257,77.25357,28.58521
4258,77.25358,28.58526
4259,77.25358,28.58531
4260,77.25346,28.58582
4261,77.25792,28.58965
4262,77.25804,28.58995
4263,77.25737,28.5894
4264,77.25747,28.58945
4265,77.22753,28.60808
4266,77.22828,28.60906
4267,77.28909,28.53737
4268,77.28913,28.53735
4269,77.28724,28.53663
4270,77.28518,28.53523
4271,77.28508,28.53538
4272,77.2858,28.56221
4273,77.28575,28.56216
4274,77.28588,28.56227
4275,77.28611,28.5624
4276,77.28624,28.56239
4277,77.28599,28.5625
4278,77.28598,28.5626
4279,77.28595,28.56263
4280,77.2914,28.56256
4281,77.29213,28.56225
4282,77.29826,28.64393
4283,77.29836,28.64394
4284,77.29857,28.64418
4285,77.29863,28.64415
4286,77.29807,28.64392
4287,77.17568,28.5559
4288,77.17532,28.55602
4289,77.29826,28.49915
4290,77.29867,28.49929
4291,77.13439,28.56699
4292,77.13439,28.56655
4293,77.24705,28.63582
4294,77.24713,28.63505
4295,77.24715,28.63572
4296,77.32428,28.63144
4297,77.3243,28.63139
4298,77.32425,28.63137
4299,77.13259,28.54243
4300,77.13266,28.5426
4301,77.13239,28.54199
4302,77.16676,28.56571
4303,77.16666,28.56566
4304,77.17341,28.56819
4305,77.17266,28.56786
4306,77.17403,28.56868
4307,77.1677,28.5661
4308,77.16768,28.56615
4309,77.16767,28.56619
4310,77.16814,28.56627
4311,77.16812,28.56632
4312,77.1681,28.56637
4313,77.16856,28.56645
4314,77.16874,28.56652
4315,77.16854,28.56649
4316,77.16852,28.56652
4317,77.16892,28.5666
4318,77.16952,28.56687
4319,77.16947,28.56694
4320,77.16949,28.56691
4321,77.17013,28.56718
4322,77.17011,28.56721
4323,77.17009,28.56725
4324,77.17069,28.56742
4325,77.17075,28.56744
4326,77.17068,28.56745
4327,77.17066,28.5675
4328,77.17146,28.56763
4329,77.17144,28.56767
4330,77.17143,28.5677
4331,77.17409,28.56874
4332,77.15217,28.53462
4333,77.15214,28.53464
4334,77.15223,28.53459
4335,77.15239,28.5345
4336,77.15209,28.53467
4337,77.15201,28.53467
4338,77.1686,28.57503
4339,77.16868,28.57484
4340,77.16878,28.57463
4341,77.16887,28.57438
4342,77.16904,28.57395
4343,77.16916,28.57362
4344,77.16923,28.57346
4345,77.16935,28.57316
4346,77.16949,28.57278
4347,77.16952,28.5727
4348,77.16968,28.57229
4349,77.16984,28.57189
4350,77.16996,28.57158
4351,77.17017,28.57109
4352,77.15667,28.52774
4353,77.15674,28.5277
4354,77.15657,28.5278
4355,77.30299,28.62791
4356,77.30348,28.62808
4357,77.3039,28.62824
4358,77.30431,28.62839
4359,77.30461,28.62849
4360,77.3069,28.62921
4361,77.30516,28.62864
4362,77.31131,28.61302
4363,77.31073,28.61453
4364,77.3108,28.61436
4365,77.31087,28.61419
4366,77.31091,28.61408
4367,77.31102,28.61378
4368,77.31108,28.61362
4369,77.31115,28.61344
4370,77.31122,28.61326
4371,77.31127,28.61311
4372,77.30945,28.60907
4373,77.2912,28.60364
4374,77.29126,28.60367
4375,77.29972,28.50316
4376,77.24694,28.63104
4377,77.24694,28.63086
4378,77.30032,28.6199
4379,77.3002,28.62019
4380,77.30073,28.61986
4381,77.30228,28.62029
4382,77.30611,28.62017
4383,77.30328,28.62053
4384,77.30358,28.6206
4385,77.30456,28.62031
4386,77.20617,28.52179
4387,77.1836,28.59983
4388,77.18357,28.59989
4389,77.18366,28.59987
4390,77.18349,28.59857
4391,77.12791,28.56697
4392,77.18103,28.59952
4393,77.21177,28.54088
4394,77.30271,28.49679
4395,77.30282,28.49675
4396,77.29674,28.55752
4397,77.18756,28.63811
4398,77.18737,28.63785
4399,77.18717,28.63757
4400,77.18696,28.63728
4401,77.18659,28.63676
4402,77.18653,28.63669
4403,77.18647,28.63659
4404,77.18638,28.63648
4405,77.18619,28.63622
4406,77.18633,28.6365
4407,77.18705,28.6374
4408,77.20561,28.61051
4409,77.2056,28.61025
4410,77.20669,28.59757
4411,77.21388,28.61043
4412,77.21379,28.61043
4413,77.27125,28.54899
4414,77.27089,28.54962
4415,77.27065,28.55023
4416,77.1937,28.56593
4417,77.19372,28.56602
4418,77.18494,28.5641
4419,77.18498,28.56418
4420,77.21134,28.54117
4421,77.25652,28.53766
4422,77.25656,28.53771
4423,77.20669,28.55749
4424,77.20672,28.55748
4425,77.31549,28.63412
4426,77.31553,28.63415
4427,77.21132,28.60464
4428,77.21118,28.60456
4429,77.21863,28.61591
4430,77.21865,28.61615
4431,77.23433,28.60403
4432,77.23477,28.6043
4433,77.21177,28.57932
4434,77.27655,28.4862
4435,77.27415,28.48715
4436,77.27671,28.48625
4437,77.12411,28.55487
4438,77.1241,28.55466
4439,77.1695,28.52605
4440,77.1899,28.53905
4441,77.18992,28.53911
4442,77.21646,28.55673
4443,77.21558,28.55623
4444,77.16146,28.51932
4445,77.1635,28.52059
4446,77.15147,28.53329
4447,77.15132,28.53338
4448,77.15154,28.53325
4449,77.15158,28.53318
4450,77.08771,28.5296
4451,77.15604,28.52675
4452,77.15602,28.52669
4453,77.15593,28.52576
4454,77.15592,28.52564
4455,77.15595,28.52612
4456,77.15585,28.52578
4457,77.2982,28.55514
4458,77.29824,28.55508
4459,77.32887,28.50315
4460,77.15996,28.60132
4461,77.16169,28.60017
4462,77.1881,28.5611
4463,77.18803,28.56112
4464,77.20663,28.62599
4465,77.20651,28.62599
4466,77.26195,28.51094
4467,77.26184,28.51094
4468,77.12265,28.54735
4469,77.12243,28.5474
4470,77.121,28.54793
4471,77.12009,28.54825
4472,77.10548,28.53181
4473,77.10529,28.53159
4474,77.32118,28.6144
4475,77.32101,28.61452
4476,77.32109,28.61446
4477,77.32136,28.61427
4478,77.32146,28.61421
4479,77.12344,28.54717
4480,77.12377,28.54708
4481,77.12339,28.54656
4482,77.24819,28.58671
4483,77.24418,28.58714
4484,77.2443,28.58713
4485,77.29184,28.56237
4486,77.2935,28.58612
4487,77.29347,28.58628
4488,77.32442,28.63109
4489,77.32481,28.63007
4490,77.32437,28.63107
4491,77.30924,28.62433
4492,77.3092,28.62431
4493,77.30951,28.62441
4494,77.30942,28.62416
4495,77.30871,28.62507
4496,77.2409,28.59762
4497,77.24094,28.59754
4498,77.24086,28.59765
4499,77.2994,28.64483
4500,77.29953,28.64484
4501,77.29927,28.64475
4502,77.29899,28.64456
4503,77.29874,28.64438
4504,77.30628,28.62384
4505,77.30655,28.62394
4506,77.3095,28.6241
4507,77.30985,28.62381
4508,77.20258,28.56963
4509,77.20214,28.56959
4510,77.26845,28.64358
4511,77.26779,28.64486
4512,77.2687,28.64358
4513,77.22258,28.63662
4514,77.22253,28.63665
4515,77.22397,28.6315
4516,77.2243,28.63154
4517,77.20909,28.62557
4518,77.2094,28.6254
4519,77.20767,28.6264
4520,77.20984,28.62514
4521,77.20903,28.62552
4522,77.20765,28.62633
4523,77.20935,28.62533
4524,77.2098,28.62507
4525,77.23929,28.64039
4526,77.23929,28.64052
4527,77.23818,28.64079
4528,77.21921,28.62614
4529,77.21906,28.62626
4530,77.31052,28.62326
4531,77.29818,28.64417
4532,77.3053,28.59391
4533,77.13379,28.56548
4534,77.19327,28.53783
4535,77.29106,28.64392
4536,77.29102,28.64396
4537,77.31633,28.49262
4538,77.31622,28.49366
4539,77.31649,28.49108
4540,77.31629,28.50042
4541,77.31618,28.50042
4542,77.3272,28.50472
4543,77.27038,28.55154
4544,77.27024,28.55191
4545,77.27053,28.55103
4546,77.27057,28.55058
4547,77.24686,28.55199
4548,77.24452,28.5499
4549,77.24379,28.54958
4550,77.24383,28.54953
4551,77.24387,28.54948
4552,77.24233,28.54874
4553,77.24251,28.54842
4554,77.24244,28.54838
4555,77.24225,28.54871
4556,77.23248,28.5599
4557,77.23242,28.55937
4558,77.281,28.56095
4559,77.281,28.56104
4560,77.27428,28.55083
4561,77.2744,28.55092
4562,77.23183,28.55227
4563,77.28504,28.53566
4564,77.2851,28.53569
4565,77.28477,28.53556
4566,77.24633,28.56534
4567,77.24632,28.56547
4568,77.30968,28.62447
4569,77.24462,28.55009
4570,77.3165,28.50047
4571,77.24446,28.54998
4572,77.27,28.63421
4573,77.29146,28.64377
4574,77.29157,28.64378
4575,77.24657,28.64118
4576,77.24678,28.64049
4577,77.2939,28.5843
4578,77.29374,28.58463
4579,77.2847,28.53553
4580,77.13467,28.57044
4581,77.13471,28.57036
4582,77.13434,28.56898
4583,77.13481,28.57037
4584,77.13466,28.57047
4585,77.13461,28.57078
4586,77.13485,28.57038
4587,77.13459,28.57035
4588,77.21199,28.59802
4589,77.21175,28.59791
4590,77.29509,28.57963
4591,77.29363,28.57919
4592,77.2935,28.57946
4593,77.29492,28.58257
4594,77.26413,28.58308
4595,77.19275,28.56926
4596,77.19258,28.56917
4597,77.25945,28.58718
4598,77.2594,28.58702
4599,77.22279,28.56845
4600,77.22267,28.56852
4601,77.22931,28.56648
4602,77.22924,28.56632
4603,77.2332,28.56343
4604,77.23287,28.56306
4605,77.11816,28.54975
4606,77.11882,28.55008
4607,77.20062,28.62419
4608,77.20092,28.62365
4609,77.21232,28.61622
4610,77.21228,28.61639
4611,77.21978,28.63423
4612,77.21978,28.63391
4613,77.22393,28.64523
4614,77.27683,28.62995
4615,77.27673,28.63007
4616,77.29507,28.5826
4617,77.2958,28.58132
4618,77.29589,28.58096
4619,77.25861,28.58981
4620,77.2585,28.58976
4621,77.25468,28.60051
4622,77.25462,28.60115
4623,77.25132,28.61164
4624,77.25095,28.61219
4625,77.24692,28.62545
4626,77.24673,28.62611
4627,77.25541,28.64576
4628,77.25599,28.64514
4629,77.25504,28.64589
4630,77.25521,28.64601
4631,77.30301,28.49386
4632,77.29965,28.50057
4633,77.26209,28.58411
4634,77.22939,28.57955
4635,77.22825,28.57957
4636,77.24657,28.63935
4637,77.24612,28.6395
4638,77.24675,28.63916
4639,77.21812,28.61668
4640,77.21942,28.61961
4641,77.24475,28.58694
4642,77.25538,28.64512
4643,77.25521,28.64527
4644,77.22994,28.57987
4645,77.22715,28.57991
4646,77.22713,28.58015
4647,77.22766,28.58021
4648,77.22858,28.58014
4649,77.22503,28.57988
4650,77.22638,28.57979
4651,77.22504,28.57992
4652,77.22797,28.58025
4653,77.24284,28.58676
4654,77.24375,28.58714
4655,77.24395,28.58716
4656,77.25395,28.56859
4657,77.25385,28.56827
4658,77.25399,28.56882
4659,77.24478,28.58703
4660,77.30463,28.58908
4661,77.30463,28.58915
4662,77.30482,28.58915
4663,77.30482,28.58908
4664,77.30514,28.58916
4665,77.30514,28.5891
4666,77.28298,28.53889
4667,77.28297,28.53905
4668,77.28339,28.53809
4669,77.28355,28.53779
4670,77.28618,28.53584
4671,77.28544,28.53553
4672,77.25008,28.56576
4673,77.25009,28.56569
4674,77.24692,28.63148
4675,77.24692,28.63229
4676,77.30893,28.62989
4677,77.20982,28.52216
4678,77.11953,28.54948
4679,77.11938,28.54909
4680,77.21013,28.62049
4681,77.20953,28.62094
4682,77.26456,28.58253
4683,77.26416,28.58259
4684,77.31284,28.6189
4685,77.31265,28.61884
4686,77.21258,28.62055
4687,77.18246,28.59395
4688,77.2342,28.57269
4689,77.23418,28.57265
4690,77.21997,28.60157
4691,77.20573,28.51596
4692,77.20564,28.51567
4693,77.32046,28.49808
4694,77.11834,28.54268
4695,77.25755,28.59172
4696,77.25713,28.59294
4697,77.31617,28.49415
4698,77.2931,28.61393
4699,77.19799,28.59813
4700,77.10487,28.53576
4701,77.10469,28.53592
4702,77.13053,28.55216
4703,77.13066,28.55229
4704,77.24047,28.61744
4705,77.24036,28.61741
4706,77.279,28.56095
4707,77.27899,28.56104
4708,77.25948,28.57089
4709,77.25965,28.57067
4710,77.25517,28.51165
4711,77.25516,28.51153
4712,77.14678,28.58587
4713,77.14668,28.58583
4714,77.23647,28.57165
4715,77.23634,28.57172
4716,77.15433,28.55993
4717,77.16246,28.57164
4718,77.1625,28.57159
4719,77.30894,28.59801
4720,77.24868,28.61555
4721,77.24978,28.6164
4722,77.32643,28.61489
4723,77.32637,28.61478
4724,77.21064,28.6053
4725,77.27806,28.63312
4726,77.20531,28.60054
4727,77.10601,28.53359
4728,77.10576,28.53445
4729,77.13175,28.54023
4730,77.13238,28.54168
4731,77.1334,28.55848
4732,77.13339,28.55843
4733,77.22338,28.64515
4734,77.25365,28.5851
4735,77.26886,28.58699
4736,77.26881,28.58683
4737,77.28964,28.60302
4738,77.28946,28.60294
4739,77.23264,28.57327
4740,77.23238,28.57338
4741,77.16116,28.5642
4742,77.28159,28.61147
4743,77.27975,28.60974
4744,77.29136,28.56287
4745,77.16212,28.57205
4746,77.29448,28.60449
4747,77.29412,28.60439
4748,77.22808,28.57967
4749,77.22941,28.57965
4750,77.25006,28.61661
4751,77.25026,28.61534
4752,77.22995,28.62482
4753,77.121,28.55446
4754,77.12078,28.55372
4755,77.30046,28.6308
4756,77.30057,28.63084
4757,77.18598,28.63588
4758,77.18593,28.63591
4759,77.27038,28.58992
4760,77.27026,28.58978
4761,77.17839,28.59627
4762,77.30526,28.62014
4763,77.30522,28.62005
4764,77.08752,28.51385
4765,77.11536,28.54408
4766,77.29884,28.60578
4767,77.29881,28.60586
4768,77.11574,28.54961
4769,77.11524,28.54976
4770,77.3051,28.63373
4771,77.28256,28.53452
4772,77.28218,28.53438
4773,77.27512,28.60623
4774,77.27826,28.59935
4775,77.27731,28.59872
4776,77.21835,28.61142
4777,77.2184,28.61228
4778,77.18802,28.56077
4779,77.18798,28.56078
4780,77.20436,28.60157
4781,77.20432,28.60152
4782,77.25679,28.59411
4783,77.25672,28.59427
4784,77.19948,28.62439
4785,77.30714,28.60538
4786,77.12332,28.55485
4787,77.1232,28.55487
4788,77.30474,28.62022
4789,77.22575,28.62211
4790,77.22555,28.62251
4791,77.28831,28.60246
4792,77.28778,28.60212
4793,77.26561,28.58232
4794,77.28343,28.53482
4795,77.28298,28.53467
4796,77.12396,28.54699
4797,77.21009,28.61596
4798,77.20931,28.61564
4799,77.21995,28.57685
4800,77.30635,28.62903
4801,77.25711,28.58916
4802,77.25684,28.58905
4803,77.2346,28.57248
4804,77.24902,28.61213
4805,77.24783,28.61204
4806,77.20919,28.62151
4807,77.12283,28.56367
4808,77.29585,28.63117
4809,77.21398,28.53862
4810,77.11612,28.54949
4811,77.11603,28.54902
4812,77.20654,28.52371
4813,77.31329,28.51117
4814,77.21586,28.58576
4815,77.21672,28.58575
4816,77.25547,28.59923
4817,77.25522,28.59919
4818,77.30467,28.59318
4819,77.22794,28.52777
4820,77.28229,28.4893
4821,77.17013,28.58872
4822,77.16966,28.5892
4823,77.21854,28.61431
4824,77.13079,28.55313
4825,77.13069,28.55313
4826,77.32267,28.62887
4827,77.32162,28.62853
4828,77.30515,28.63237
4829,77.30596,28.62007
4830,77.25303,28.6337
4831,77.2529,28.6337
4832,77.25689,28.59348
4833,77.2594,28.57086
4834,77.25835,28.57239
4835,77.31568,28.49921
4836,77.22687,28.60717
4837,77.2272,28.60761
4838,77.25534,28.57849
4839,77.18532,28.54042
4840,77.18479,28.54067
4841,77.27044,28.64358
4842,77.27037,28.64353
4843,77.25318,28.58869
4844,77.18767,28.57474
4845,77.18759,28.57496
4846,77.20588,28.51634
4847,77.2058,28.51613
4848,77.19981,28.50708
4849,77.25508,28.58583
4850,77.21407,28.56887
4851,77.15971,28.5752
4852,77.15965,28.57515
4853,77.29136,28.56274
4854,77.25842,28.57924
4855,77.25925,28.57953
4856,77.22473,28.61195
4857,77.28544,28.61556
4858,77.2849,28.61512
4859,77.1145,28.54921
4860,77.11423,28.54995
4861,77.32178,28.62871
4862,77.20458,28.624
4863,77.15781,28.54206
4864,77.15771,28.54277
4865,77.18483,28.49596
4866,77.18474,28.49596
4867,77.23292,28.62473
4868,77.22849,28.60933
4869,77.22888,28.60986
4870,77.18457,28.55039
4871,77.12126,28.55491
4872,77.18677,28.5495
4873,77.18845,28.54876
4874,77.22149,28.63419
4875,77.22103,28.63456
4876,77.22904,28.5666
4877,77.30861,28.62439
4878,77.3087,28.62421
4879,77.17548,28.57186
4880,77.16954,28.58918
4881,77.31786,28.61678
4882,77.31771,28.61691
4883,77.29967,28.62121
4884,77.29651,28.62015
4885,77.31517,28.51186
4886,77.3015,28.58956
4887,77.21815,28.60813
4888,77.21827,28.6101
4889,77.27502,28.60668
4890,77.27515,28.60662
4891,77.31296,28.61897
4892,77.21689,28.58573
4893,77.21714,28.58572
4894,77.11514,28.54489
4895,77.11545,28.54427
4896,77.30613,28.63137
4897,77.17029,28.58858
4898,77.17026,28.5886
4899,77.29681,28.58862
4900,77.23145,28.56066
4901,77.23151,28.5606
4902,77.24097,28.58537
4903,77.2408,28.58523
4904,77.23734,28.57236
4905,77.23714,28.57248
4906,77.25971,28.50506
4907,77.2598,28.50519
4908,77.18605,28.63598
4909,77.27134,28.63089
4910,77.3003,28.62181
4911,77.30265,28.62262
4912,77.2666,28.49765
4913,77.26615,28.49782
4914,77.16028,28.52705
4915,77.18083,28.5498
4916,77.1808,28.54982
4917,77.1931,28.49861
4918,77.25039,28.6145
4919,77.2505,28.61454
4920,77.12855,28.55956
4921,77.22788,28.64383
4922,77.22798,28.64365
4923,77.25092,28.58677
4924,77.25116,28.58669
4925,77.21919,28.60748
4926,77.2454,28.61422
4927,77.24466,28.61319
4928,77.17279,28.50431
4929,77.17279,28.50426
4930,77.21085,28.60542
4931,77.21089,28.60536
4932,77.2752,28.60656
4933,77.27521,28.60652
4934,77.29693,28.62081
4935,77.29748,28.62099
4936,77.30708,28.49976
4937,77.22414,28.57985
4938,77.223,28.57998
4939,77.31506,28.63524
4940,77.31527,28.63468
4941,77.3085,28.62459
4942,77.30856,28.62448
4943,77.27067,28.59025
4944,77.10474,28.53078
4945,77.29187,28.56385
4946,77.31244,28.54447
4947,77.31227,28.54433
4948,77.29922,28.64367
4949,77.29932,28.64371
4950,77.16698,28.58015
4951,77.28108,28.64389
4952,77.30463,28.48705
4953,77.30458,28.48705
4954,77.26236,28.54939
4955,77.26272,28.54956
4956,77.25036,28.6146
4957,77.25009,28.61498
4958,77.28904,28.60348
4959,77.28893,28.60343
4960,77.11831,28.54273
4961,77.14242,28.57494
4962,77.2524,28.5265
4963,77.1421,28.5746
4964,77.28445,28.5358
4965,77.2845,28.53601
4966,77.10864,28.55155
4967,77.10883,28.55173
4968,77.28788,28.61682
4969,77.28781,28.61674
4970,77.27927,28.64332
4971,77.21216,28.61378
4972,77.27685,28.48631
4973,77.25715,28.57799
4974,77.21195,28.54098
4975,77.09335,28.51222
4976,77.09531,28.50811
4977,77.2054,28.51516
4978,77.31666,28.6269
4979,77.29185,28.6438
4980,77.29166,28.64378
4981,77.13419,28.53822
4982,77.13381,28.53835
4983,77.23408,28.56665
4984,77.23371,28.56671
4985,77.29828,28.4991
4986,77.29817,28.49908
4987,77.29942,28.5902
4988,77.20884,28.6115
4989,77.20875,28.61005
4990,77.13266,28.54239
4991,77.13272,28.54255
4992,77.30437,28.4895
4993,77.14543,28.58551
4994,77.14451,28.58515
4995,77.21076,28.60538
4996,77.28895,28.60274
4997,77.28853,28.60255
4998,77.28731,28.61683
4999,77.28651,28.61633
5000,77.23119,28.62999
5001,77.23154,28.62981
5002,77.12309,28.5549
5003,77.32726,28.63034
5004,77.32434,28.6294
5005,77.17134,28.55945
5006,77.17131,28.55943
5007,77.31902,28.63897
5008,77.31899,28.63895
5009,77.21834,28.59741
5010,77.21855,28.59764
5011,77.28422,28.53545
5012,77.20888,28.61206
5013,77.23971,28.60925
5014,77.23971,28.60928
5015,77.12264,28.56648
5016,77.12255,28.56642
5017,77.32623,28.61436
5018,77.23305,28.64172
5019,77.23313,28.64168
5020,77.29479,28.61983
5021,77.29476,28.61989
5022,77.28763,28.49547
5023,77.32854,28.61232
5024,77.29016,28.60065
5025,77.28966,28.60101
5026,77.20878,28.57208
5027,77.20885,28.57226
5028,77.29219,28.60404
5029,77.29146,28.60376
5030,77.26802,28.58553
5031,77.26727,28.58477
5032,77.31403,28.60192
5033,77.27272,28.62601
5034,77.11598,28.54391
5035,77.11565,28.54401
5036,77.31289,28.51165
5037,77.31235,28.51153
5038,77.26503,28.5835
5039,77.2642,28.58311
5040,77.23384,28.64026
5041,77.23263,28.64033
5042,77.26903,28.58781
5043,77.26899,28.58754
5044,77.23229,28.64035
5045,77.25718,28.57396
5046,77.25826,28.57263
5047,77.23158,28.56039
5048,77.23147,28.56049
5049,77.2536,28.51758
5050,77.25364,28.51757
5051,77.21237,28.61634
5052,77.26884,28.58629
5053,77.26902,28.58461
5054,77.25627,28.59566
5055,77.25619,28.59628
5056,77.28502,28.48915
5057,77.28494,28.48914
5058,77.10569,28.53458
5059,77.17308,28.5579
5060,77.1731,28.55788
5061,77.1313,28.553
5062,77.13115,28.55303
5063,77.29978,28.62125
5064,77.22661,28.62062
5065,77.22629,28.62118
5066,77.23441,28.56602
5067,77.23417,28.56596
5068,77.30543,28.52798
5069,77.31006,28.62361
5070,77.31047,28.6233
5071,77.24438,28.61258
5072,77.24443,28.61246
5073,77.1171,28.54224
5074,77.11691,28.54297
5075,77.24809,28.61526
5076,77.24828,28.61535
5077,77.22176,28.57886
5078,77.22172,28.57877
5079,77.24864,28.56539
5080,77.24863,28.56554
5081,77.18638,28.55622
5082,77.18646,28.55619
5083,77.16939,28.58906
5084,77.16931,28.58897
5085,77.30724,28.62578
5086,77.30721,28.62587
5087,77.28052,28.57681
5088,77.2712,28.5821
5089,77.30179,28.49768
5090,77.11796,28.54295
5091,77.11721,28.5427
5092,77.31202,28.51143
5093,77.30719,28.54637
5094,77.30717,28.5464
5095,77.26889,28.58669
5096,77.28741,28.61741
5097,77.28735,28.61738
5098,77.30514,28.6256
5099,77.30522,28.62556
5100,77.29781,28.62045
5101,77.29496,28.6195
5102,77.27038,28.60415
5103,77.26904,28.60353
5104,77.2983,28.51107
5105,77.29814,28.51146
5106,77.22207,28.5263
5107,77.12238,28.56589
5108,77.12234,28.56614
5109,77.21598,28.63306
5110,77.22924,28.56699
5111,77.18482,28.54071
5112,77.10574,28.5328
5113,77.10594,28.53323
5114,77.24906,28.61215
5115,77.23155,28.52813
5116,77.23167,28.52811
5117,77.27318,28.6268
5118,77.27471,28.62593
5119,77.31817,28.6274
5120,77.31799,28.62734
5121,77.28548,28.60094
5122,77.28519,28.6009
5123,77.21475,28.61685
5124,77.30546,28.60792
5125,77.24953,28.5458
5126,77.24955,28.54575
5127,77.21079,28.57317
5128,77.21158,28.57326
5129,77.12755,28.56524
5130,77.08364,28.51621
5131,77.24721,28.61489
5132,77.24729,28.61492
5133,77.22708,28.62354
5134,77.22753,28.62374
5135,77.22542,28.59417
5136,77.11686,28.54308
5137,77.11658,28.54347
5138,77.28473,28.60082
5139,77.28365,28.60064
5140,77.1996,28.62432
5141,77.19967,28.62442
5142,77.25812,28.57291
5143,77.25875,28.57307
5144,77.28945,28.60185
5145,77.28928,28.60223
5146,77.23099,28.52659
5147,77.23095,28.5266
5148,77.10505,28.53572
5149,77.10492,28.53586
5150,77.10641,28.53356
5151,77.10577,28.53469
5152,77.08703,28.51415
5153,77.28867,28.56485
5154,77.2689,28.58425
5155,77.26737,28.58277
5156,77.32222,28.62911
5157,77.32425,28.62976
5158,77.12654,28.55408
5159,77.12631,28.55413
5160,77.31803,28.62774
5161,77.24989,28.61526
5162,77.24658,28.61461
5163,77.24698,28.61479
5164,77.25702,28.57417
5165,77.31603,28.49566
5166,77.31601,28.49591
5167,77.32555,28.61253
5168,77.32545,28.6124
5169,77.22151,28.57849
5170,77.24414,28.58704
5171,77.12174,28.55517
5172,77.28918,28.60252
5173,77.22278,28.59709
5174,77.27472,28.5954
5175,77.27462,28.59525
5176,77.24845,28.61542
5177,77.2485,28.61545
5178,77.32046,28.60338
5179,77.32,28.60371
5180,77.20977,28.623
5181,77.11653,28.54939
5182,77.24726,28.61209
5183,77.24704,28.6121
5184,77.28191,28.64331
5185,77.28439,28.61258
5186,77.28439,28.61222
5187,77.25692,28.58234
5188,77.25742,28.5822
5189,77.15433,28.53028
5190,77.22039,28.57747
5191,77.21978,28.57728
5192,77.25884,28.58206
5193,77.2606,28.58225
5194,77.26828,28.60318
5195,77.19974,28.61826
5196,77.19976,28.61867
5197,77.22904,28.54171
5198,77.22905,28.5418
5199,77.31611,28.5005
5200,77.31611,28.50042
5201,77.1427,28.57555
5202,77.27122,28.60456
5203,77.2123,28.61592
5204,77.10507,28.53558
5205,77.32988,28.61554
5206,77.20646,28.59806
5207,77.28343,28.61357
5208,77.28325,28.61335
5209,77.25985,28.50449
5210,77.25972,28.50476
5211,77.16724,28.58566
5212,77.28618,28.48937
5213,77.27067,28.64349
5214,77.27065,28.64353
5215,77.30907,28.62458
5216,77.30909,28.62455
5217,77.19412,28.63911
5218,77.19405,28.63913
5219,77.29353,28.58585
5220,77.3287,28.63081
5221,77.13156,28.5531
5222,77.31079,28.61829
5223,77.10693,28.53319
5224,77.10688,28.53322
5225,77.25569,28.58045
5226,77.28797,28.49624
5227,77.22181,28.52716
5228,77.21855,28.61444
5229,77.22328,28.64509
5230,77.23362,28.57287
5231,77.23342,28.57295
5232,77.13119,28.55245
5233,77.1309,28.55209
5234,77.2858,28.53514
5235,77.22126,28.57815
5236,77.2209,28.57775
5237,77.21385,28.57587
5238,77.28861,28.61726
5239,77.28791,28.61691
5240,77.31674,28.6268
5241,77.21843,28.61279
5242,77.29298,28.60418
5243,77.29256,28.60413
5244,77.1555,28.5284
5245,77.15544,28.52845
5246,77.209,28.57263
5247,77.2505,28.52806
5248,77.25061,28.52806
5249,77.19153,28.61895
5250,77.19157,28.61893
5251,77.32147,28.62887
5252,77.26704,28.58103
5253,77.19147,28.61898
5254,77.20826,28.57093
5255,77.2086,28.57164
5256,77.32164,28.5994
5257,77.21886,28.61342
5258,77.15889,28.52457
5259,77.2492,28.58702
5260,77.24825,28.58682
5261,77.18303,28.59504
5262,77.2101,28.61985
5263,77.2095,28.61903
5264,77.16943,28.56081
5265,77.19151,28.59163
5266,77.1919,28.59238
5267,77.12674,28.56314
5268,77.29711,28.62644
5269,77.20915,28.5728
5270,77.20927,28.5729
5271,77.3274,28.60933
5272,77.32734,28.60929
5273,77.31031,28.62519
5274,77.31108,28.62545
5275,77.322,28.63643
5276,77.2361,28.6043
5277,77.23602,28.60424
5278,77.21379,28.58577
5279,77.21301,28.58578
5280,77.18086,28.54978
5281,77.32111,28.61431
5282,77.18458,28.54078
5283,77.3094,28.60905
5284,77.21511,28.58575
5285,77.20414,28.60162
5286,77.20403,28.60169
5287,77.31937,28.63861
5288,77.28423,28.53671
5289,77.31306,28.62568
5290,77.31139,28.62514
5291,77.23136,28.56078
5292,77.23143,28.56068
5293,77.24026,28.61743
5294,77.30864,28.50015
5295,77.23065,28.58503
5296,77.23065,28.58512
5297,77.28331,28.53807
5298,77.17717,28.59435
5299,77.17694,28.59393
5300,77.24657,28.64138
5301,77.19837,28.62325
5302,77.16597,28.56665
5303,77.2495,28.61237
5304,77.24925,28.61234
5305,77.27453,28.59512
5306,77.31272,28.54624
5307,77.25074,28.52805
5308,77.21802,28.64425
5309,77.218,28.64434
5310,77.24757,28.52792
5311,77.24757,28.52795
5312,77.19743,28.53624
5313,77.2055,28.51523
5314,77.20543,28.51502
5315,77.30081,28.62726
5316,77.23244,28.56233
5317,77.23244,28.5623
5318,77.25833,28.57256
5319,77.24344,28.64647
5320,77.12558,28.5479
5321,77.24567,28.64615
5322,77.24531,28.6461
5323,77.19485,28.53187
5324,77.30859,28.62442
5325,77.28697,28.60149
5326,77.10318,28.53677
5327,77.31787,28.6273
5328,77.20203,28.61748
5329,77.20203,28.61743
5330,77.28139,28.64335
5331,77.13351,28.54627
5332,77.2181,28.61345
5333,77.12793,28.55604
5334,77.14444,28.57861
5335,77.14457,28.57876
5336,77.22737,28.56837
5337,77.22393,28.61957
5338,77.22312,28.62005
5339,77.22176,28.5273
5340,77.25753,28.58936
5341,77.25739,28.58929
5342,77.28912,28.60367
5343,77.11194,28.53542
5344,77.11174,28.53521
5345,77.2999,28.58989
5346,77.26886,28.64359
5347,77.16578,28.58436
5348,77.24064,28.61568
5349,77.24043,28.61522
5350,77.22314,28.58059
5351,77.16765,28.58821
5352,77.16641,28.58725
5353,77.23214,28.54066
5354,77.23209,28.54065
5355,77.31368,28.62578
5356,77.2219,28.57921
5357,77.31543,28.50132
5358,77.30417,28.48951
5359,77.22653,28.60045
5360,77.22593,28.60089
5361,77.26622,28.58413
5362,77.22316,28.52743
5363,77.22268,28.52731
5364,77.26895,28.58734
5365,77.12075,28.55361
5366,77.2597,28.50487
5367,77.22351,28.59352
5368,77.30014,28.62175
5369,77.2176,28.5857
5370,77.25777,28.58213
5371,77.19863,28.50401
5372,77.25576,28.58883
5373,77.2552,28.58881
5374,77.30737,28.61267
5375,77.28692,28.60307
5376,77.28692,28.60314
5377,77.12012,28.55145
5378,77.1099,28.53437
5379,77.10979,28.53429
5380,77.30461,28.48824
5381,77.30464,28.48829
5382,77.22042,28.51691
5383,77.22039,28.5168
5384,77.13166,28.55272
5385,77.13137,28.55256
5386,77.24904,28.61553
5387,77.24872,28.61541
5388,77.22173,28.60085
5389,77.22133,28.60043
5390,77.31759,28.62711
5391,77.30569,28.62366
5392,77.27839,28.60825
5393,77.25379,28.58444
5394,77.25425,28.58408
5395,77.28933,28.60289
5396,77.28922,28.60284
5397,77.32949,28.61582
5398,77.28884,28.6036
5399,77.28851,28.6038
5400,77.19699,28.60588
5401,77.19773,28.60546
5402,77.31576,28.64057
5403,77.19411,28.6018
5404,77.30006,28.62134
5405,77.25838,28.57249
5406,77.25842,28.57244
5407,77.2304,28.62501
5408,77.23071,28.62515
5409,77.22846,28.62416
5410,77.2824,28.61242
5411,77.18793,28.53976
5412,77.21847,28.63797
5413,77.21858,28.63955
5414,77.32107,28.60295
5415,77.32063,28.60326
5416,77.23934,28.61617
5417,77.23802,28.61571
5418,77.12439,28.54693
5419,77.21316,28.6048
5420,77.21323,28.60483
5421,77.16629,28.5861
5422,77.19399,28.63917
5423,77.18637,28.54014
5424,77.1856,28.54031
5425,77.29576,28.58025
5426,77.29566,28.58008
5427,77.14622,28.58571
5428,77.14555,28.58555
5429,77.20908,28.57273
5430,77.12009,28.55133
5431,77.30404,28.62269
5432,77.30247,28.62216
5433,77.23406,28.56608
5434,77.24064,28.61524
5435,77.2414,28.6138
5436,77.24756,28.61503
5437,77.24797,28.5279
5438,77.24797,28.52794
5439,77.17762,28.54352
5440,77.17759,28.54354
5441,77.31448,28.62617
5442,77.15481,28.52933
5443,77.15472,28.52947
5444,77.24694,28.52783
5445,77.24694,28.52788
5446,77.31671,28.6001
5447,77.18236,28.5516
5448,77.18232,28.55155
5449,77.21448,28.62709
5450,77.21454,28.62711
5451,77.28144,28.64327
5452,77.28358,28.61376
5453,77.28355,28.61372
5454,77.24973,28.61704
5455,77.25026,28.61613
5456,77.21851,28.57777
5457,77.21957,28.5773
5458,77.29738,28.60534
5459,77.29735,28.60542
5460,77.16283,28.57107
5461,77.16308,28.57073
5462,77.2055,28.60865
5463,77.2055,28.60868
5464,77.21842,28.61019
5465,77.31077,28.61836
5466,77.29967,28.59004
5467,77.26124,28.58238
5468,77.15517,28.56162
5469,77.28686,28.49357
5470,77.28682,28.49346
5471,77.20514,28.51459
5472,77.20517,28.51465
5473,77.28318,28.61328
5474,77.25707,28.59344
5475,77.29352,28.60425
5476,77.24011,28.61695
5477,77.2402,28.61665
5478,77.09778,28.53715
5479,77.09736,28.53708
5480,77.24971,28.5871
5481,77.148,28.58658
5482,77.14706,28.58601
5483,77.24754,28.5873
5484,77.14659,28.58581
5485,77.2937,28.63289
5486,77.26564,28.58383
5487,77.30461,28.4888
5488,77.30465,28.48949
5489,77.19505,28.607
5490,77.19541,28.60679
5491,77.15588,28.52612
5492,77.25854,28.58206
5493,77.30606,28.51616
5494,77.21844,28.63755
5495,77.32345,28.62901
5496,77.23334,28.56676
5497,77.22344,28.59461
5498,77.2844,28.53519
5499,77.28384,28.53495
5500,77.26948,28.64342
5501,77.2859,28.53391
5502,77.28516,28.53491
5503,77.20352,28.60198
5504,77.28549,28.48924
5505,77.29635,28.60506
5506,77.29559,28.60482
5507,77.22938,28.62525
5508,77.22959,28.57991
5509,77.21367,28.61044
5510,77.21234,28.61051
5511,77.22512,28.61838
5512,77.2532,28.58857
5513,77.22487,28.61428
5514,77.18347,28.59593
5515,77.1835,28.59598
5516,77.20091,28.61752
5517,77.20091,28.61748
5518,77.11557,28.54417
5519,77.21853,28.64164
5520,77.16423,28.58194
5521,77.17859,28.57031
5522,77.18062,28.599
5523,77.27917,28.63873
5524,77.27058,28.48902
5525,77.1964,28.52644
5526,77.29901,28.64359
5527,77.29913,28.64363
5528,77.31741,28.62757
5529,77.32786,28.61111
5530,77.22609,28.62171
5531,77.10911,28.53372
5532,77.32382,28.61314
5533,77.20214,28.62295
5534,77.2094,28.57299
5535,77.30488,28.54402
5536,77.3048,28.54408
5537,77.16922,28.58909
5538,77.16938,28.5891
5539,77.11296,28.55081
5540,77.11372,28.55058
5541,77.11272,28.5503
5542,77.11027,28.55089
5543,77.21403,28.59289
5544,77.21408,28.59295
5545,77.1328,28.55286
5546,77.13368,28.55089
5547,77.13316,28.54672
5548,77.13326,28.54658
5549,77.30431,28.48829
5550,77.1755,28.5489
5551,77.17546,28.54885
5552,77.20578,28.62455
5553,77.20626,28.62018
5554,77.20617,28.61882
5555,77.28441,28.61192
5556,77.30045,28.62147
5557,77.30028,28.62141
5558,77.25688,28.5941
5559,77.29964,28.5079
5560,77.25638,28.58893
5561,77.28348,28.53812
5562,77.25594,28.58885
5563,77.32213,28.63647
5564,77.15997,28.52511
5565,77.24454,28.61326
5566,77.24525,28.61429
5567,77.29891,28.55406
5568,77.29854,28.55463
5569,77.20965,28.57324
5570,77.24797,28.52798
5571,77.20925,28.57262
5572,77.20937,28.57262
5573,77.32285,28.61271
5574,77.22537,28.60514
5575,77.22572,28.60561
5576,77.29763,28.60315
5577,77.19435,28.60741
5578,77.25517,28.58072
5579,77.22346,28.5275
5580,77.11406,28.54649
5581,77.23432,28.64023
5582,77.15975,28.57525
5583,77.20925,28.60306
5584,77.18563,28.58525
5585,77.23145,28.56051
5586,77.21842,28.57781
5587,77.21814,28.57795
5588,77.28664,28.53604
5589,77.28406,28.61438
5590,77.28437,28.61274
5591,77.29993,28.62079
5592,77.27723,28.59866
5593,77.30017,28.50435
5594,77.2966,28.60513
5595,77.25456,28.58439
5596,77.31036,28.62468
5597,77.1187,28.54388
5598,77.11864,28.544
5599,77.18289,28.55109
5600,77.21787,28.59693
5601,77.18255,28.55131
5602,77.18685,28.57456
5603,77.18647,28.5743
5604,77.10522,28.53554
5605,77.25428,28.57973
5606,77.30815,28.61274
5607,77.30786,28.61271
5608,77.21882,28.58573
5609,77.13206,28.5528
5610,77.28195,28.53429
5611,77.2395,28.64042
5612,77.24018,28.64021
5613,77.20617,28.51775
5614,77.20625,28.51808
5615,77.13273,28.55269
5616,77.29904,28.55385
5617,77.21764,28.59667
5618,77.23003,28.62485
5619,77.19828,28.62321
5620,77.30993,28.62372
5621,77.2226,28.5243
5622,77.20092,28.61757
5623,77.25182,28.51213
5624,77.31739,28.62702
5625,77.31708,28.62691
5626,77.17862,28.59655
5627,77.29663,28.60504
5628,77.22001,28.57679
5629,77.31734,28.62712
5630,77.30585,28.62886
5631,77.30569,28.6288
5632,77.13593,28.53803
5633,77.13594,28.5381
5634,77.22587,28.60582
5635,77.24956,28.54571
5636,77.29442,28.58365
5637,77.29461,28.58338
5638,77.31883,28.63896
5639,77.31874,28.63902
5640,77.16929,28.49904
5641,77.20547,28.60829
5642,77.22444,28.57981
5643,77.22417,28.57979
5644,77.21984,28.6349
5645,77.21971,28.6349
5646,77.23514,28.57225
5647,77.23486,28.57236
5648,77.25727,28.59303
5649,77.31008,28.59945
5650,77.31017,28.59938
5651,77.12804,28.56717
5652,77.12784,28.56717
5653,77.20432,28.60825
5654,77.29412,28.59363
5655,77.2941,28.59359
5656,77.30531,28.62868
5657,77.28749,28.60589
5658,77.28718,28.60663
5659,77.32776,28.61091
5660,77.10743,28.53307
5661,77.10738,28.53308
5662,77.28061,28.60029
5663,77.31627,28.64196
5664,77.31654,28.64316
5665,77.12874,28.55354
5666,77.24039,28.61512
5667,77.24034,28.615
5668,77.11917,28.54392
5669,77.11897,28.5439
5670,77.10571,28.53481
5671,77.27687,28.59835
5672,77.24398,28.58715
5673,77.16206,28.57201
5674,77.31757,28.6013
5675,77.20121,28.63006
5676,77.32458,28.60112
5677,77.30394,28.48948
5678,77.3039,28.48951
5679,77.2182,28.63445
5680,77.30877,28.48731
5681,77.18506,28.49229
5682,77.18494,28.49228
5683,77.25639,28.59524
5684,77.23138,28.56061
5685,77.23132,28.56073
5686,77.13175,28.53971
5687,77.2339,28.57276
5688,77.30917,28.62444
5689,77.31945,28.60344
5690,77.31027,28.59933
5691,77.27405,28.62733
5692,77.27417,28.62702
5693,77.28766,28.61702
5694,77.28759,28.61699
5695,77.0934,28.51033
5696,77.0931,28.51084
5697,77.27666,28.59815
5698,77.20262,28.57984
5699,77.20263,28.57991
5700,77.21195,28.57962
5701,77.21193,28.57955
5702,77.3199,28.6039
5703,77.29983,28.62113
5704,77.29974,28.6211
5705,77.3098,28.618
5706,77.19723,28.52574
5707,77.19801,28.52432
5708,77.13126,28.55325
5709,77.13116,28.5544
5710,77.19764,28.64662
5711,77.20422,28.51286
5712,77.20402,28.5129
5713,77.29496,28.60463
5714,77.14645,28.58577
5715,77.31605,28.50041
5716,77.25374,28.51754
5717,77.25826,28.57251
5718,77.2582,28.57259
5719,77.23971,28.60935
5720,77.27844,28.53268
5721,77.27848,28.5327
5722,77.11963,28.54979
5723,77.11958,28.54963
5724,77.10679,28.53326
5725,77.30058,28.6274
5726,77.09545,28.51711
5727,77.09544,28.51698
5728,77.27749,28.48679
5729,77.28771,28.49564
5730,77.24088,28.58544
5731,77.24097,28.58553
5732,77.23973,28.61608
5733,77.23874,28.62296
5734,77.23862,28.62303
5735,77.21977,28.58939
5736,77.21981,28.58908
5737,77.2332,28.54118
5738,77.23323,28.54128
5739,77.22138,28.57832
5740,77.17605,28.50801
5741,77.17688,28.50805
5742,77.17988,28.5981
5743,77.18046,28.5988
5744,77.27402,28.48723
5745,77.27821,28.57767
5746,77.27943,28.57697
5747,77.19809,28.60525
5748,77.19826,28.60514
5749,77.18224,28.55151
5750,77.27167,28.52878
5751,77.27173,28.52869
5752,77.30295,28.6222
5753,77.30033,28.6213
5754,77.28615,28.61609
5755,77.2856,28.61568
5756,77.22678,28.62033
5757,77.19544,28.52712
5758,77.19563,28.52699
5759,77.24261,28.61611
5760,77.24605,28.61447
5761,77.18955,28.56952
5762,77.18956,28.56961
5763,77.31892,28.62519
5764,77.31881,28.62532
5765,77.21843,28.6346
5766,77.31973,28.61524
5767,77.18057,28.59126
5768,77.2447,28.61229
5769,77.24428,28.61246
5770,77.22822,28.55312
5771,77.2281,28.55312
5772,77.17377,28.63353
5773,77.17366,28.63359
5774,77.32463,28.61276
5775,77.32439,28.61287
5776,77.21988,28.58851
5777,77.21993,28.5882
5778,77.12438,28.5546
5779,77.2949,28.61961
5780,77.29484,28.61972
5781,77.20883,28.63903
5782,77.32585,28.61316
5783,77.10193,28.5371
5784,77.23939,28.61659
5785,77.3076,28.60851
5786,77.21814,28.58569
5787,77.31611,28.49485
5788,77.18611,28.59574
5789,77.22677,28.59431
5790,77.18773,28.53982
5791,77.22538,28.58828
5792,77.22528,28.58827
5793,77.12275,28.56655
5794,77.12809,28.56716
5795,77.25966,28.57968
5796,77.25975,28.57971
5797,77.32271,28.63538
5798,77.31879,28.62538
5799,77.31845,28.62603
5800,77.30572,28.6323
5801,77.17383,28.63348
5802,77.313,28.51198
5803,77.19204,28.59264
5804,77.2156,28.63309
5805,77.21543,28.6331
5806,77.21795,28.64451
5807,77.21791,28.64476
5808,77.20483,28.51377
5809,77.20454,28.51328
5810,77.19163,28.58581
5811,77.12213,28.56632
5812,77.2096,28.61857
5813,77.20981,28.61844
5814,77.20665,28.62478
5815,77.30845,28.62471
5816,77.2543,28.58388
5817,77.25423,28.58394
5818,77.30403,28.48952
5819,77.2418,28.61281
5820,77.11593,28.54991
5821,77.11642,28.54979
5822,77.30489,28.62571
5823,77.19482,28.53188
5824,77.25429,28.58405
5825,77.31339,28.54528
5826,77.313,28.54496
5827,77.21878,28.6166
5828,77.17077,28.58889
5829,77.17051,28.5887
5830,77.20536,28.51505
5831,77.23994,28.61497
5832,77.22135,28.57735
5833,77.25253,28.51463
5834,77.31201,28.54409
5835,77.17008,28.58438
5836,77.28114,28.48904
5837,77.28147,28.48911
5838,77.25061,28.61288
5839,77.2509,28.61291
5840,77.30961,28.52047
5841,77.25137,28.61288
5842,77.25193,28.61281
5843,77.1663,28.58582
5844,77.25947,28.57961
5845,77.17886,28.59684
5846,77.1309,28.5531
5847,77.22722,28.64297
5848,77.2272,28.64281
5849,77.22069,28.57753
5850,77.25474,28.5837
5851,77.28969,28.60304
5852,77.18756,28.56268
5853,77.1876,28.56276
5854,77.30486,28.63428
5855,77.31099,28.54353
5856,77.16743,28.4972
5857,77.25284,28.63847
5858,77.31702,28.62739
5859,77.31718,28.62745
5860,77.31645,28.62721
5861,77.31642,28.62725
5862,77.28416,28.53501
5863,77.30866,28.62952
5864,77.29776,28.49893
5865,77.31534,28.6347
5866,77.28955,28.60108
5867,77.23224,28.54067
5868,77.23219,28.54066
5869,77.22065,28.63473
5870,77.22156,28.52791
5871,77.21173,28.61731
5872,77.21197,28.61712
5873,77.23183,28.56572
5874,77.30386,28.62606
5875,77.24046,28.64069
5876,77.28754,28.61696
5877,77.11869,28.5434
5878,77.11845,28.54309
5879,77.2197,28.57669
5880,77.22401,28.64524
5881,77.26068,28.58517
5882,77.26101,28.58514
5883,77.20964,28.5731
5884,77.18485,28.49294
5885,77.18474,28.49293
5886,77.2499,28.6165
5887,77.25277,28.63667
5888,77.30135,28.6311
5889,77.28217,28.48929
5890,77.25831,28.57244
5891,77.30721,28.5407
5892,77.17694,28.50808
5893,77.22514,28.62322
5894,77.22501,28.62345
5895,77.28688,28.49362
5896,77.16789,28.58091
5897,77.2133,28.60486
5898,77.17023,28.58863
5899,77.11482,28.54985
5900,77.1225,28.56533
5901,77.2496,28.61248
5902,77.24975,28.61254
5903,77.24688,28.61211
5904,77.23918,28.54185
5905,77.23922,28.54177
5906,77.28186,28.61553
5907,77.28197,28.61538
5908,77.20324,28.60213
5909,77.17229,28.58999
5910,77.17098,28.58904
5911,77.13278,28.55638
5912,77.31616,28.51213
5913,77.25711,28.57392
5914,77.25696,28.57412
5915,77.1788,28.59677
5916,77.26078,28.58229
5917,77.25118,28.58651
5918,77.2499,28.58698
5919,77.20559,28.61016
5920,77.32484,28.62996
5921,77.3271,28.63069
5922,77.17922,28.57057
5923,77.12903,28.55098
5924,77.28906,28.60279
5925,77.09253,28.51139
5926,77.0922,28.51124
5927,77.12795,28.55613
5928,77.16025,28.49879
5929,77.16027,28.49875
5930,77.29215,28.61856
5931,77.21956,28.60138
5932,77.10842,28.53321
5933,77.24787,28.5868
5934,77.30517,28.63359
5935,77.30523,28.63346
5936,77.13281,28.54287
5937,77.26405,28.58263
5938,77.26318,28.58249
5939,77.19478,28.60147
5940,77.21207,28.61209
5941,77.25371,28.58435
5942,77.31329,28.62576
5943,77.24024,28.6164
5944,77.24001,28.61655
5945,77.17751,28.54357
5946,77.24951,28.54559
5947,77.12478,28.5545
5948,77.12461,28.55454
5949,77.30873,28.62416
5950,77.18905,28.53934
5951,77.3029,28.62271
5952,77.18648,28.54012
5953,77.30713,28.48739
5954,77.15902,28.529
5955,77.15899,28.52892
5956,77.18341,28.59579
5957,77.13075,28.55335
5958,77.13089,28.55328
5959,77.25345,28.58476
5960,77.25356,28.58462
5961,77.2366,28.57158
5962,77.23656,28.5716
5963,77.28303,28.61512
5964,77.28339,28.61499
5965,77.25725,28.58922
5966,77.22792,28.57968
5967,77.30563,28.63252
5968,77.23307,28.5666
5969,77.21499,28.62718
5970,77.21508,28.62713
5971,77.19796,28.62527
5972,77.19813,28.62517
5973,77.22138,28.57737
5974,77.29473,28.61995
5975,77.31749,28.62706
5976,77.20612,28.51725
5977,77.20607,28.51707
5978,77.16626,28.58558
5979,77.16639,28.58557
5980,77.21414,28.56882
5981,77.11804,28.54321
5982,77.25089,28.52802
5983,77.24056,28.52005
5984,77.29445,28.64396
5985,77.24757,28.52787
5986,77.31887,28.62542
5987,77.3013,28.63108
5988,77.31783,28.59932
5989,77.29642,28.60508
5990,77.2889,28.53699
5991,77.2868,28.53611
5992,77.18519,28.59396
5993,77.2279,28.62392
5994,77.22667,28.62336
5995,77.22675,28.6234
5996,77.24247,28.51226
5997,77.24247,28.51234
5998,77.1661,28.58075
5999,77.31651,28.62711
6000,77.10872,28.55129
6001,77.0917,28.51106
6002,77.24081,28.58538
6003,77.23927,28.54168
6004,77.25878,28.57266
6005,77.25866,28.57227
6006,77.29982,28.50341
6007,77.22214,28.63269
6008,77.18957,28.5697
6009,77.2965,28.6051
6010,77.27966,28.60936
6011,77.2504,28.61268
6012,77.2674,28.58565
6013,77.26772,28.58575
6014,77.21893,28.60722
6015,77.29031,28.61795
6016,77.31654,28.62707
6017,77.20964,28.57303
6018,77.16822,28.58851
6019,77.30989,28.52006
6020,77.23107,28.52656
6021,77.23103,28.52658
6022,77.21984,28.63484
6023,77.2198,28.6344
6024,77.26079,28.57911
6025,77.29371,28.58726
6026,77.29528,28.58807
6027,77.32431,28.63457
6028,77.32778,28.63124
6029,77.11508,28.54473
6030,77.11494,28.54618
6031,77.27415,28.60579
6032,77.1875,28.53988
6033,77.19525,28.52725
6034,77.2873,28.61736
6035,77.25904,28.57317
6036,77.20203,28.61752
6037,77.32038,28.62851
6038,77.21796,28.53618
6039,77.24737,28.61208
6040,77.24737,28.61219
6041,77.18478,28.55166
6042,77.18463,28.55128
6043,77.32855,28.63118
6044,77.20662,28.52351
6045,77.19788,28.6469
6046,77.19776,28.64676
6047,77.18867,28.56247
6048,77.18857,28.56248
6049,77.316,28.64126
6050,77.31599,28.64123
6051,77.31694,28.50095
6052,77.28682,28.60173
6053,77.28688,28.603
6054,77.32982,28.60348
6055,77.24969,28.528
6056,77.2497,28.52807
6057,77.13016,28.55369
6058,77.20942,28.61199
6059,77.21804,28.64413
6060,77.26858,28.58618
6061,77.10714,28.53312
6062,77.30927,28.54287
6063,77.17016,28.58448
6064,77.18733,28.5749
6065,77.22005,28.57682
6066,77.2202,28.57693
6067,77.22014,28.57688
6068,77.10701,28.53315
6069,77.31219,28.60143
6070,77.31212,28.60148
6071,77.31303,28.62609
6072,77.31312,28.62619
6073,77.31048,28.54351
6074,77.31056,28.54369
6075,77.20613,28.5176
6076,77.1863,28.59611
6077,77.30039,28.6275
6078,77.25778,28.59128
6079,77.31522,28.6131
6080,77.25008,28.52806
6081,77.11091,28.53465
6082,77.10922,28.5335
6083,77.27279,28.48802
6084,77.20526,28.51485
6085,77.27918,28.48806
6086,77.31271,28.54471
6087,77.13239,28.55527
6088,77.20378,28.51297
6089,77.32891,28.61569
6090,77.32484,28.61266
6091,77.31097,28.54443
6092,77.2259,28.62185
6093,77.28582,28.53502
6094,77.21245,28.61663
6095,77.3093,28.63001
6096,77.24447,28.61293
6097,77.19689,28.64571
6098,77.19692,28.64575
6099,77.20631,28.62107
6100,77.20621,28.62108
6101,77.29057,28.64441
6102,77.21814,28.60803
6103,77.25837,28.57918
6104,77.29753,28.60312
6105,77.30485,28.62019
6106,77.15868,28.54307
6107,77.24441,28.58701
6108,77.24424,28.58703
6109,77.26626,28.58566
6110,77.25102,28.61291
6111,77.25112,28.61291
6112,77.24694,28.52791
6113,77.20902,28.62165
6114,77.31525,28.61301
6115,77.31575,28.54879
6116,77.17736,28.59469
6117,77.20533,28.51481
6118,77.20524,28.51462
6119,77.29416,28.59368
6120,77.28126,28.64357
6121,77.25955,28.57064
6122,77.32112,28.60292
6123,77.17826,28.57042
6124,77.17735,28.57074
6125,77.11688,28.54968
6126,77.29191,28.56361
6127,77.29174,28.5633
6128,77.10431,28.53014
6129,77.21777,28.5754
6130,77.21862,28.61657
6131,77.10716,28.53283
6132,77.10616,28.53239
6133,77.23159,28.55122
6134,77.23165,28.55198
6135,77.09546,28.51734
6136,77.16023,28.49884
6137,77.27161,28.59125
6138,77.27077,28.59036
6139,77.29201,28.56381
6140,77.23958,28.5419
6141,77.22545,28.52798
6142,77.224,28.52763
6143,77.24435,28.61298
6144,77.1114,28.53495
6145,77.28838,28.60238
6146,77.26641,28.58267
6147,77.30656,28.62342
6148,77.2062,28.51758
6149,77.12419,28.547
6150,77.21577,28.63308
6151,77.25755,28.64266
6152,77.30969,28.54316
6153,77.11523,28.54619
6154,77.19363,28.60785
6155,77.27046,28.57909
6156,77.27057,28.5789
6157,77.30805,28.50007
6158,77.22495,28.61583
6159,77.18775,28.53988
6160,77.31721,28.62746
6161,77.2272,28.52783
6162,77.24469,28.61238
6163,77.24621,28.61222
6164,77.20629,28.51827
6165,77.20635,28.51868
6166,77.24862,28.56565
6167,77.24076,28.61603
6168,77.24985,28.58699
6169,77.28368,28.61496
6170,77.31559,28.60086
6171,77.29949,28.62102
6172,77.22122,28.60032
6173,77.25499,28.53353
6174,77.25466,28.5335
6175,77.3056,28.62522
6176,77.30556,28.62529
6177,77.29356,28.58702
6178,77.29311,28.56616
6179,77.29267,28.56835
6180,77.31389,28.5457
6181,77.15589,28.5614
6182,77.24045,28.6171
6183,77.24026,28.61709
6184,77.28125,28.56104
6185,77.28127,28.56095
6186,77.12863,28.55936
6187,77.31803,28.60182
6188,77.22752,28.5797
6189,77.11534,28.54422
6190,77.11528,28.5443
6191,77.24623,28.61213
6192,77.21033,28.61814
6193,77.32946,28.63106
6194,77.22452,28.62241
6195,77.22463,28.62251
6196,77.29678,28.60518
6197,77.12833,28.55364
6198,77.16278,28.56014
6199,77.15747,28.57583
6200,77.15738,28.57583
6201,77.30213,28.63136
6202,77.18082,28.50248
6203,77.18084,28.50255
6204,77.11042,28.55135
6205,77.1724,28.59005
6206,77.17233,28.59001
6207,77.21373,28.57592
6208,77.29203,28.56417
6209,77.31862,28.60249
6210,77.20796,28.52255
6211,77.29315,28.56594
6212,77.22301,28.60218
6213,77.17578,28.58096
6214,77.31153,28.6127
6215,77.31148,28.6127
6216,77.24124,28.58515
6217,77.219,28.60648
6218,77.31291,28.62605
6219,77.16475,28.56041
6220,77.22122,28.58598
6221,77.24686,28.55213
6222,77.12757,28.55444
6223,77.13358,28.5509
6224,77.13355,28.55163
6225,77.30801,28.54164
6226,77.22557,28.52798
6227,77.19751,28.53621
6228,77.21977,28.54213
6229,77.21986,28.54212
6230,77.32239,28.59984
6231,77.32179,28.5995
6232,77.20614,28.61772
6233,77.30942,28.63005
6234,77.3057,28.61996
6235,77.21988,28.63556
6236,77.2179,28.64486
6237,77.18077,28.54985
6238,77.21113,28.62126
6239,77.23332,28.62431
6240,77.26212,28.51086
6241,77.30012,28.62123
6242,77.29988,28.62115
6243,77.21238,28.61786
6244,77.22693,28.62347
6245,77.29685,28.6052
6246,77.22696,28.62349
6247,77.31777,28.62726
6248,77.13367,28.55073
6249,77.2932,28.56611
6250,77.32215,28.63629
6251,77.24027,28.61485
6252,77.13097,28.55308
6253,77.30948,28.62765
6254,77.30954,28.6275
6255,77.25303,28.61254
6256,77.23859,28.54162
6257,77.32295,28.63509
6258,77.31801,28.61665
6259,77.28533,28.61597
6260,77.26347,28.58564
6261,77.30971,28.61802
6262,77.12804,28.55647
6263,77.20794,28.63952
6264,77.28937,28.60118
6265,77.28464,28.53505
6266,77.28405,28.53719
6267,77.25471,28.58355
6268,77.16361,28.56991
6269,77.23167,28.56046
6270,77.20505,28.51421
6271,77.22483,28.61903
6272,77.16387,28.58216
6273,77.29135,28.5986
6274,77.22396,28.52762
6275,77.13149,28.55297
6276,77.22109,28.60832
6277,77.32949,28.60389
6278,77.21858,28.61517
6279,77.2186,28.61556
6280,77.28691,28.60318
6281,77.22684,28.51593
6282,77.22691,28.51583
6283,77.3219,28.63666
6284,77.22797,28.57958
6285,77.26169,28.58523
6286,77.262,28.5853
6287,77.19684,28.64563
6288,77.28146,28.64323
6289,77.20042,28.55888
6290,77.2005,28.55887
6291,77.26301,28.58241
6292,77.32007,28.61506
6293,77.28712,28.60697
6294,77.15925,28.57542
6295,77.15755,28.57583
6296,77.29319,28.53892
6297,77.29314,28.53895
6298,77.21856,28.61456
6299,77.2586,28.57191
6300,77.25787,28.57204
6301,77.29906,28.49925
6302,77.29899,28.49937
6303,77.22344,28.57968
6304,77.2633,28.5856
6305,77.23988,28.61685
6306,77.31828,28.62743
6307,77.25155,28.612
6308,77.21461,28.59351
6309,77.13274,28.54235
6310,77.13255,28.54183
6311,77.21842,28.57585
6312,77.24652,28.61211
6313,77.3003,28.60623
6314,77.30027,28.60631
6315,77.11159,28.5354
6316,77.11132,28.5351
6317,77.30978,28.6268
6318,77.30965,28.62663
6319,77.13241,28.55534
6320,77.31307,28.51169
6321,77.09095,28.51154
6322,77.21494,28.59387
6323,77.20521,28.51456
6324,77.20509,28.5143
6325,77.29314,28.539
6326,77.29759,28.62089
6327,77.22073,28.5998
6328,77.21952,28.59854
6329,77.11953,28.54392
6330,77.25073,28.52797
6331,77.11852,28.54384
6332,77.32052,28.62818
6333,77.2275,28.57962
6334,77.24853,28.61536
6335,77.24718,28.52789
6336,77.24718,28.52793
6337,77.23623,28.57177
6338,77.25633,28.59698
6339,77.25631,28.59666
6340,77.29468,28.62005
6341,77.2124,28.61812
6342,77.30264,28.62217
6343,77.19191,28.60941
6344,77.19305,28.6083
6345,77.10548,28.53243
6346,77.23898,28.53296
6347,77.23886,28.5329
6348,77.23417,28.56664
6349,77.20822,28.57075
6350,77.17034,28.5886
6351,77.28683,28.60305
6352,77.20834,28.62142
6353,77.2083,28.62148
6354,77.11949,28.54416
6355,77.31316,28.62624
6356,77.11747,28.54919
6357,77.09375,28.50982
6358,77.2418,28.61656
6359,77.26228,28.51074
6360,77.31637,28.62733
6361,77.31288,28.61895
6362,77.31815,28.62778
6363,77.28682,28.60309
6364,77.28682,28.60312
6365,77.24424,28.61258
6366,77.13159,28.55295
6367,77.17126,28.55938
6368,77.21688,28.59589
6369,77.24788,28.61215
6370,77.24815,28.61228
6371,77.23382,28.62381
6372,77.28364,28.53577
6373,77.12197,28.57014
6374,77.12152,28.57043
6375,77.19785,28.59936
6376,77.21981,28.57715
6377,77.20585,28.61758
6378,77.20602,28.61786
6379,77.32146,28.50483
6380,77.23322,28.54107
6381,77.21828,28.61034
6382,77.1279,28.55543
6383,77.14567,28.58303
6384,77.14592,28.58555
6385,77.21662,28.55684
6386,77.21656,28.55679
6387,77.21989,28.63567
6388,77.20909,28.61219
6389,77.24953,28.58711
6390,77.32282,28.60009
6391,77.23599,28.57188
6392,77.27296,28.59276
6393,77.20601,28.51679
6394,77.11801,28.54341
6395,77.24718,28.52785
6396,77.21079,28.60533
6397,77.25182,28.52713
6398,77.24651,28.61222
6399,77.21863,28.60651
6400,77.29987,28.62091
6401,77.22496,28.61607
6402,77.2884,28.60406
6403,77.15876,28.54313
6404,77.24886,28.52796
6405,77.24885,28.52803
6406,77.18595,28.63583
6407,77.30363,28.4899
6408,77.21337,28.59223
6409,77.12849,28.56733
6410,77.12406,28.54706
6411,77.25641,28.64465
6412,77.2323,28.56574
6413,77.29278,28.5684
6414,77.26142,28.58202
6415,77.24013,28.61473
6416,77.28865,28.60352
6417,77.20531,28.60094
6418,77.3012,28.58382
6419,77.30133,28.5839
6420,77.28151,28.64315
6421,77.22299,28.64726
6422,77.21786,28.64667
6423,77.19449,28.64719
6424,77.19538,28.64662
6425,77.20554,28.64659
6426,77.2055,28.64645
6427,77.20581,28.64641
6428,77.20522,28.64612
6429,77.20542,28.64639
6430,77.19615,28.6462
6431,77.19638,28.64606
6432,77.19653,28.64597
6433,77.21788,28.64557
6434,77.19666,28.64589
6435,77.24034,28.64576
6436,77.24039,28.64502
6437,77.19446,28.64575
6438,77.19469,28.64579
6439,77.19727,28.64561
6440,77.19742,28.64563
6441,77.19774,28.64547
6442,77.19695,28.64543
6443,77.2404,28.64476
6444,77.1966,28.64526
6445,77.19691,28.64535
6446,77.18382,28.64546
6447,77.18411,28.64541
6448,77.24043,28.64437
6449,77.28164,28.64308
6450,77.1912,28.64444
6451,77.18721,28.64388
6452,77.18824,28.64404
6453,77.19135,28.64366
6454,77.19143,28.64364
6455,77.28209,28.64229
6456,77.28233,28.64188
6457,77.20321,28.64319
6458,77.20357,28.64317
6459,77.18577,28.64367
6460,77.20363,28.64311
6461,77.23014,28.64287
6462,77.23112,28.64255
6463,77.20366,28.64287
6464,77.22724,28.64254
6465,77.22712,28.64246
6466,77.24056,28.64221
6467,77.23216,28.64227
6468,77.20371,28.64273
6469,77.2826,28.64142
6470,77.23245,28.64217
6471,77.30155,28.64085
6472,77.29976,28.64273
6473,77.23242,28.64211
6474,77.28283,28.64103
6475,77.24063,28.64163
6476,77.31721,28.64029
6477,77.31783,28.63981
6478,77.31801,28.63968
6479,77.31792,28.63958
6480,77.31774,28.63971
6481,77.2053,28.64116
6482,77.20536,28.64112
6483,77.2956,28.63935
6484,77.29547,28.63947
6485,77.24101,28.64009
6486,77.29594,28.63897
6487,77.23982,28.63987
6488,77.2396,28.63992
6489,77.24608,28.63961
6490,77.24678,28.64023
6491,77.24676,28.63958
6492,77.24694,28.63958
6493,77.18915,28.64052
6494,77.19005,28.6418
6495,77.19012,28.64176
6496,77.18922,28.64049
6497,77.18915,28.64039
6498,77.24223,28.63996
6499,77.24117,28.63932
6500,77.20774,28.63979
6501,77.20795,28.63968
6502,77.20803,28.63963
6503,77.24121,28.63903
6504,77.2506,28.63885
6505,77.29489,28.63808
6506,77.20823,28.6395
6507,77.25128,28.63876
6508,77.1883,28.63932
6509,77.18849,28.63958
6510,77.28436,28.63853
6511,77.28527,28.63701
6512,77.31443,28.63637
6513,77.22443,28.63908
6514,77.22352,28.63787
6515,77.20987,28.63857
6516,77.21096,28.63795
6517,77.22331,28.63758
6518,77.22321,28.63762
6519,77.22325,28.6375
6520,77.22316,28.63755
6521,77.18732,28.63788
6522,77.1875,28.63814
6523,77.22305,28.63724
6524,77.22361,28.6374
6525,77.22398,28.63719
6526,77.22379,28.63718
6527,77.22361,28.63729
6528,77.21227,28.63718
6529,77.18712,28.6376
6530,77.28585,28.63598
6531,77.28577,28.63593
6532,77.24118,28.63768
6533,77.2412,28.63667
6534,77.18701,28.63743
6535,77.22464,28.63681
6536,77.18691,28.6373
6537,77.22459,28.63672
6538,77.30342,28.63491
6539,77.30325,28.63488
6540,77.29196,28.63569
6541,77.18654,28.63679
6542,77.18649,28.63672
6543,77.22603,28.63601
6544,77.18641,28.63663
6545,77.22597,28.63593
6546,77.21368,28.63636
6547,77.21421,28.63605
6548,77.22673,28.63561
6549,77.25302,28.63529
6550,77.25303,28.63518
6551,77.25291,28.6352
6552,77.2529,28.63531
6553,77.18615,28.63625
6554,77.20185,28.63589
6555,77.20181,28.63583
6556,77.21843,28.63562
6557,77.21871,28.63551
6558,77.186,28.63601
6559,77.30118,28.63421
6560,77.30069,28.63403
6561,77.22742,28.63521
6562,77.20148,28.63537
6563,77.22152,28.63521
6564,77.22058,28.63399
6565,77.2204,28.63375
6566,77.21857,28.63335
6567,77.2183,28.63355
6568,77.20562,28.63346
6569,77.17371,28.63364
6570,77.17416,28.63422
6571,77.17413,28.63331
6572,77.29872,28.63124
6573,77.32858,28.6306
6574,77.32821,28.63049
6575,77.32779,28.63036
6576,77.21857,28.63222
6577,77.21826,28.63214
6578,77.32743,28.63026
6579,77.22077,28.63214
6580,77.22106,28.63197
6581,77.17495,28.63313
6582,77.17497,28.63246
6583,77.22889,28.63205
6584,77.21898,28.63182
6585,77.21877,28.6315
6586,77.21672,28.63143
6587,77.17493,28.63205
6588,77.22243,28.63114
6589,77.21612,28.63112
6590,77.32844,28.62917
6591,77.32852,28.62897
6592,77.32863,28.629
6593,77.32879,28.62856
6594,77.32869,28.62851
6595,77.21788,28.63035
6596,77.21419,28.63026
6597,77.27745,28.62909
6598,77.27717,28.62939
6599,77.24721,28.63106
6600,77.24731,28.62964
6601,77.21771,28.63045
6602,77.27758,28.62895
6603,77.25199,28.62962
6604,77.27774,28.62878
6605,77.27789,28.62862
6606,77.23233,28.62944
6607,77.23223,28.62932
6608,77.30084,28.62836
6609,77.30122,28.62817
6610,77.22129,28.63022
6611,77.22167,28.62939
6612,77.30142,28.62805
6613,77.22158,28.62937
6614,77.22105,28.63012
6615,77.21713,28.62937
6616,77.2467,28.62888
6617,77.2467,28.62939
6618,77.23827,28.62893
6619,77.23841,28.62885
6620,77.31774,28.6274
6621,77.31771,28.62738
6622,77.21966,28.62984
6623,77.21952,28.62897
6624,77.27854,28.62797
6625,77.24913,28.62823
6626,77.24669,28.62821
6627,77.22214,28.62858
6628,77.23938,28.6283
6629,77.27899,28.62752
6630,77.25093,28.62813
6631,77.25084,28.62799
6632,77.25068,28.62799
6633,77.25076,28.62813
6634,77.33057,28.62643
6635,77.33064,28.62651
6636,77.24015,28.62787
6637,77.24143,28.62783
6638,77.24144,28.6277
6639,77.27972,28.62683
6640,77.20872,28.62792
6641,77.20876,28.62785
6642,77.30797,28.62613
6643,77.20508,28.62788
6644,77.2052,28.6278
6645,77.24699,28.62721
6646,77.24721,28.627
6647,77.22282,28.62738
6648,77.20632,28.6275
6649,77.30647,28.6256
6650,77.30684,28.62574
6651,77.21553,28.62723
6652,77.21534,28.62697
6653,77.21939,28.62717
6654,77.21939,28.6268
6655,77.30598,28.62542
6656,77.21543,28.62693
6657,77.21528,28.62689
6658,77.21537,28.62685
6659,77.21562,28.62719
6660,77.21571,28.62677
6661,77.22325,28.62664
6662,77.22362,28.62655
6663,77.19513,28.62701
6664,77.19517,28.62701
6665,77.21563,28.62666
6666,77.22337,28.62644
6667,77.22327,28.6264
6668,77.22341,28.62636
6669,77.22331,28.62633
6670,77.21936,28.62638
6671,77.21963,28.62638
6672,77.21924,28.62638
6673,77.22048,28.62631
6674,77.19503,28.62671
6675,77.21955,28.62626
6676,77.21935,28.62626
6677,77.21922,28.62625
6678,77.19519,28.62658
6679,77.22153,28.62615
6680,77.22077,28.6262
6681,77.1955,28.62684
6682,77.19533,28.62656
6683,77.24089,28.62586
6684,77.2408,28.62574
6685,77.21934,28.62601
6686,77.21725,28.62597
6687,77.21591,28.62602
6688,77.30061,28.62366
6689,77.30067,28.62368
6690,77.30014,28.62351
6691,77.29999,28.62337
6692,77.2997,28.62327
6693,77.20647,28.625
6694,77.20656,28.62499
6695,77.20641,28.62421
6696,77.20651,28.6242
6697,77.23885,28.62334
6698,77.23947,28.62418
6699,77.29663,28.62234
6700,77.29767,28.62269
6701,77.3021,28.62216
6702,77.30159,28.62199
6703,77.18037,28.62405
6704,77.18099,28.62396
6705,77.30118,28.62185
6706,77.18073,28.62379
6707,77.18066,28.62374
6708,77.18081,28.62372
6709,77.21244,28.62316
6710,77.21234,28.62348
6711,77.18074,28.62367
6712,77.21318,28.62333
6713,77.21306,28.62313
6714,77.21265,28.62304
6715,77.22535,28.62281
6716,77.22543,28.62284
6717,77.18036,28.62353
6718,77.20079,28.6236
6719,77.20012,28.62318
6720,77.20026,28.6236
6721,77.22547,28.62277
6722,77.2254,28.62274
6723,77.29473,28.62162
6724,77.29431,28.62147
6725,77.30014,28.62149
6726,77.29985,28.6214
6727,77.28469,28.62155
6728,77.28458,28.62172
6729,77.28474,28.62148
6730,77.29272,28.62091
6731,77.29235,28.62078
6732,77.23165,28.62176
6733,77.29169,28.62058
6734,77.21553,28.62165
6735,77.21568,28.62186
6736,77.21557,28.62151
6737,77.21611,28.62157
6738,77.21597,28.62142
6739,77.21569,28.6214
6740,77.21589,28.62139
6741,77.237,28.62083
6742,77.2371,28.62077
6743,77.23696,28.62076
6744,77.23677,28.62091
6745,77.23716,28.62074
6746,77.23705,28.62071
6747,77.19441,28.6214
6748,77.29044,28.62007
6749,77.28996,28.61977
6750,77.23712,28.62068
6751,77.23691,28.62054
6752,77.2068,28.62075
6753,77.20661,28.62061
6754,77.21879,28.62041
6755,77.21891,28.62128
6756,77.24048,28.61992
6757,77.24049,28.61977
6758,77.24031,28.61979
6759,77.22715,28.62003
6760,77.22741,28.61994
6761,77.22748,28.61982
6762,77.23162,28.62005
6763,77.2316,28.61966
6764,77.22684,28.61971
6765,77.2269,28.61992
6766,77.28654,28.61855
6767,77.28662,28.61858
6768,77.22742,28.61958
6769,77.28698,28.61862
6770,77.28667,28.6185
6771,77.22719,28.61946
6772,77.2866,28.61847
6773,77.22689,28.6196
6774,77.27974,28.61858
6775,77.17709,28.62015
6776,77.17668,28.61963
6777,77.2353,28.61851
6778,77.23558,28.61888
6779,77.24051,28.61937
6780,77.24048,28.61821
6781,77.20928,28.61842
6782,77.24049,28.61789
6783,77.2876,28.61713
6784,77.28753,28.6171
6785,77.23147,28.61762
6786,77.23531,28.61838
6787,77.2345,28.6173
6788,77.20006,28.61762
6789,77.20076,28.61757
6790,77.23426,28.61697
6791,77.20298,28.61739
6792,77.23415,28.61682
6793,77.20478,28.61729
6794,77.20565,28.61726
6795,77.20565,28.61735
6796,77.24041,28.61673
6797,77.24041,28.61665
6798,77.2313,28.6167
6799,77.2314,28.61763
6800,77.20636,28.61742
6801,77.20633,28.6171
6802,77.20575,28.61706
6803,77.20627,28.61703
6804,77.21201,28.61677
6805,77.19042,28.61675
6806,77.22528,28.61623
6807,77.22523,28.61617
6808,77.23081,28.61609
6809,77.2309,28.61619
6810,77.24031,28.61578
6811,77.2403,28.61563
6812,77.28943,28.61469
6813,77.23276,28.61556
6814,77.23408,28.61686
6815,77.22963,28.61555
6816,77.22974,28.61562
6817,77.22954,28.61551
6818,77.28239,28.61484
6819,77.28238,28.61449
6820,77.23326,28.61528
6821,77.32233,28.61358
6822,77.28126,28.61597
6823,77.25035,28.61502
6824,77.25101,28.61377
6825,77.22776,28.61402
6826,77.22774,28.61417
6827,77.24027,28.61448
6828,77.24026,28.61381
6829,77.17486,28.61437
6830,77.24005,28.61286
6831,77.24023,28.61285
6832,77.24148,28.61284
6833,77.22771,28.61306
6834,77.24022,28.61271
6835,77.31706,28.61127
6836,77.2402,28.61239
6837,77.32829,28.61053
6838,77.28515,28.61057
6839,77.28521,28.61048
6840,77.23449,28.61147
6841,77.2347,28.61102
6842,77.3377,28.60915
6843,77.33799,28.60949
6844,77.19005,28.61481
6845,77.19058,28.61155
6846,77.22758,28.61101
6847,77.20539,28.61107
6848,77.20585,28.61109
6849,77.20589,28.61106
6850,77.20532,28.61098
6851,77.21162,28.6107
6852,77.33711,28.60846
6853,77.20567,28.61051
6854,77.19105,28.6106
6855,77.33659,28.60785
6856,77.23765,28.60944
6857,77.23694,28.60962
6858,77.22489,28.61
6859,77.23873,28.60938
6860,77.23949,28.60935
6861,77.23993,28.60934
6862,77.2401,28.60934
6863,77.23045,28.6095
6864,77.23039,28.60957
6865,77.2401,28.60924
6866,77.23993,28.60924
6867,77.19146,28.60994
6868,77.1915,28.60989
6869,77.20842,28.60933
6870,77.21201,28.61019
6871,77.2119,28.60915
6872,77.20827,28.60913
6873,77.20827,28.60907
6874,77.20847,28.60875
6875,77.17261,28.60926
6876,77.17268,28.60933
6877,77.17274,28.60928
6878,77.17267,28.60921
6879,77.32156,28.60639
6880,77.32164,28.60643
6881,77.32169,28.60637
6882,77.32161,28.60632
6883,77.20525,28.60796
6884,77.20563,28.60794
6885,77.20508,28.60785
6886,77.20579,28.60781
6887,77.33365,28.60571
6888,77.33356,28.60565
6889,77.20504,28.6078
6890,77.20582,28.60775
6891,77.21738,28.6075
6892,77.21781,28.60769
6893,77.21726,28.60732
6894,77.32237,28.60557
6895,77.21215,28.6074
6896,77.33258,28.60512
6897,77.3335,28.60573
6898,77.20536,28.60724
6899,77.20544,28.60723
6900,77.33267,28.60504
6901,77.32093,28.60506
6902,77.32125,28.60582
6903,77.32133,28.60577
6904,77.32101,28.60502
6905,77.33187,28.60465
6906,77.33194,28.60456
6907,77.33171,28.60455
6908,77.2348,28.60649
6909,77.23501,28.60612
6910,77.33135,28.60431
6911,77.23521,28.60578
6912,77.33083,28.60399
6913,77.2354,28.60542
6914,77.31088,28.60417
6915,77.31083,28.60411
6916,77.31079,28.60419
6917,77.19023,28.60901
6918,77.1875,28.60608
6919,77.21112,28.60549
6920,77.23577,28.60485
6921,77.23567,28.60478
6922,77.23529,28.60456
6923,77.23594,28.60436
6924,77.32899,28.60277
6925,77.1985,28.60487
6926,77.19857,28.60496
6927,77.32906,28.60267
6928,77.22501,28.60448
6929,77.2251,28.60439
6930,77.1992,28.60498
6931,77.19934,28.60474
6932,77.31311,28.60247
6933,77.32852,28.60233
6934,77.32661,28.60108
6935,77.32655,28.60115
6936,77.32653,28.60103
6937,77.23237,28.60279
6938,77.23203,28.60258
6939,77.23196,28.60254
6940,77.2237,28.60291
6941,77.22333,28.60252
6942,77.23228,28.60198
6943,77.19361,28.60244
6944,77.19408,28.6026
6945,77.19308,28.60262
6946,77.31207,28.60129
6947,77.31134,28.60046
6948,77.19277,28.60243
6949,77.23066,28.60175
6950,77.19369,28.60232
6951,77.23073,28.60167
6952,77.19269,28.60225
6953,77.3075,28.60033
6954,77.23038,28.60158
6955,77.23032,28.60165
6956,77.23032,28.60154
6957,77.23026,28.60161
6958,77.23034,28.60143
6959,77.19287,28.60182
6960,77.20488,28.60151
6961,77.20518,28.6015
6962,77.18038,28.60188
6963,77.18045,28.60218
6964,77.2048,28.60148
6965,77.1807,28.60193
6966,77.18053,28.60185
6967,77.2046,28.60117
6968,77.1931,28.60173
6969,77.19281,28.60133
6970,77.21758,28.60093
6971,77.21783,28.60092
6972,77.31033,28.59932
6973,77.21738,28.60085
6974,77.218,28.60081
6975,77.17947,28.60129
6976,77.21725,28.60065
6977,77.2181,28.60062
6978,77.22869,28.60053
6979,77.22844,28.6004
6980,77.22843,28.60049
6981,77.21725,28.60049
6982,77.22621,28.60021
6983,77.21798,28.60029
6984,77.21736,28.60029
6985,77.22847,28.6001
6986,77.22604,28.60011
6987,77.21681,28.60021
6988,77.21775,28.60018
6989,77.22584,28.59998
6990,77.22848,28.5999
6991,77.18183,28.60055
6992,77.18197,28.60072
6993,77.18175,28.60084
6994,77.18226,28.6006
6995,77.1819,28.60052
6996,77.23219,28.59957
6997,77.23222,28.60009
6998,77.2285,28.59946
6999,77.29792,28.59837
7000,77.29796,28.59829
7001,77.29786,28.59825
7002,77.18374,28.60009
7003,77.18372,28.60003
7004,77.23953,28.59939
7005,77.23979,28.59899
7006,77.25546,28.59843
7007,77.25572,28.59849
7008,77.22854,28.59877
7009,77.25579,28.59829
7010,77.30615,28.59875
7011,77.24036,28.59796
7012,77.24026,28.5979
7013,77.24014,28.5979
7014,77.24006,28.598
7015,77.18753,28.59878
7016,77.18779,28.59866
7017,77.21929,28.59828
7018,77.21913,28.59812
7019,77.21908,28.59807
7020,77.21903,28.59813
7021,77.18784,28.59854
7022,77.18723,28.59852
7023,77.18734,28.59872
7024,77.21929,28.59799
7025,77.21925,28.59794
7026,77.21885,28.59784
7027,77.18774,28.59832
7028,77.21122,28.5978
7029,77.17533,28.59914
7030,77.17392,28.59839
7031,77.18869,28.59808
7032,77.21094,28.59766
7033,77.24081,28.59725
7034,77.24079,28.59708
7035,77.18913,28.59791
7036,77.19102,28.59787
7037,77.22002,28.59738
7038,77.21102,28.59751
7039,77.22327,28.59735
7040,77.21111,28.59747
7041,77.22859,28.59809
7042,77.22864,28.59717
7043,77.22321,28.59731
7044,77.22317,28.59735
7045,77.29856,28.59708
7046,77.29914,28.59592
7047,77.22029,28.59712
7048,77.22039,28.59722
7049,77.2203,28.59704
7050,77.22328,28.59696
7051,77.19045,28.59749
7052,77.19094,28.59745
7053,77.19063,28.59756
7054,77.22041,28.59695
7055,77.16602,28.59771
7056,77.16662,28.59802
7057,77.16597,28.59768
7058,77.19099,28.59725
7059,77.1904,28.59708
7060,77.19033,28.59724
7061,77.19087,28.59704
7062,77.19068,28.59697
7063,77.19145,28.59692
7064,77.16572,28.59754
7065,77.16531,28.59733
7066,77.16325,28.59884
7067,77.16502,28.59713
7068,77.1903,28.59664
7069,77.19039,28.59663
7070,77.16479,28.59693
7071,77.20191,28.59632
7072,77.20362,28.59661
7073,77.19824,28.59659
7074,77.19854,28.59634
7075,77.29943,28.59473
7076,77.29944,28.59465
7077,77.29934,28.59463
7078,77.29933,28.59471
7079,77.19872,28.59625
7080,77.17247,28.59759
7081,77.17077,28.59669
7082,77.19906,28.59622
7083,77.20737,28.59607
7084,77.20744,28.59607
7085,77.19817,28.59622
7086,77.1707,28.59666
7087,77.19991,28.59619
7088,77.20747,28.59599
7089,77.2074,28.59599
7090,77.1936,28.5962
7091,77.20119,28.59608
7092,77.20056,28.59609
7093,77.19401,28.59616
7094,77.16593,28.59659
7095,77.1981,28.59605
7096,77.19882,28.59594
7097,77.1935,28.59601
7098,77.19406,28.596
7099,77.17017,28.59637
7100,77.29954,28.59417
7101,77.20762,28.59567
7102,77.16992,28.59624
7103,77.19358,28.59584
7104,77.19826,28.59576
7105,77.19863,28.59573
7106,77.19394,28.5958
7107,77.19446,28.59579
7108,77.19378,28.59576
7109,77.19553,28.59555
7110,77.30004,28.59375
7111,77.19645,28.59543
7112,77.19572,28.59545
7113,77.19617,28.59514
7114,77.19607,28.5951
7115,77.16939,28.59596
7116,77.16866,28.59558
7117,77.16537,28.59514
7118,77.16359,28.59833
7119,77.16558,28.59489
7120,77.16509,28.59578
7121,77.23991,28.59352
7122,77.24037,28.59541
7123,77.22883,28.59363
7124,77.16847,28.59547
7125,77.1684,28.59543
7126,77.24343,28.59289
7127,77.24183,28.59296
7128,77.24102,28.5929
7129,77.18875,28.59365
7130,77.23982,28.59281
7131,77.18883,28.59362
7132,77.24012,28.59276
7133,77.23992,28.59273
7134,77.23981,28.59271
7135,77.23844,28.59269
7136,77.16794,28.5939
7137,77.16806,28.59382
7138,77.23889,28.59261
7139,77.2386,28.59259
7140,77.2443,28.59217
7141,77.24363,28.59283
7142,77.16684,28.59277
7143,77.16685,28.59309
7144,77.23447,28.59222
7145,77.23452,28.59213
7146,77.23443,28.59212
7147,77.23438,28.5922
7148,77.22889,28.59248
7149,77.22893,28.59191
7150,77.19599,28.5924
7151,77.21275,28.59215
7152,77.21318,28.59203
7153,77.22894,28.59163
7154,77.24011,28.59197
7155,77.24008,28.59139
7156,77.22895,28.59152
7157,77.21287,28.59174
7158,77.21287,28.59164
7159,77.21213,28.5916
7160,77.21221,28.59161
7161,77.21272,28.59158
7162,77.22929,28.59126
7163,77.18784,28.59189
7164,77.18791,28.59185
7165,77.22898,28.59119
7166,77.229,28.59111
7167,77.22843,28.59111
7168,77.22883,28.59158
7169,77.22888,28.59109
7170,77.22851,28.59103
7171,77.22881,28.59086
7172,77.21288,28.59105
7173,77.22893,28.59076
7174,77.22944,28.59121
7175,77.22906,28.59075
7176,77.22372,28.59059
7177,77.22373,28.5905
7178,77.30469,28.58915
7179,77.30609,28.58913
7180,77.30577,28.58913
7181,77.22366,28.5905
7182,77.30529,28.58911
7183,77.18095,28.59114
7184,77.18103,28.59111
7185,77.18092,28.59108
7186,77.18101,28.59104
7187,77.25846,28.58989
7188,77.25841,28.58972
7189,77.25838,28.58944
7190,77.25803,28.58956
7191,77.23992,28.5896
7192,77.2397,28.59011
7193,77.18086,28.59043
7194,77.18081,28.59036
7195,77.18091,28.59037
7196,77.18087,28.59031
7197,77.19531,28.58982
7198,77.19584,28.59183
7199,77.21303,28.5894
7200,77.21299,28.58939
7201,77.21299,28.58949
7202,77.21286,28.58939
7203,77.1827,28.58974
7204,77.18287,28.58979
7205,77.24667,28.58867
7206,77.24663,28.58873
7207,77.18315,28.58967
7208,77.18321,28.58954
7209,77.13858,28.59024
7210,77.22925,28.58936
7211,77.22933,28.58874
7212,77.18258,28.5894
7213,77.18265,28.58932
7214,77.18289,28.58922
7215,77.18627,28.58885
7216,77.18634,28.58881
7217,77.18605,28.58856
7218,77.18624,28.58848
7219,77.18575,28.58847
7220,77.18566,28.58828
7221,77.18635,28.58822
7222,77.17014,28.58849
7223,77.17018,28.58842
7224,77.23951,28.58726
7225,77.23933,28.58725
7226,77.22946,28.5877
7227,77.2295,28.58739
7228,77.24087,28.58719
7229,77.24082,28.58724
7230,77.18627,28.58806
7231,77.18576,28.58804
7232,77.23853,28.58719
7233,77.23833,28.58718
7234,77.23372,28.58775
7235,77.23385,28.58725
7236,77.23798,28.58715
7237,77.23657,28.58717
7238,77.23668,28.58717
7239,77.2376,28.58713
7240,77.18598,28.58795
7241,77.23721,28.5871
7242,77.23703,28.58709
7243,77.23668,28.58706
7244,77.23422,28.587
7245,77.23389,28.58698
7246,77.23377,28.58697
7247,77.23418,28.58689
7248,77.23391,28.58688
7249,77.23378,28.58686
7250,77.23393,28.58665
7251,77.18891,28.58721
7252,77.18914,28.58729
7253,77.18936,28.5872
7254,77.18536,28.58707
7255,77.18945,28.587
7256,77.18881,28.58701
7257,77.22428,28.58632
7258,77.23398,28.58612
7259,77.18932,28.58677
7260,77.21256,28.58582
7261,77.21265,28.58581
7262,77.21256,28.58576
7263,77.16625,28.58642
7264,77.16637,28.58726
7265,77.19374,28.58659
7266,77.19341,28.58595
7267,77.22429,28.58626
7268,77.22439,28.58543
7269,77.22433,28.58543
7270,77.22423,28.58625
7271,77.22989,28.58509
7272,77.23022,28.58512
7273,77.22982,28.58539
7274,77.22976,28.58507
7275,77.22942,28.58504
7276,77.2297,28.58535
7277,77.2302,28.58504
7278,77.2299,28.58501
7279,77.2316,28.58495
7280,77.23179,28.58496
7281,77.18459,28.58576
7282,77.18479,28.58568
7283,77.22977,28.58499
7284,77.22947,28.58496
7285,77.18437,28.58568
7286,77.229,28.5849
7287,77.2319,28.58487
7288,77.23191,28.58482
7289,77.2285,28.58485
7290,77.23298,28.58478
7291,77.23151,28.58478
7292,77.22781,28.58483
7293,77.18429,28.58552
7294,77.22995,28.58474
7295,77.22981,28.58478
7296,77.1928,28.58532
7297,77.19285,28.58535
7298,77.23186,28.58468
7299,77.23165,28.58463
7300,77.23177,28.58463
7301,77.1467,28.58599
7302,77.14692,28.58619
7303,77.19318,28.58523
7304,77.18432,28.58537
7305,77.22448,28.58466
7306,77.22443,28.58466
7307,77.19321,28.58516
7308,77.19266,28.5851
7309,77.18463,28.58523
7310,77.19313,28.58493
7311,77.19298,28.58487
7312,77.1927,28.58498
7313,77.22459,28.58384
7314,77.22453,28.58383
7315,77.18388,28.58436
7316,77.25304,28.58334
7317,77.25301,28.58292
7318,77.25294,28.58315
7319,77.25203,28.58267
7320,77.25223,28.58268
7321,77.25136,28.5829
7322,77.25253,28.58259
7323,77.25244,28.58259
7324,77.22469,28.58305
7325,77.22463,28.58304
7326,77.25192,28.58258
7327,77.25164,28.58258
7328,77.2515,28.58258
7329,77.25169,28.5823
7330,77.21253,28.58327
7331,77.21233,28.58236
7332,77.22489,28.58154
7333,77.26948,28.58033
7334,77.26942,28.58038
7335,77.17705,28.58164
7336,77.17718,28.58163
7337,77.17715,28.58145
7338,77.22497,28.57988
7339,77.20134,28.5798
7340,77.19891,28.57966
7341,77.20604,28.57954
7342,77.20372,28.57976
7343,77.19597,28.57966
7344,77.19634,28.57968
7345,77.21437,28.57934
7346,77.21442,28.57941
7347,77.19674,28.57963
7348,77.19634,28.57962
7349,77.19597,28.5796
7350,77.21451,28.57925
7351,77.21443,28.57925
7352,77.19516,28.57956
7353,77.19437,28.57954
7354,77.19349,28.57952
7355,77.19178,28.57952
7356,77.1926,28.57955
7357,77.21006,28.57939
7358,77.21031,28.57922
7359,77.1926,28.57949
7360,77.19,28.57957
7361,77.19013,28.5795
7362,77.19096,28.57949
7363,77.19179,28.57946
7364,77.20992,28.57908
7365,77.20988,28.57914
7366,77.2103,28.57913
7367,77.19098,28.57943
7368,77.19014,28.57926
7369,77.19004,28.57919
7370,77.18979,28.57923
7371,77.17586,28.5792
7372,77.17668,28.57898
7373,77.17618,28.57873
7374,77.17625,28.57865
7375,77.17586,28.57858
7376,77.17555,28.57912
7377,77.17601,28.57853
7378,77.1759,28.57848
7379,77.21884,28.57766
7380,77.21933,28.57784
7381,77.21052,28.57759
7382,77.2104,28.57796
7383,77.1768,28.5789
7384,77.17649,28.57809
7385,77.17616,28.57804
7386,77.256,28.57571
7387,77.21309,28.57609
7388,77.21316,28.5761
7389,77.21319,28.57607
7390,77.21305,28.57603
7391,77.21317,28.57598
7392,77.21224,28.576
7393,77.2131,28.57598
7394,77.21277,28.57587
7395,77.19002,28.5767
7396,77.19005,28.57622
7397,77.17195,28.57631
7398,77.17186,28.57647
7399,77.22953,28.57575
7400,77.22925,28.5748
7401,77.22913,28.57487
7402,77.22921,28.57472
7403,77.22956,28.57466
7404,77.22982,28.57455
7405,77.18734,28.5752
7406,77.2301,28.57444
7407,77.23149,28.57457
7408,77.23035,28.57433
7409,77.23143,28.5736
7410,77.23136,28.57367
7411,77.25833,28.57268
7412,77.25854,28.57283
7413,77.25789,28.57239
7414,77.25813,28.57254
7415,77.25771,28.57227
7416,77.18519,28.57341
7417,77.18519,28.57357
7418,77.22812,28.57277
7419,77.22801,28.57256
7420,77.22787,28.57229
7421,77.23711,28.57191
7422,77.23701,28.5717
7423,77.22739,28.57142
7424,77.22726,28.57118
7425,77.22713,28.57094
7426,77.17247,28.57169
7427,77.17238,28.57166
7428,77.22701,28.57073
7429,77.17191,28.57152
7430,77.1728,28.57179
7431,77.17259,28.57139
7432,77.22687,28.57048
7433,77.20873,28.57077
7434,77.20892,28.57076
7435,77.17251,28.57133
7436,77.20904,28.57073
7437,77.20869,28.57067
7438,77.20902,28.57064
7439,77.22674,28.57025
7440,77.22663,28.57004
7441,77.20974,28.5703
7442,77.19916,28.57016
7443,77.19923,28.57026
7444,77.21009,28.56997
7445,77.2678,28.56941
7446,77.2681,28.56898
7447,77.1993,28.57032
7448,77.19971,28.56995
7449,77.20679,28.56979
7450,77.20806,28.57063
7451,77.1988,28.56988
7452,77.2683,28.56871
7453,77.19924,28.56983
7454,77.19933,28.56983
7455,77.20248,28.56977
7456,77.20313,28.56975
7457,77.20695,28.56948
7458,77.26853,28.56839
7459,77.18974,28.56998
7460,77.18971,28.56969
7461,77.19002,28.56965
7462,77.20848,28.56934
7463,77.20861,28.56933
7464,77.21086,28.56927
7465,77.21145,28.56914
7466,77.23611,28.5703
7467,77.2352,28.56873
7468,77.18882,28.56959
7469,77.18874,28.56948
7470,77.26874,28.56809
7471,77.18968,28.56939
7472,77.18954,28.5694
7473,77.1903,28.56932
7474,77.23497,28.56835
7475,77.22386,28.56823
7476,77.22303,28.56839
7477,77.22443,28.56808
7478,77.16397,28.56903
7479,77.1638,28.56926
7480,77.22565,28.56759
7481,77.22541,28.56768
7482,77.16485,28.56782
7483,77.1838,28.56851
7484,77.18312,28.56767
7485,77.26991,28.56623
7486,77.27001,28.566
7487,77.27019,28.56568
7488,77.27039,28.56532
7489,77.25009,28.56552
7490,77.24999,28.56548
7491,77.25002,28.56519
7492,77.22537,28.56667
7493,77.22476,28.56553
7494,77.23633,28.56541
7495,77.23711,28.56524
7496,77.17674,28.56601
7497,77.17681,28.56607
7498,77.17686,28.56602
7499,77.17679,28.56596
7500,77.18169,28.56581
7501,77.18163,28.56575
7502,77.17643,28.56577
7503,77.25016,28.56378
7504,77.23351,28.56394
7505,77.23347,28.56387
7506,77.26551,28.56267
7507,77.26536,28.56287
7508,77.25035,28.56283
7509,77.25035,28.56287
7510,77.17894,28.56396
7511,77.17957,28.56393
7512,77.1809,28.56492
7513,77.17966,28.56387
7514,77.26567,28.56245
7515,77.25062,28.56258
7516,77.25078,28.56262
7517,77.25069,28.56253
7518,77.17931,28.56361
7519,77.17923,28.56355
7520,77.17916,28.56362
7521,77.18604,28.56341
7522,77.18573,28.5636
7523,77.25101,28.56234
7524,77.12496,28.56499
7525,77.12424,28.56437
7526,77.25027,28.56231
7527,77.25041,28.56228
7528,77.25026,28.56225
7529,77.17885,28.56338
7530,77.17878,28.56398
7531,77.17961,28.56331
7532,77.17893,28.56331
7533,77.1795,28.56327
7534,77.25183,28.56209
7535,77.25225,28.56204
7536,77.25345,28.56188
7537,77.25605,28.56191
7538,77.2482,28.56081
7539,77.24793,28.56075
7540,77.26117,28.56025
7541,77.26065,28.56075
7542,77.27575,28.56007
7543,77.27553,28.55997
7544,77.27498,28.55982
7545,77.27547,28.56006
7546,77.27504,28.55972
7547,77.20081,28.56084
7548,77.20091,28.56082
7549,77.27453,28.55946
7550,77.18057,28.56226
7551,77.18126,28.56099
7552,77.20168,28.56066
7553,77.20195,28.5606
7554,77.27438,28.55938
7555,77.20243,28.5605
7556,77.20346,28.56027
7557,77.20404,28.56014
7558,77.27342,28.55899
7559,77.2735,28.55903
7560,77.18147,28.56046
7561,77.27355,28.55893
7562,77.27347,28.55889
7563,77.20564,28.5598
7564,77.20654,28.55959
7565,77.27224,28.5585
7566,77.27295,28.55874
7567,77.27147,28.5581
7568,77.23897,28.55843
7569,77.2396,28.55845
7570,77.24467,28.55849
7571,77.24478,28.55825
7572,77.17109,28.55937
7573,77.17118,28.55945
7574,77.23969,28.55842
7575,77.23944,28.55816
7576,77.24491,28.55796
7577,77.26979,28.55712
7578,77.27015,28.5573
7579,77.27031,28.55726
7580,77.26986,28.55703
7581,77.26974,28.55697
7582,77.24521,28.55742
7583,77.24525,28.55736
7584,77.2452,28.55732
7585,77.24516,28.55738
7586,77.20761,28.55767
7587,77.24586,28.55693
7588,77.24582,28.55688
7589,77.2089,28.55737
7590,77.2462,28.55674
7591,77.18271,28.55783
7592,77.18283,28.55771
7593,77.24647,28.5566
7594,77.17279,28.55773
7595,77.17233,28.55808
7596,77.2711,28.55703
7597,77.27056,28.55609
7598,77.17312,28.55775
7599,77.17305,28.55766
7600,77.21647,28.557
7601,77.21655,28.55692
7602,77.26758,28.55608
7603,77.26765,28.55605
7604,77.20986,28.55676
7605,77.25135,28.55595
7606,77.25088,28.55596
7607,77.24756,28.55602
7608,77.1839,28.55699
7609,77.17379,28.55699
7610,77.17334,28.55729
7611,77.26723,28.55553
7612,77.26708,28.55546
7613,77.26673,28.55528
7614,77.26755,28.55495
7615,77.21723,28.55622
7616,77.21855,28.55553
7617,77.21039,28.55622
7618,77.21127,28.55536
7619,77.23191,28.55462
7620,77.23191,28.55467
7621,77.23199,28.55463
7622,77.23198,28.55454
7623,77.2319,28.55453
7624,77.21283,28.55431
7625,77.22838,28.55402
7626,77.22836,28.55396
7627,77.26752,28.5532
7628,77.26748,28.5537
7629,77.27011,28.55215
7630,77.27024,28.55215
7631,77.27006,28.5521
7632,77.26899,28.55326
7633,77.27032,28.55207
7634,77.26767,28.552
7635,77.26772,28.552
7636,77.26762,28.55199
7637,77.26469,28.55273
7638,77.26435,28.55187
7639,77.16627,28.55346
7640,77.16628,28.55353
7641,77.26754,28.55187
7642,77.16637,28.5534
7643,77.16776,28.55259
7644,77.1656,28.55286
7645,77.16505,28.55162
7646,77.26292,28.5494
7647,77.26162,28.549
7648,77.26054,28.54872
7649,77.26,28.54874
7650,77.18045,28.54926
7651,77.24267,28.54813
7652,77.1803,28.54899
7653,77.17999,28.54823
7654,77.17988,28.54791
7655,77.31147,28.5453
7656,77.31153,28.54536
7657,77.24338,28.54682
7658,77.24368,28.54628
7659,77.20981,28.54782
7660,77.20944,28.54675
7661,77.24974,28.54598
7662,77.24988,28.54603
7663,77.25032,28.54609
7664,77.2504,28.54592
7665,77.17961,28.54706
7666,77.25028,28.54588
7667,77.24994,28.54575
7668,77.19978,28.54531
7669,77.19997,28.54527
7670,77.20189,28.54538
7671,77.20178,28.54518
7672,77.24456,28.54472
7673,77.2447,28.54446
7674,77.2017,28.54502
7675,77.20119,28.54491
7676,77.20159,28.54508
7677,77.24616,28.54437
7678,77.246,28.5441
7679,77.2459,28.54427
7680,77.24544,28.5441
7681,77.20157,28.54477
7682,77.20178,28.54469
7683,77.20153,28.54469
7684,77.12599,28.54615
7685,77.12681,28.54577
7686,77.20143,28.54449
7687,77.2013,28.54454
7688,77.2017,28.54442
7689,77.20875,28.54385
7690,77.20889,28.54397
7691,77.20889,28.54355
7692,77.20893,28.54345
7693,77.21157,28.5434
7694,77.21209,28.54326
7695,77.21209,28.54317
7696,77.21152,28.54313
7697,77.21396,28.54293
7698,77.21221,28.54304
7699,77.21441,28.5429
7700,77.21662,28.5427
7701,77.21532,28.54281
7702,77.21746,28.54264
7703,77.21942,28.54248
7704,77.21981,28.54246
7705,77.21982,28.54257
7706,77.22455,28.5421
7707,77.22417,28.54213
7708,77.22482,28.54208
7709,77.22802,28.542
7710,77.22905,28.54198
7711,77.24818,28.54144
7712,77.24776,28.54171
7713,77.24835,28.54135
7714,77.24853,28.54125
7715,77.24876,28.54121
7716,77.24955,28.54087
7717,77.2495,28.54082
7718,77.2498,28.54076
7719,77.25079,28.54025
7720,77.25065,28.54032
7721,77.25096,28.54018
7722,77.25113,28.5401
7723,77.2519,28.53976
7724,77.25129,28.54003
7725,77.25204,28.5397
7726,77.25221,28.53963
7727,77.2524,28.53954
7728,77.12931,28.54188
7729,77.12964,28.54152
7730,77.2526,28.53946
7731,77.25358,28.53903
7732,77.25334,28.53914
7733,77.25372,28.53897
7734,77.27216,28.53854
7735,77.27198,28.53869
7736,77.27146,28.53847
7737,77.27226,28.53839
7738,77.25439,28.53867
7739,77.27103,28.53826
7740,77.27236,28.53824
7741,77.27247,28.53807
7742,77.27036,28.53794
7743,77.26996,28.53774
7744,77.25598,28.53796
7745,77.29019,28.53777
7746,77.27278,28.53759
7747,77.26951,28.53752
7748,77.1312,28.54004
7749,77.23961,28.538
7750,77.23974,28.53831
7751,77.27287,28.53744
7752,77.27297,28.53729
7753,77.26716,28.53735
7754,77.26701,28.53772
7755,77.27317,28.53697
7756,77.2571,28.53714
7757,77.25677,28.53747
7758,77.26732,28.53696
7759,77.27325,28.53685
7760,77.27332,28.53689
7761,77.27335,28.53685
7762,77.27328,28.53681
7763,77.26737,28.53685
7764,77.26746,28.53689
7765,77.26767,28.53687
7766,77.26749,28.53682
7767,77.26739,28.53679
7768,77.27349,28.5365
7769,77.14542,28.53856
7770,77.14548,28.53853
7771,77.14537,28.5385
7772,77.14544,28.53847
7773,77.27357,28.53636
7774,77.14571,28.53832
7775,77.27373,28.53612
7776,77.14509,28.53812
7777,77.14643,28.53791
7778,77.27395,28.53577
7779,77.14685,28.53767
7780,77.27428,28.53526
7781,77.19744,28.53632
7782,77.19754,28.53627
7783,77.14482,28.53764
7784,77.28152,28.53423
7785,77.26002,28.53439
7786,77.14366,28.53617
7787,77.27474,28.53469
7788,77.27519,28.53402
7789,77.14371,28.53613
7790,77.25996,28.53423
7791,77.14969,28.53611
7792,77.15001,28.53593
7793,77.25989,28.53405
7794,77.15023,28.5358
7795,77.2598,28.53382
7796,77.14326,28.53565
7797,77.14332,28.53561
7798,77.15081,28.53546
7799,77.25452,28.53339
7800,77.2758,28.53308
7801,77.27584,28.53302
7802,77.27577,28.53298
7803,77.27573,28.53304
7804,77.25959,28.53321
7805,77.25966,28.53342
7806,77.2758,28.53293
7807,77.27594,28.53286
7808,77.14283,28.53496
7809,77.2762,28.53233
7810,77.27601,28.53262
7811,77.23212,28.53305
7812,77.23213,28.53294
7813,77.14216,28.53443
7814,77.1422,28.53438
7815,77.25326,28.53291
7816,77.25246,28.5326
7817,77.14214,28.53432
7818,77.23193,28.53265
7819,77.23161,28.53292
7820,77.25177,28.53232
7821,77.27654,28.53182
7822,77.27661,28.53186
7823,77.27666,28.53178
7824,77.27659,28.53174
7825,77.27673,28.53168
7826,77.27666,28.53164
7827,77.15163,28.53351
7828,77.15161,28.53333
7829,77.20358,28.53245
7830,77.20385,28.53251
7831,77.15165,28.53323
7832,77.15223,28.53289
7833,77.15233,28.53284
7834,77.20182,28.53205
7835,77.15302,28.53229
7836,77.15295,28.53225
7837,77.15228,28.53279
7838,77.19515,28.53159
7839,77.19472,28.53156
7840,77.15338,28.53173
7841,77.15329,28.5317
7842,77.25785,28.52875
7843,77.25829,28.52989
7844,77.2148,28.52924
7845,77.21478,28.52933
7846,77.25007,28.52799
7847,77.24995,28.52799
7848,77.25049,28.52798
7849,77.14821,28.5295
7850,77.14837,28.52937
7851,77.14851,28.52927
7852,77.15863,28.52903
7853,77.15845,28.52911
7854,77.15884,28.52897
7855,77.14878,28.52911
7856,77.14902,28.52897
7857,77.23121,28.52757
7858,77.23134,28.52755
7859,77.23131,28.52749
7860,77.23119,28.5275
7861,77.15731,28.52843
7862,77.14978,28.52854
7863,77.15033,28.52824
7864,77.25704,28.52646
7865,77.25698,28.52647
7866,77.18928,28.52766
7867,77.18917,28.52755
7868,77.15551,28.52853
7869,77.15616,28.52809
7870,77.15065,28.52795
7871,77.23441,28.52657
7872,77.23499,28.52639
7873,77.23516,28.52634
7874,77.23534,28.52629
7875,77.23553,28.52625
7876,77.23561,28.52622
7877,77.23572,28.52617
7878,77.15658,28.52752
7879,77.15632,28.52724
7880,77.23644,28.52546
7881,77.16209,28.52661
7882,77.16204,28.52655
7883,77.23656,28.52533
7884,77.23668,28.52519
7885,77.2368,28.52506
7886,77.23693,28.52491
7887,77.23705,28.52477
7888,77.23717,28.52463
7889,77.23771,28.52415
7890,77.23765,28.52411
7891,77.23761,28.52415
7892,77.23703,28.52368
7893,77.23062,28.52368
7894,77.23042,28.52375
7895,77.23079,28.52361
7896,77.231,28.52354
7897,77.23123,28.52344
7898,77.23204,28.52315
7899,77.23241,28.5231
7900,77.23253,28.52309
7901,77.23336,28.52306
7902,77.23295,28.52308
7903,77.23382,28.52304
7904,77.23399,28.52303
7905,77.23469,28.52301
7906,77.23485,28.523
7907,77.23511,28.52299
7908,77.23516,28.52299
7909,77.23555,28.52298
7910,77.23894,28.52263
7911,77.19018,28.52392
7912,77.19081,28.52329
7913,77.19018,28.52346
7914,77.19174,28.52305
7915,77.19078,28.52315
7916,77.19006,28.52298
7917,77.19243,28.52287
7918,77.1934,28.52264
7919,77.23627,28.51837
7920,77.23608,28.51838
7921,77.23589,28.51838
7922,77.23532,28.51839
7923,77.23511,28.51839
7924,77.23486,28.51839
7925,77.2348,28.51839
7926,77.23656,28.51835
7927,77.23665,28.51831
7928,77.21543,28.51818
7929,77.2157,28.5179
7930,77.21691,28.5177
7931,77.2963,28.51629
7932,77.29571,28.51767
7933,77.21824,28.51741
7934,77.2216,28.51671
7935,77.22623,28.51577
7936,77.22672,28.51589
7937,77.22669,28.51571
7938,77.2268,28.51568
7939,77.22709,28.5156
7940,77.24041,28.51264
7941,77.24082,28.51255
7942,77.24286,28.51235
7943,77.24357,28.51233
7944,77.18329,28.51138
7945,77.18323,28.51149
7946,77.2907,28.50176
7947,77.29086,28.50172
7948,77.29093,28.50169
7949,77.29076,28.50153
7950,77.23242,28.57344
7951,77.28607,28.63243
7952,77.28615,28.63243
7953,77.31218,28.62921
7954,77.31263,28.62811
7955,77.12452,28.54684
7956,77.21019,28.53706
7957,77.20996,28.53683
7958,77.20957,28.53646
7959,77.20934,28.53623
7960,77.20915,28.53605
7961,77.20896,28.53587
7962,77.20816,28.53509
7963,77.20781,28.53475
7964,77.20731,28.53427
7965,77.207,28.53396
7966,77.28704,28.63248
7967,77.28783,28.63258
7968,77.2893,28.63372
7969,77.28992,28.6342
7970,77.29046,28.63462
7971,77.29063,28.63476
7972,77.29075,28.63485
7973,77.2919,28.63575
7974,77.29602,28.63895
7975,77.29495,28.63801
7976,77.29434,28.63754
7977,77.29554,28.63952
7978,77.29566,28.6394
7979,77.2839,28.63929
7980,77.28354,28.63988
7981,77.28367,28.63966
7982,77.28344,28.64004
7983,77.2832,28.64043
7984,77.28197,28.6425
7985,77.28989,28.61988
7986,77.29037,28.62019
7987,77.29142,28.62048
7988,77.29139,28.62055
7989,77.29166,28.62064
7990,77.29222,28.62083
7991,77.29268,28.62099
7992,77.29428,28.62155
7993,77.2947,28.6217
7994,77.29514,28.62185
7995,77.29594,28.62203
7996,77.29517,28.62177
7997,77.29665,28.62227
7998,77.29769,28.62261
7999,77.30528,28.58917
8000,77.30584,28.58919
8001,77.29967,28.62335
8002,77.308,28.62605
8003,77.30687,28.62565
8004,77.3065,28.62552
8005,77.30602,28.62535
8006,77.30338,28.59546
8007,77.30259,28.59447
8008,77.31817,28.61381
8009,77.31712,28.61355
8010,77.32446,28.60359
8011,77.32518,28.6028
8012,77.2132,28.57948
8013,77.32093,28.60747
8014,77.21226,28.57608
8015,77.21279,28.57597
8016,77.33141,28.60422
8017,77.33091,28.6039
8018,77.33178,28.60446
8019,77.3352,28.60374
8020,77.33499,28.604
8021,77.29847,28.59705
8022,77.2983,28.59738
8023,77.29879,28.59862
8024,77.29839,28.59846
8025,77.29803,28.59832
8026,77.31713,28.6402
8027,77.20665,28.55782
8028,77.20667,28.55787
8029,77.29964,28.63033
8030,77.29856,28.63244
8031,77.29831,28.63224
8032,77.3059,28.63595
8033,77.30574,28.63569
8034,77.22908,28.57451
8035,77.22901,28.57438
8036,77.22876,28.57392
8037,77.2283,28.57309
8038,77.2278,28.57217
8039,77.22654,28.56987
8040,77.22645,28.56972
8041,77.22564,28.56742
8042,77.22559,28.56714
8043,77.2258,28.56855
8044,77.22497,28.55474
8045,77.22658,28.55441
8046,77.28545,28.63669
8047,77.28557,28.63647
8048,77.23015,28.55801
8049,77.22951,28.55659
8050,77.14408,28.59856
8051,77.146,28.59781
8052,77.14624,28.59771
8053,77.14873,28.5967
8054,77.14909,28.59657
8055,77.24143,28.55913
8056,77.2411,28.55905
8057,77.24193,28.55926
8058,77.24239,28.55937
8059,77.14324,28.53329
8060,77.14503,28.53193
8061,77.24389,28.55975
8062,77.24368,28.5597
8063,77.24493,28.56
8064,77.24451,28.5599
8065,77.24518,28.56007
8066,77.24536,28.56011
8067,77.24563,28.56018
8068,77.24626,28.56034
8069,77.24615,28.56031
8070,77.24663,28.56043
8071,77.20403,28.56971
8072,77.2468,28.56048
8073,77.24708,28.56055
8074,77.24733,28.56061
8075,77.25027,28.56215
8076,77.25008,28.56197
8077,77.15626,28.52728
8078,77.15662,28.52769
8079,77.15795,28.52926
8080,77.16405,28.5932
8081,77.16381,28.59309
8082,77.16367,28.59302
8083,77.16235,28.59248
8084,77.16108,28.59194
8085,77.16075,28.59179
8086,77.14476,28.53767
8087,77.14514,28.53807
8088,77.14576,28.53837
8089,77.14646,28.53797
8090,77.1469,28.53771
8091,77.14742,28.53742
8092,77.14751,28.53728
8093,77.14737,28.53737
8094,77.14996,28.53587
8095,77.14965,28.53605
8096,77.1502,28.53573
8097,77.15077,28.5354
8098,77.21741,28.56889
8099,77.21905,28.5688
8100,77.21239,28.56911
8101,77.21407,28.56905
8102,77.25038,28.58383
8103,77.24927,28.58514
8104,77.24898,28.58548
8105,77.25126,28.58284
8106,77.2516,28.5823
8107,77.25092,28.58319
8108,77.16489,28.55166
8109,77.16555,28.55298
8110,77.26812,28.53501
8111,77.26803,28.53522
8112,77.26788,28.53556
8113,77.16964,28.5515
8114,77.16901,28.55187
8115,77.16811,28.55239
8116,77.13806,28.58422
8117,77.13775,28.58418
8118,77.13737,28.58413
8119,77.13855,28.58428
8120,77.13912,28.58436
8121,77.13961,28.58442
8122,77.14078,28.58456
8123,77.14403,28.58501
8124,77.16595,28.55296
8125,77.16913,28.55773
8126,77.1693,28.55788
8127,77.25193,28.51189
8128,77.25233,28.51186
8129,77.20376,28.52032
8130,77.20405,28.52025
8131,77.20301,28.52048
8132,77.20348,28.52038
8133,77.2122,28.51848
8134,77.21254,28.51841
8135,77.19134,28.61012
8136,77.22958,28.58677
8137,77.22916,28.59008
8138,77.23199,28.55467
8139,77.22999,28.60133
8140,77.19659,28.54587
8141,77.19606,28.546
8142,77.21895,28.54092
8143,77.21921,28.54112
8144,77.23362,28.58886
8145,77.23362,28.58876
8146,77.2336,28.58772
8147,77.23349,28.58877
8148,77.23373,28.58723
8149,77.2338,28.58663
8150,77.23386,28.58611
8151,77.23297,28.58488
8152,77.23629,28.58715
8153,77.23701,28.5872
8154,77.20302,28.53233
8155,77.20426,28.53259
8156,77.20471,28.53271
8157,77.2372,28.58721
8158,77.23758,28.58723
8159,77.20599,28.53311
8160,77.23797,28.58726
8161,77.23831,28.58729
8162,77.23852,28.5873
8163,77.23931,28.58736
8164,77.2395,28.58737
8165,77.20762,28.53457
8166,77.2446,28.55847
8167,77.24441,28.5589
8168,77.24471,28.55823
8169,77.24485,28.55794
8170,77.2109,28.53776
8171,77.24008,28.58949
8172,77.24097,28.58754
8173,77.24099,28.5872
8174,77.24097,28.5857
8175,77.24621,28.55667
8176,77.24081,28.58751
8177,77.24085,28.58753
8178,77.24645,28.55654
8179,77.24936,28.55595
8180,77.24993,28.55595
8181,77.25037,28.55595
8182,77.20894,28.54444
8183,77.21101,28.55122
8184,77.21084,28.55075
8185,77.21075,28.55048
8186,77.24602,28.58979
8187,77.2451,28.59106
8188,77.24655,28.58888
8189,77.22899,28.58498
8190,77.22849,28.58493
8191,77.2278,28.58492
8192,77.26602,28.56197
8193,77.22442,28.51613
8194,77.22458,28.51609
8195,77.22476,28.51605
8196,77.28425,28.50251
8197,77.28493,28.50248
8198,77.218,28.58992
8199,77.21708,28.58982
8200,77.21649,28.58976
8201,77.21581,28.58969
8202,77.28946,28.50189
8203,77.28936,28.5019
8204,77.289,28.50194
8205,77.22412,28.59054
8206,77.2259,28.59074
8207,77.22555,28.59069
8208,77.2312,28.55317
8209,77.23637,28.52323
8210,77.23622,28.52312
8211,77.21909,28.59819
8212,77.21919,28.5983
8213,77.22328,28.60246
8214,77.25356,28.54717
8215,77.25268,28.54684
8216,77.25383,28.54727
8217,77.23208,28.53339
8218,77.26749,28.5549
8219,77.26757,28.55369
8220,77.26761,28.5532
8221,77.26908,28.55327
8222,77.29268,28.52402
8223,77.29231,28.52469
8224,77.23946,28.53769
8225,77.23934,28.53748
8226,77.23921,28.53728
8227,77.23907,28.53706
8228,77.23885,28.53675
8229,77.23892,28.53685
8230,77.23863,28.53646
8231,77.272,28.53876
8232,77.27223,28.53858
8233,77.27236,28.53838
8234,77.27243,28.53827
8235,77.27254,28.5381
8236,77.27288,28.53758
8237,77.21768,28.59664
8238,77.21692,28.59585
8239,77.27294,28.53748
8240,77.27304,28.53733
8241,77.21466,28.59347
8242,77.21424,28.59304
8243,77.27325,28.53701
8244,77.27356,28.53654
8245,77.27364,28.5364
8246,77.2738,28.53615
8247,77.27402,28.5358
8248,77.27435,28.53529
8249,77.27468,28.53465
8250,77.27512,28.53398
8251,77.27608,28.53266
8252,77.27627,28.53236
8253,77.21685,28.60015
8254,77.22977,28.54619
8255,77.23,28.54573
8256,77.24277,28.54795
8257,77.22434,28.60396
8258,77.22477,28.60432
8259,77.22492,28.60453
8260,77.24405,28.54562
8261,77.24482,28.54386
8262,77.24245,28.54299
8263,77.24504,28.54394
8264,77.24633,28.54324
8265,77.24585,28.54403
8266,77.24779,28.54176
8267,77.2482,28.5415
8268,77.24838,28.54141
8269,77.25037,28.54044
8270,77.25039,28.5405
8271,77.25067,28.54037
8272,77.25081,28.54031
8273,77.25099,28.54024
8274,77.25122,28.54013
8275,77.25132,28.54009
8276,77.25175,28.5399
8277,77.25286,28.53934
8278,77.25624,28.53782
8279,77.24824,28.55595
8280,77.24758,28.55608
8281,77.23127,28.51459
8282,77.23218,28.51439
8283,77.22786,28.51542
8284,77.22871,28.51523
8285,77.22954,28.51505
8286,77.23012,28.51491
8287,77.23401,28.51403
8288,77.23428,28.51397
8289,77.23511,28.51379
8290,77.23667,28.51342
8291,77.24397,28.5123
8292,77.24474,28.51226
8293,77.22741,28.61133
8294,77.24607,28.51218
8295,77.24651,28.51216
8296,77.24874,28.51205
8297,77.24936,28.51205
8298,77.25004,28.51203
8299,77.2505,28.512
8300,77.2314,28.60952
8301,77.23127,28.60944
8302,77.14631,28.58502
8303,77.14645,28.58553
8304,77.14482,28.57938
8305,77.14491,28.57973
8306,77.14511,28.58047
8307,77.23168,28.60237
8308,77.23164,28.60235
8309,77.23192,28.60251
8310,77.24079,28.59907
8311,77.24084,28.59824
8312,77.25253,28.58268
8313,77.25294,28.58333
8314,77.27248,28.58127
8315,77.26964,28.58051
8316,77.26956,28.58061
8317,77.27253,28.58143
8318,77.2508,28.5312
8319,77.25064,28.53085
8320,77.25096,28.53147
8321,77.25141,28.53198
8322,77.25424,28.53328
8323,77.25386,28.53314
8324,77.22432,28.64394
8325,77.22398,28.6441
8326,77.22375,28.64437
8327,77.23213,28.64222
8328,77.2311,28.64249
8329,77.25059,28.639
8330,77.25104,28.63894
8331,77.25212,28.62959
8332,77.25156,28.62885
8333,77.20478,28.61738
8334,77.20076,28.61748
8335,77.20006,28.61753
8336,77.19974,28.61755
8337,77.14277,28.535
8338,77.15219,28.53284
8339,77.15163,28.53315
8340,77.1307,28.5405
8341,77.219,28.62237
8342,77.21903,28.62313
8343,77.21915,28.62294
8344,77.2191,28.62239
8345,77.26665,28.56112
8346,77.26699,28.56066
8347,77.26672,28.56102
8348,77.26778,28.55957
8349,77.26744,28.56005
8350,77.268,28.55928
8351,77.12548,28.54639
8352,77.24315,28.63985
8353,77.24426,28.6397
8354,77.22666,28.64208
8355,77.22645,28.64179
8356,77.22581,28.6409
8357,77.22562,28.64064
8358,77.22518,28.64004
8359,77.26873,28.55831
8360,77.22465,28.63934
8361,77.22492,28.63969
8362,77.27187,28.55408
8363,77.27117,28.55504
8364,77.27096,28.55532
8365,77.21928,28.62536
8366,77.21925,28.62489
8367,77.21914,28.6249
8368,77.21917,28.62535
8369,77.21778,28.62622
8370,77.21726,28.62607
8371,77.21771,28.62629
8372,77.22046,28.62621
8373,77.22077,28.62629
8374,77.22153,28.62625
8375,77.21502,28.62702
8376,77.21598,28.62611
8377,77.22273,28.62733
8378,77.22202,28.62861
8379,77.22736,28.63513
8380,77.22667,28.63553
8381,77.2412,28.63804
8382,77.24115,28.63522
8383,77.24111,28.63493
8384,77.24107,28.63461
8385,77.24097,28.63324
8386,77.24102,28.63239
8387,77.2413,28.6293
8388,77.24135,28.62872
8389,77.24139,28.62814
8390,77.23165,28.61621
8391,77.23144,28.61669
8392,77.24044,28.61697
8393,77.24026,28.60685
8394,77.24016,28.61169
8395,77.24013,28.61121
8396,77.24063,28.61283
8397,77.25745,28.59301
8398,77.25754,28.59275
8399,77.25826,28.5898
8400,77.23068,28.5742
8401,77.2235,28.60289
8402,77.13104,28.56852
8403,77.13363,28.57006
8404,77.18386,28.55691
8405,77.18276,28.55764
8406,77.18264,28.55777
8407,77.18137,28.56043
8408,77.1812,28.56087
8409,77.22433,28.62684
8410,77.22373,28.62651
8411,77.2064,28.55955
8412,77.20586,28.55967
8413,77.23172,28.62279
8414,77.2318,28.62403
8415,77.23187,28.62403
8416,77.2318,28.62281
8417,77.23173,28.62179
8418,77.23172,28.6216
8419,77.17738,28.6207
8420,77.23164,28.6216
8421,77.26759,28.56971
8422,77.26763,28.56966
8423,77.23152,28.61966
8424,77.23155,28.62005
8425,77.17478,28.61438
8426,77.16086,28.57605
8427,77.16132,28.57635
8428,77.23419,28.61701
8429,77.20344,28.5602
8430,77.20243,28.56042
8431,77.20195,28.56053
8432,77.20167,28.56059
8433,77.23443,28.61734
8434,77.23565,28.61884
8435,77.1651,28.58397
8436,77.26421,28.57623
8437,77.26354,28.5758
8438,77.2365,28.61998
8439,77.26588,28.57732
8440,77.26582,28.57727
8441,77.16754,28.60034
8442,77.16773,28.60067
8443,77.23643,28.62004
8444,77.23684,28.62058
8445,77.17648,28.56572
8446,77.17389,28.56417
8447,77.17074,28.56286
8448,77.27955,28.5042
8449,77.28062,28.50356
8450,77.18042,28.62345
8451,77.24067,28.62763
8452,77.18106,28.62388
8453,77.24134,28.62653
8454,77.24116,28.62623
8455,77.20483,28.64144
8456,77.20501,28.64134
8457,77.20523,28.6412
8458,77.20552,28.64103
8459,77.20435,28.64183
8460,77.20473,28.64152
8461,77.26919,28.56743
8462,77.20525,28.64098
8463,77.20516,28.64084
8464,77.27057,28.56504
8465,77.17178,28.57158
8466,77.17187,28.57161
8467,77.17234,28.57176
8468,77.20301,28.64305
8469,77.20309,28.64305
8470,77.19065,28.64436
8471,77.19005,28.64432
8472,77.19027,28.64434
8473,77.18853,28.64407
8474,77.18413,28.56892
8475,77.18396,28.56871
8476,77.2743,28.55947
8477,77.27446,28.55955
8478,77.18604,28.64371
8479,77.23652,28.60978
8480,77.23657,28.60986
8481,77.23702,28.60971
8482,77.23777,28.60953
8483,77.18226,28.64316
8484,77.1835,28.64334
8485,77.18398,28.64341
8486,77.18142,28.64305
8487,77.18171,28.64309
8488,77.23871,28.60928
8489,77.19674,28.57969
8490,77.19974,28.57973
8491,77.24023,28.60719
8492,77.19683,28.64579
8493,77.2282,28.61492
8494,77.22838,28.61497
8495,77.29487,28.53975
8496,77.29678,28.54055
8497,77.29189,28.53848
8498,77.29241,28.5387
8499,77.16752,28.57029
8500,77.16912,28.57077
8501,77.16916,28.57068
8502,77.16755,28.57019
8503,77.26894,28.55802
8504,77.27011,28.55647
8505,77.26985,28.55682
8506,77.27045,28.556
8507,77.18986,28.57161
8508,77.18982,28.57102
8509,77.27502,28.54982
8510,77.27466,28.55033
8511,77.18978,28.5705
8512,77.18514,28.58664
8513,77.18989,28.57221
8514,77.20771,28.63861
8515,77.20765,28.63923
8516,77.20752,28.63792
8517,77.20741,28.63777
8518,77.20708,28.63732
8519,77.17391,28.57286
8520,77.1737,28.5733
8521,77.1734,28.57382
8522,77.17182,28.57149
8523,77.19,28.57696
8524,77.19366,28.58664
8525,77.19462,28.5885
8526,77.19333,28.58597
8527,77.19473,28.58848
8528,77.16939,28.5755
8529,77.19595,28.59183
8530,77.1954,28.58979
8531,77.19588,28.5924
8532,77.19148,28.59697
8533,77.19818,28.59657
8534,77.19991,28.59611
8535,77.19907,28.59615
8536,77.19668,28.59554
8537,77.1944,28.59572
8538,77.201,28.63473
8539,77.20085,28.63453
8540,77.20361,28.59654
8541,77.20196,28.59626
8542,77.19662,28.62605
8543,77.1959,28.62645
8544,77.19758,28.62549
8545,77.20706,28.59605
8546,77.20679,28.59612
8547,77.20669,28.59615
8548,77.20682,28.5962
8549,77.17404,28.63425
8550,77.20671,28.59623
8551,77.16923,28.58984
8552,77.16941,28.58957
8553,77.18855,28.63953
8554,77.18836,28.63925
8555,77.18908,28.64043
8556,77.19348,28.57958
8557,77.19437,28.57961
8558,77.21059,28.62866
8559,77.21022,28.62849
8560,77.21209,28.62932
8561,77.21187,28.62923
8562,77.21075,28.62873
8563,77.19785,28.62299
8564,77.19745,28.62281
8565,77.20434,28.64494
8566,77.17209,28.57608
8567,77.19525,28.62182
8568,77.32855,28.62921
8569,77.33587,28.60729
8570,77.32996,28.60954
8571,77.33194,28.60777
8572,77.33255,28.60701
8573,77.25979,28.53472
8574,77.25923,28.53488
8575,77.21271,28.59229
8576,77.24009,28.60966
8577,77.23983,28.5411
8578,77.23971,28.54142
8579,77.23998,28.54065
8580,77.19472,28.60288
8581,77.19527,28.60313
8582,77.26779,28.55454
8583,77.12482,28.5467
8584,77.12506,28.54659
8585,77.1115,28.54512
8586,77.11188,28.54503
8587,77.11314,28.54472
8588,77.1136,28.54462
8589,77.1139,28.54455
8590,77.19247,28.64461
8591,77.2074,28.62708
8592,77.20734,28.62697
8593,77.26718,28.57844
8594,77.28947,28.4873
8595,77.28931,28.48635
8596,77.28686,28.48957
8597,77.28683,28.48939
8598,77.287,28.4895
8599,77.28673,28.48966
8600,77.28678,28.49017
8601,77.18493,28.49941
8602,77.31397,28.5002
8603,77.31275,28.50002
8604,77.31412,28.50021
8605,77.1739,28.50528
8606,77.17449,28.50585
8607,77.17457,28.50576
8608,77.17455,28.50591
8609,77.17464,28.50581
8610,77.0942,28.51574
8611,77.09433,28.51594
8612,77.08053,28.51799
8613,77.08083,28.51872
8614,77.08098,28.51853
8615,77.08112,28.51872
8616,77.15984,28.51843
8617,77.15976,28.51839
8618,77.15972,28.51864
8619,77.16003,28.5186
8620,77.08201,28.52069
8621,77.08181,28.52089
8622,77.08214,28.52118
8623,77.08237,28.5218
8624,77.09936,28.52368
8625,77.10035,28.52515
8626,77.10292,28.5281
8627,77.10239,28.52731
8628,77.10317,28.52847
8629,77.1032,28.52852
8630,77.18505,28.49827
8631,77.18494,28.49875
8632,77.18489,28.49934
8633,77.14787,28.49318
8634,77.14667,28.49266
8635,77.31182,28.4999
8636,77.31109,28.49994
8637,77.17563,28.5069
8638,77.17574,28.50699
8639,77.20542,28.53293
8640,77.13468,28.53823
8641,77.13554,28.53814
8642,77.24021,28.60748
8643,77.24022,28.60738
8644,77.22932,28.59117
8645,77.23658,28.58706
8646,77.2363,28.58704
8647,77.23188,28.54174
8648,77.23194,28.54163
8649,77.24045,28.62523
8650,77.24025,28.61354
8651,77.23959,28.6241
8652,77.23896,28.62327
8653,77.16783,28.60063
8654,77.25951,28.53302
8655,77.23471,28.56787
8656,77.20319,28.54788
8657,77.20315,28.54779
8658,77.23992,28.59282
8659,77.24033,28.59518
8660,77.24045,28.59525
8661,77.24044,28.59514
8662,77.24005,28.59284
8663,77.24002,28.58973
8664,77.23074,28.54416
8665,77.29565,28.51783
8666,77.22886,28.59302
8667,77.22869,28.5963
8668,77.22874,28.59539
8669,77.28658,28.50227
8670,77.2511,28.51195
8671,77.23269,28.61559
8672,77.23298,28.61544
8673,77.2331,28.61537
8674,77.24329,28.56501
8675,77.243,28.56499
8676,77.30723,28.54581
8677,77.30729,28.54576
8678,77.3073,28.54556
8679,77.30718,28.54562
8680,77.24007,28.60717
8681,77.26723,28.56033
8682,77.23345,28.56465
8683,77.23314,28.56538
8684,77.29873,28.6441
8685,77.29869,28.64407
8686,77.29865,28.64404
8687,77.21162,28.57972
8688,77.2116,28.57965
8689,77.27792,28.50494
8690,77.22131,28.59025
8691,77.22063,28.59018
8692,77.24011,28.60894
8693,77.23983,28.62468
8694,77.23994,28.62459
8695,77.29409,28.53941
8696,77.24103,28.63226
8697,77.25618,28.54823
8698,77.25508,28.54778
8699,77.24121,28.63585
8700,77.23145,28.64035
8701,77.23138,28.6398
8702,77.22637,28.6288
8703,77.26946,28.63808
8704,77.26941,28.63906
8705,77.29412,28.58418
8706,77.29436,28.58375
8707,77.29256,28.59619
8708,77.29252,28.59627
8709,77.10167,28.52627
8710,77.09811,28.52181
8711,77.09817,28.52191
8712,77.09853,28.52165
8713,77.09851,28.5216
8714,77.09848,28.52181
8715,77.24198,28.54282
8716,77.24168,28.54272
8717,77.23036,28.54189
8718,77.23039,28.5418
8719,77.23038,28.5417
8720,77.23148,28.54151
8721,77.2303,28.54161
8722,77.22972,28.54166
8723,77.27322,28.55226
8724,77.2721,28.55378
8725,77.27236,28.56103
8726,77.2726,28.56136
8727,77.27275,28.56115
8728,77.27279,28.56103
8729,77.23167,28.64069
8730,77.23157,28.64074
8731,77.19698,28.52243
8732,77.21058,28.51883
8733,77.21529,28.51798
8734,77.21538,28.51796
8735,77.20962,28.54329
8736,77.20902,28.54333
8737,77.20921,28.54361
8738,77.20969,28.54357
8739,77.20955,28.5434
8740,77.20956,28.54349
8741,77.20056,28.54511
8742,77.19901,28.54548
8743,77.28071,28.61702
8744,77.28117,28.61632
8745,77.28065,28.61711
8746,77.19455,28.6399
8747,77.1944,28.63996
8748,77.26564,28.58188
8749,77.26573,28.58181
8750,77.13863,28.5375
8751,77.13871,28.53765
8752,77.20665,28.51973
8753,77.20759,28.51949
8754,77.13891,28.53778
8755,77.17653,28.57802
8756,77.17672,28.57767
8757,77.20443,28.56968
8758,77.20487,28.56966
8759,77.24729,28.56528
8760,77.24646,28.56521
8761,77.24645,28.5653
8762,77.22094,28.5687
8763,77.22133,28.56868
8764,77.21969,28.56876
8765,77.22804,28.55411
8766,77.22826,28.55407
8767,77.24552,28.56512
8768,77.24548,28.5654
8769,77.30908,28.63602
8770,77.30904,28.63616
8771,77.24126,28.51245
8772,77.23943,28.51281
8773,77.23385,28.51431
8774,77.23356,28.51412
8775,77.23378,28.51408
8776,77.25973,28.53362
8777,77.24525,28.51222
8778,77.23334,28.54134
8779,77.17354,28.57738
8780,77.25862,28.51196
8781,77.26411,28.50959
8782,77.26489,28.50926
8783,77.26573,28.50906
8784,77.14833,28.52932
8785,77.14847,28.52922
8786,77.23429,28.59252
8787,77.23477,28.59225
8788,77.23398,28.59206
8789,77.23476,28.59216
8790,77.21886,28.5984
8791,77.21881,28.5979
8792,77.22354,28.60308
8793,77.17625,28.57787
8794,77.17631,28.57799
8795,77.17641,28.57804
8796,77.29088,28.64381
8797,77.23223,28.53974
8798,77.23219,28.53733
8799,77.2775,28.62201
8800,77.13426,28.56954
8801,77.13427,28.56962
8802,77.18063,28.60201
8803,77.18059,28.60206
8804,77.31226,28.54598
8805,77.32843,28.63126
8806,77.32989,28.63168
8807,77.2867,28.49265
8808,77.28671,28.49249
8809,77.29782,28.59834
8810,77.29567,28.59739
8811,77.2956,28.59737
8812,77.29485,28.59708
8813,77.29708,28.59795
8814,77.29682,28.59784
8815,77.23209,28.53265
8816,77.12444,28.54678
8817,77.30285,28.49638
8818,77.30293,28.49609
8819,77.30324,28.49477
8820,77.30335,28.4943
8821,77.18453,28.49504
8822,77.18446,28.49485
8823,77.18448,28.49424
8824,77.18459,28.49387
8825,77.18466,28.49367
8826,77.18537,28.49136
8827,77.18566,28.49041
8828,77.18505,28.49683
8829,77.18492,28.49634
8830,77.18507,28.49689
8831,77.18347,28.50085
8832,77.18355,28.50076
8833,77.17527,28.5051
8834,77.17591,28.50437
8835,77.17991,28.50274
8836,77.18025,28.50267
8837,77.18472,28.49964
8838,77.17965,28.50279
8839,77.23828,28.51303
8840,77.20502,28.64065
8841,77.23211,28.53461
8842,77.15385,28.53677
8843,77.15392,28.53701
8844,77.15395,28.53711
8845,77.16135,28.54685
8846,77.16154,28.54711
8847,77.20402,28.56007
8848,77.20635,28.55616
8849,77.2064,28.55644
8850,77.20641,28.55666
8851,77.19803,28.62496
8852,77.20839,28.62769
8853,77.29914,28.64344
8854,77.30164,28.64094
8855,77.21942,28.62926
8856,77.21935,28.62987
8857,77.22162,28.62624
8858,77.2221,28.62624
8859,77.22218,28.62615
8860,77.22163,28.62616
8861,77.15651,28.49707
8862,77.15631,28.49699
8863,77.22442,28.56492
8864,77.22435,28.56481
8865,77.25669,28.56192
8866,77.25663,28.56192
8867,77.24347,28.55964
8868,77.13416,28.57038
8869,77.13434,28.57044
8870,77.21673,28.55673
8871,77.23757,28.54111
8872,77.23749,28.54108
8873,77.14758,28.57496
8874,77.14467,28.57532
8875,77.14408,28.57558
8876,77.14429,28.57556
8877,77.14325,28.57576
8878,77.14348,28.57569
8879,77.13968,28.57403
8880,77.13902,28.57359
8881,77.14084,28.57437
8882,77.13772,28.57279
8883,77.13798,28.57297
8884,77.13522,28.57048
8885,77.13525,28.57113
8886,77.13537,28.57124
8887,77.23011,28.64281
8888,77.22936,28.64311
8889,77.22938,28.64317
8890,77.12495,28.54656
8891,77.12426,28.54651
8892,77.11641,28.53894
8893,77.11651,28.53926
8894,77.13821,28.57311
8895,77.13834,28.57312
8896,77.27098,28.52954
8897,77.27164,28.52938
8898,77.27192,28.52936
8899,77.13409,28.56757
8900,77.13408,28.56767
8901,77.20149,28.54461
8902,77.20868,28.56932
8903,77.20882,28.56931
8904,77.20528,28.64102
8905,77.20786,28.63956
8906,77.20791,28.63962
8907,77.20338,28.6427
8908,77.16498,28.5695
8909,77.16531,28.56961
8910,77.16534,28.56951
8911,77.16503,28.56941
8912,77.16725,28.57021
8913,77.16728,28.57011
8914,77.18221,28.5665
8915,77.18049,28.5622
8916,77.18021,28.56254
8917,77.18029,28.5626
8918,77.1713,28.57134
8919,77.17021,28.571
8920,77.17127,28.57143
8921,77.17446,28.57262
8922,77.18275,28.5672
8923,77.16889,28.56173
8924,77.16898,28.56179
8925,77.16902,28.56173
8926,77.16894,28.56167
8927,77.17126,28.55953
8928,77.20015,28.54522
8929,77.14365,28.53728
8930,77.14264,28.53785
8931,77.1424,28.53799
8932,77.14216,28.53814
8933,77.14165,28.53844
8934,77.14071,28.539
8935,77.13997,28.53941
8936,77.16871,28.56162
8937,77.14494,28.53792
8938,77.145,28.53789
8939,77.17046,28.55885
8940,77.16234,28.57232
8941,77.15948,28.57542
8942,77.15988,28.5754
8943,77.16006,28.51845
8944,77.15999,28.51823
8945,77.17314,28.55746
8946,77.17299,28.55757
8947,77.1823,28.5517
8948,77.18235,28.55177
8949,77.18496,28.49827
8950,77.30468,28.48651
8951,77.30469,28.48636
8952,77.1848,28.49587
8953,77.29824,28.49919
8954,77.28298,28.64079
8955,77.23339,28.564
8956,77.23314,28.56354
8957,77.11857,28.54346
8958,77.11867,28.54358
8959,77.29246,28.52466
8960,77.2928,28.52407
8961,77.29732,28.51417
8962,77.29776,28.51311
8963,77.29796,28.51264
8964,77.29819,28.51208
8965,77.29586,28.51771
8966,77.29644,28.51632
8967,77.28492,28.5023
8968,77.28418,28.50236
8969,77.28638,28.5021
8970,77.28745,28.50194
8971,77.28721,28.50198
8972,77.28796,28.50187
8973,77.28899,28.50174
8974,77.28935,28.5017
8975,77.28944,28.50169
8976,77.29122,28.50146
8977,77.29084,28.50151
8978,77.29197,28.50134
8979,77.29283,28.50124
8980,77.28109,28.51509
8981,77.28127,28.51443
8982,77.29063,28.50154
8983,77.2956,28.49892
8984,77.29501,28.49932
8985,77.29463,28.49974
8986,77.29374,28.50073
8987,77.29346,28.50103
8988,77.28071,28.51006
8989,77.28066,28.50997
8990,77.28124,28.51146
8991,77.28131,28.51189
8992,77.27946,28.50402
8993,77.27785,28.50482
8994,77.28056,28.50345
8995,77.2983,28.49907
8996,77.16802,28.52215
8997,77.16786,28.52196
8998,77.16769,28.52184
8999,77.16713,28.52156
9000,77.16573,28.52096
9001,77.16477,28.52083
9002,77.16374,28.5206
9003,77.17667,28.50779
9004,77.17682,28.50772
9005,77.16943,28.51053
9006,77.16951,28.51052
9007,77.16914,28.51057
9008,77.1678,28.51084
9009,77.16743,28.51103
9010,77.16369,28.51511
9011,77.16419,28.51465
9012,77.16196,28.51648
9013,77.16242,28.51612
9014,77.16101,28.51721
9015,77.16066,28.51753
9016,77.16443,28.51443
9017,77.16591,28.51271
9018,77.1664,28.51209
9019,77.17005,28.51044
9020,77.17048,28.51035
9021,77.1708,28.51023
9022,77.1731,28.50928
9023,77.17319,28.50924
9024,77.17422,28.50853
9025,77.17466,28.50827
9026,77.16697,28.51134
9027,77.23481,28.51845
9028,77.23487,28.51845
9029,77.23622,28.51843
9030,77.23656,28.51842
9031,77.23667,28.51837
9032,77.23512,28.51845
9033,77.23533,28.51844
9034,77.23589,28.51844
9035,77.23608,28.51844
9036,77.23468,28.51792
9037,77.23456,28.51746
9038,77.234,28.51523
9039,77.23406,28.51546
9040,77.23376,28.514
9041,77.23354,28.51404
9042,77.23509,28.5137
9043,77.23426,28.51389
9044,77.23446,28.51705
9045,77.23429,28.51637
9046,77.23436,28.51664
9047,77.23416,28.51586
9048,77.23396,28.51509
9049,77.23383,28.51461
9050,77.234,28.51395
9051,77.27718,28.50518
9052,77.27607,28.50573
9053,77.2637,28.50976
9054,77.27398,28.50646
9055,77.26404,28.50946
9056,77.24713,28.62808
9057,77.24699,28.62807
9058,77.24787,28.62808
9059,77.24905,28.62809
9060,77.249,28.62809
9061,77.24946,28.62807
9062,77.24929,28.62808
9063,77.25014,28.628
9064,77.25022,28.628
9065,77.24694,28.63947
9066,77.24689,28.63911
9067,77.24688,28.639
9068,77.24693,28.64047
9069,77.24693,28.64022
9070,77.24039,28.6409
9071,77.24069,28.64003
9072,77.24676,28.63947
9073,77.24045,28.64162
9074,77.24045,28.64219
9075,77.24036,28.64364
9076,77.24032,28.64417
9077,77.24029,28.64472
9078,77.24028,28.64495
9079,77.24023,28.64576
9080,77.24314,28.63974
9081,77.24427,28.63959
9082,77.19779,28.64535
9083,77.19763,28.64508
9084,77.19742,28.64498
9085,77.19714,28.645
9086,77.19704,28.64506
9087,77.19296,28.64457
9088,77.19248,28.64449
9089,77.19069,28.6442
9090,77.19032,28.64415
9091,77.19009,28.64414
9092,77.19102,28.64425
9093,77.19664,28.64511
9094,77.299,28.64444
9095,77.30219,28.64028
9096,77.17363,28.6334
9097,77.17351,28.6333
9098,77.17381,28.63357
9099,77.20328,28.64271
9100,77.20316,28.64278
9101,77.20519,28.64102
9102,77.20543,28.64088
9103,77.20602,28.64055
9104,77.20575,28.6407
9105,77.20756,28.63971
9106,77.20526,28.64672
9107,77.20534,28.64673
9108,77.20551,28.64665
9109,77.20593,28.64651
9110,77.20601,28.64649
9111,77.2052,28.64642
9112,77.20512,28.64652
9113,77.20796,28.64614
9114,77.20863,28.64602
9115,77.20493,28.64591
9116,77.20501,28.64604
9117,77.20935,28.64437
9118,77.20925,28.64392
9119,77.20905,28.64306
9120,77.20894,28.64258
9121,77.20829,28.64007
9122,77.2096,28.6454
9123,77.20948,28.6449
9124,77.20491,28.64118
9125,77.20461,28.64137
9126,77.20513,28.64105
9127,77.20341,28.64257
9128,77.20676,28.64635
9129,77.2075,28.64622
9130,77.20418,28.64492
9131,77.20424,28.645
9132,77.2051,28.64618
9133,77.2093,28.6459
9134,77.20973,28.64582
9135,77.20421,28.64171
9136,77.20873,28.64172
9137,77.20858,28.64109
9138,77.20847,28.64066
9139,77.20821,28.63989
9140,77.20313,28.64312
9141,77.20383,28.64442
9142,77.20799,28.63957
9143,77.32166,28.62879
9144,77.32217,28.62896
9145,77.32235,28.62901
9146,77.3156,28.63315
9147,77.31563,28.63306
9148,77.28538,28.63665
9149,77.28519,28.63698
9150,77.28562,28.63623
9151,77.2855,28.63644
9152,77.28568,28.63612
9153,77.28331,28.63432
9154,77.28306,28.63415
9155,77.28196,28.63342
9156,77.28136,28.63302
9157,77.28419,28.63865
9158,77.28551,28.63576
9159,77.28419,28.63489
9160,77.28296,28.63408
9161,77.28272,28.63393
9162,77.28047,28.63243
9163,77.28022,28.63225
9164,77.28382,28.63926
9165,77.3105,28.63309
9166,77.31069,28.63271
9167,77.31253,28.62807
9168,77.31206,28.62917
9169,77.31097,28.63629
9170,77.31127,28.63631
9171,77.31148,28.63632
9172,77.30975,28.63476
9173,77.30994,28.63436
9174,77.3093,28.63573
9175,77.30916,28.63617
9176,77.2907,28.63469
9177,77.29053,28.63455
9178,77.28997,28.63412
9179,77.28936,28.63365
9180,77.28887,28.63326
9181,77.28789,28.63251
9182,77.28616,28.63234
9183,77.28607,28.63233
9184,77.28613,28.63093
9185,77.28614,28.63122
9186,77.28612,28.63082
9187,77.28705,28.63239
9188,77.29082,28.63478
9189,77.28648,28.63236
9190,77.21686,28.63393
9191,77.21699,28.63419
9192,77.22133,28.6353
9193,77.22284,28.63343
9194,77.22297,28.63292
9195,77.22234,28.63104
9196,77.22188,28.63063
9197,77.21804,28.63024
9198,77.21913,28.63559
9199,77.21982,28.63567
9200,77.21999,28.63566
9201,77.22221,28.63091
9202,77.22165,28.6351
9203,77.22243,28.63435
9204,77.2226,28.63147
9205,77.22257,28.6314
9206,77.21704,28.63426
9207,77.21706,28.63429
9208,77.23177,28.62531
9209,77.2316,28.62542
9210,77.23844,28.62871
9211,77.23828,28.62881
9212,77.23936,28.6282
9213,77.24063,28.62753
9214,77.24015,28.62776
9215,77.24109,28.62639
9216,77.24119,28.62658
9217,77.24122,28.62668
9218,77.24052,28.62562
9219,77.24063,28.62577
9220,77.23981,28.6252
9221,77.2397,28.6252
9222,77.23863,28.62528
9223,77.23703,28.62534
9224,77.23201,28.62529
9225,77.24074,28.62753
9226,77.2413,28.62698
9227,77.24128,28.62763
9228,77.24075,28.62593
9229,77.24027,28.62527
9230,77.24045,28.62553
9231,77.22675,28.62935
9232,77.22682,28.62945
9233,77.2265,28.62894
9234,77.22672,28.6293
9235,77.22879,28.6321
9236,77.23147,28.62564
9237,77.23145,28.62573
9238,77.22835,28.6277
9239,77.22888,28.62741
9240,77.20707,28.62743
9241,77.20714,28.62742
9242,77.21251,28.62371
9243,77.21282,28.62378
9244,77.2131,28.62364
9245,77.21519,28.6308
9246,77.2161,28.63121
9247,77.21021,28.62859
9248,77.21055,28.62873
9249,77.20732,28.6268
9250,77.20703,28.62644
9251,77.21182,28.6293
9252,77.21207,28.62941
9253,77.20719,28.62645
9254,77.20762,28.62635
9255,77.21794,28.63018
9256,77.21722,28.62933
9257,77.20835,28.62776
9258,77.21415,28.63034
9259,77.20903,28.62806
9260,77.20951,28.62827
9261,77.21583,28.6219
9262,77.21609,28.62176
9263,77.219,28.6204
9264,77.21939,28.62019
9265,77.22576,28.6229
9266,77.22267,28.63101
9267,77.22326,28.63065
9268,77.2139,28.62279
9269,77.32021,28.61491
9270,77.31121,28.62534
9271,77.3115,28.62544
9272,77.31161,28.62547
9273,77.28602,28.62738
9274,77.20048,28.62398
9275,77.2005,28.6239
9276,77.21835,28.62012
9277,77.21842,28.62022
9278,77.20654,28.62034
9279,77.20961,28.61892
9280,77.20615,28.62652
9281,77.20595,28.62686
9282,77.20687,28.62637
9283,77.20592,28.6268
9284,77.20903,28.61895
9285,77.2062,28.62085
9286,77.2063,28.62085
9287,77.20024,28.6242
9288,77.20048,28.62427
9289,77.20636,28.62639
9290,77.20487,28.62621
9291,77.20525,28.62638
9292,77.32226,28.61352
9293,77.24026,28.61665
9294,77.24026,28.61672
9295,77.23416,28.61466
9296,77.23463,28.61402
9297,77.23458,28.61269
9298,77.23458,28.61262
9299,77.23299,28.61024
9300,77.23238,28.60997
9301,77.23996,28.61123
9302,77.23998,28.61168
9303,77.24006,28.60735
9304,77.23561,28.60485
9305,77.23572,28.60492
9306,77.24018,28.61562
9307,77.24018,28.61578
9308,77.24012,28.61447
9309,77.24012,28.61463
9310,77.23494,28.60608
9311,77.23473,28.60645
9312,77.23433,28.60714
9313,77.24003,28.61243
9314,77.24005,28.60748
9315,77.24009,28.61356
9316,77.23629,28.60513
9317,77.2361,28.60503
9318,77.24009,28.61382
9319,77.23261,28.60995
9320,77.24005,28.61272
9321,77.23992,28.60966
9322,77.28239,28.61288
9323,77.28263,28.61315
9324,77.28229,28.61276
9325,77.2821,28.61253
9326,77.32171,28.60618
9327,77.32228,28.60553
9328,77.3251,28.60275
9329,77.32438,28.60352
9330,77.32648,28.6011
9331,77.25812,28.59024
9332,77.2583,28.58968
9333,77.30378,28.60739
9334,77.30434,28.60756
9335,77.30284,28.60709
9336,77.19142,28.60984
9337,77.19138,28.6099
9338,77.19535,28.60672
9339,77.19499,28.60692
9340,77.1985,28.60451
9341,77.19847,28.60459
9342,77.18743,28.60614
9343,77.18072,28.60206
9344,77.19748,28.60402
9345,77.19371,28.60212
9346,77.18204,28.60069
9347,77.1873,28.59835
9348,77.18287,28.60035
9349,77.18348,28.60012
9350,77.18911,28.59785
9351,77.18866,28.59802
9352,77.18752,28.59825
9353,77.19094,28.59789
9354,77.19274,28.60136
9355,77.18085,28.60176
9356,77.18078,28.60185
9357,77.1941,28.60253
9358,77.19474,28.60282
9359,77.19516,28.603
9360,77.19708,28.60384
9361,77.18756,28.60626
9362,77.19018,28.60908
9363,77.19693,28.60581
9364,77.18543,28.58705
9365,77.18521,28.58662
9366,77.18481,28.58531
9367,77.18357,28.58355
9368,77.18354,28.58348
9369,77.16823,28.59546
9370,77.16838,28.59554
9371,77.20869,28.60869
9372,77.19884,28.60435
9373,77.20501,28.60082
9374,77.20484,28.60085
9375,77.21128,28.59776
9376,77.21272,28.59165
9377,77.21273,28.59111
9378,77.17062,28.59672
9379,77.17072,28.59677
9380,77.17242,28.59767
9381,77.17388,28.59845
9382,77.1754,28.59925
9383,77.16933,28.59603
9384,77.16987,28.59632
9385,77.17012,28.59645
9386,77.20991,28.57929
9387,77.21242,28.58435
9388,77.2124,28.58478
9389,77.21216,28.58228
9390,77.21219,28.58238
9391,77.18488,28.58549
9392,77.18399,28.5843
9393,77.18364,28.58368
9394,77.21286,28.58947
9395,77.21244,28.58583
9396,77.21245,28.58588
9397,77.21279,28.59039
9398,77.16855,28.59563
9399,77.20475,28.60091
9400,77.20904,28.60887
9401,77.21119,28.60428
9402,77.2116,28.60444
9403,77.21111,28.59742
9404,77.21272,28.59174
9405,77.19167,28.58309
9406,77.19181,28.58331
9407,77.24009,28.60683
9408,77.24067,28.59908
9409,77.24018,28.60567
9410,77.24071,28.59741
9411,77.24073,28.59766
9412,77.23841,28.60083
9413,77.23845,28.60078
9414,77.23728,28.60245
9415,77.23745,28.6022
9416,77.23762,28.60194
9417,77.23664,28.60345
9418,77.24072,28.59825
9419,77.29679,28.59793
9420,77.29703,28.59803
9421,77.2948,28.59716
9422,77.29555,28.59745
9423,77.29268,28.59635
9424,77.29272,28.59626
9425,77.29942,28.60604
9426,77.29995,28.60621
9427,77.29644,28.60516
9428,77.31084,28.60425
9429,77.29944,28.599
9430,77.29801,28.59841
9431,77.29837,28.59855
9432,77.31128,28.60052
9433,77.31196,28.6013
9434,77.29873,28.59869
9435,77.3109,28.60413
9436,77.31293,28.60273
9437,77.31312,28.60259
9438,77.16916,28.60283
9439,77.16855,28.60182
9440,77.16684,28.59472
9441,77.16708,28.59484
9442,77.1668,28.59757
9443,77.16677,28.59743
9444,77.16663,28.59707
9445,77.16656,28.5969
9446,77.1665,28.59676
9447,77.16643,28.59665
9448,77.16639,28.59648
9449,77.22055,28.5972
9450,77.22058,28.59717
9451,77.2189,28.598
9452,77.21919,28.59806
9453,77.22005,28.59741
9454,77.22045,28.59724
9455,77.22805,28.60026
9456,77.22882,28.59189
9457,77.22878,28.59247
9458,77.22875,28.59301
9459,77.2284,28.59945
9460,77.22838,28.59988
9461,77.22884,28.59149
9462,77.22862,28.59539
9463,77.22858,28.5963
9464,77.22853,28.59716
9465,77.22847,28.59809
9466,77.22721,28.59097
9467,77.22753,28.591
9468,77.22596,28.59083
9469,77.22658,28.59089
9470,77.22462,28.59069
9471,77.22553,28.59078
9472,77.22409,28.59063
9473,77.22364,28.59059
9474,77.22293,28.59051
9475,77.21799,28.59001
9476,77.2213,28.59034
9477,77.21303,28.58949
9478,77.2158,28.58978
9479,77.21648,28.58985
9480,77.21704,28.5899
9481,77.22063,28.59028
9482,77.22795,28.59105
9483,77.22886,28.59118
9484,77.16366,28.59323
9485,77.16395,28.59334
9486,77.16033,28.59221
9487,77.16098,28.59226
9488,77.16238,28.59272
9489,77.22903,28.59006
9490,77.22921,28.5887
9491,77.22914,28.58922
9492,77.22933,28.58767
9493,77.22937,28.58733
9494,77.22945,28.58675
9495,77.22959,28.58582
9496,77.22417,28.58714
9497,77.21264,28.58576
9498,77.24905,28.58556
9499,77.24935,28.5852
9500,77.25048,28.5839
9501,77.251,28.58327
9502,77.25276,28.57989
9503,77.25296,28.57962
9504,77.25142,28.58284
9505,77.25172,28.58215
9506,77.24031,28.58346
9507,77.24057,28.58388
9508,77.24952,28.58499
9509,77.25114,28.58312
9510,77.13278,28.58355
9511,77.13169,28.5834
9512,77.26931,28.58043
9513,77.26912,28.58051
9514,77.26573,28.57738
9515,77.26582,28.57744
9516,77.26348,28.5759
9517,77.26413,28.57632
9518,77.16348,28.58105
9519,77.1633,28.58076
9520,77.16376,28.58158
9521,77.2106,28.57745
9522,77.21085,28.57811
9523,77.21097,28.57841
9524,77.21146,28.57967
9525,77.21149,28.57979
9526,77.20941,28.57414
9527,77.20959,28.57495
9528,77.21163,28.57976
9529,77.26466,28.57422
9530,77.26498,28.57385
9531,77.26544,28.57329
9532,77.26354,28.57559
9533,77.22871,28.57412
9534,77.22888,28.57444
9535,77.22778,28.57242
9536,77.22788,28.57262
9537,77.22724,28.57143
9538,77.22767,28.57221
9539,77.22714,28.57125
9540,77.22706,28.57111
9541,77.2269,28.57083
9542,77.22667,28.57041
9543,77.2265,28.57009
9544,77.22658,28.57025
9545,77.2264,28.56991
9546,77.22631,28.56975
9547,77.22908,28.5748
9548,77.22976,28.57449
9549,77.22951,28.57459
9550,77.22991,28.57442
9551,77.2303,28.57427
9552,77.23065,28.57412
9553,77.23267,28.57333
9554,77.23345,28.573
9555,77.23365,28.57292
9556,77.23394,28.5728
9557,77.23489,28.57241
9558,77.23516,28.57229
9559,77.23602,28.57193
9560,77.23626,28.57182
9561,77.23638,28.57177
9562,77.228,28.57284
9563,77.22818,28.57316
9564,77.22835,28.5666
9565,77.22793,28.56679
9566,77.22542,28.56803
9567,77.22551,28.56829
9568,77.22566,28.56859
9569,77.23596,28.57036
9570,77.236,28.57043
9571,77.23463,28.57252
9572,77.2585,28.57248
9573,77.26074,28.5693
9574,77.26212,28.56747
9575,77.26305,28.56621
9576,77.25867,28.57259
9577,77.18962,28.57018
9578,77.18965,28.57051
9579,77.18968,28.57104
9580,77.18972,28.57162
9581,77.18975,28.57223
9582,77.19933,28.56974
9583,77.19925,28.56974
9584,77.1993,28.57037
9585,77.19603,28.56944
9586,77.19527,28.56938
9587,77.19496,28.56938
9588,77.19391,28.56928
9589,77.19337,28.56925
9590,77.19313,28.56925
9591,77.20312,28.56959
9592,77.20268,28.56962
9593,77.20442,28.56953
9594,77.20919,28.57219
9595,77.20922,28.57239
9596,77.20853,28.56946
9597,77.20879,28.57014
9598,77.19933,28.56968
9599,77.19933,28.56963
9600,77.20844,28.56925
9601,77.2091,28.57164
9602,77.2093,28.57327
9603,77.20931,28.57334
9604,77.20838,28.56925
9605,77.21188,28.56903
9606,77.2117,28.56904
9607,77.21676,28.56881
9608,77.21606,28.56884
9609,77.23781,28.56507
9610,77.2371,28.56514
9611,77.24019,28.56486
9612,77.26967,28.55706
9613,77.26584,28.56245
9614,77.26611,28.56208
9615,77.26677,28.56118
9616,77.26685,28.56107
9617,77.26791,28.55966
9618,77.26813,28.55936
9619,77.26885,28.55839
9620,77.26906,28.55812
9621,77.26946,28.55757
9622,77.26562,28.56275
9623,77.26754,28.56014
9624,77.26735,28.56041
9625,77.26823,28.55635
9626,77.26899,28.55673
9627,77.25697,28.57141
9628,77.20027,28.56529
9629,77.20028,28.56523
9630,77.20083,28.5622
9631,77.20696,28.55942
9632,77.20698,28.5595
9633,77.20709,28.55948
9634,77.20707,28.5594
9635,77.20742,28.56151
9636,77.20739,28.56127
9637,77.2083,28.56856
9638,77.20813,28.56795
9639,77.19965,28.56686
9640,77.1994,28.56758
9641,77.19946,28.56736
9642,77.19934,28.5693
9643,77.19935,28.56904
9644,77.19933,28.56954
9645,77.22541,28.56782
9646,77.22545,28.56714
9647,77.22546,28.56741
9648,77.22526,28.56671
9649,77.22472,28.56571
9650,77.22425,28.56487
9651,77.22431,28.56498
9652,77.23302,28.56357
9653,77.23329,28.56405
9654,77.22424,28.56461
9655,77.22407,28.56428
9656,77.22281,28.56197
9657,77.22272,28.56183
9658,77.22287,28.562
9659,77.28618,28.56231
9660,77.28032,28.56095
9661,77.27955,28.56095
9662,77.2848,28.5617
9663,77.28443,28.56155
9664,77.28502,28.56179
9665,77.28289,28.56098
9666,77.28382,28.56131
9667,77.28545,28.56199
9668,77.27648,28.56042
9669,77.27677,28.56055
9670,77.25676,28.56204
9671,77.25676,28.56192
9672,77.25678,28.56162
9673,77.25682,28.56058
9674,77.25643,28.55926
9675,77.25629,28.55905
9676,77.25569,28.55826
9677,77.25544,28.55793
9678,77.26374,28.55732
9679,77.26338,28.55773
9680,77.26073,28.56084
9681,77.26127,28.56033
9682,77.20084,28.56156
9683,77.20085,28.56119
9684,77.20095,28.56074
9685,77.20081,28.55976
9686,77.20069,28.55947
9687,77.20091,28.56021
9688,77.20688,28.55897
9689,77.20693,28.55922
9690,77.22381,28.64448
9691,77.224,28.64421
9692,77.21793,28.63519
9693,77.21796,28.63523
9694,77.22437,28.64402
9695,77.2253,28.64354
9696,77.22692,28.64285
9697,77.22682,28.64257
9698,77.2268,28.64264
9699,77.22556,28.64069
9700,77.22574,28.64094
9701,77.22638,28.64182
9702,77.22661,28.64214
9703,77.22297,28.63728
9704,77.22329,28.63772
9705,77.22434,28.63913
9706,77.22511,28.6401
9707,77.22484,28.63974
9708,77.22456,28.6394
9709,77.2215,28.63534
9710,77.17865,28.6392
9711,77.17844,28.63932
9712,77.18507,28.6357
9713,77.18472,28.63589
9714,77.18457,28.63597
9715,77.18442,28.63605
9716,77.18429,28.63612
9717,77.18416,28.6362
9718,77.18322,28.63671
9719,77.18299,28.63684
9720,77.18275,28.63697
9721,77.18259,28.63706
9722,77.1824,28.63716
9723,77.18352,28.63654
9724,77.18336,28.63663
9725,77.18381,28.63638
9726,77.18366,28.63647
9727,77.17919,28.63891
9728,77.17904,28.639
9729,77.17936,28.63883
9730,77.1795,28.63875
9731,77.17967,28.63866
9732,77.17982,28.63858
9733,77.18011,28.63842
9734,77.17998,28.63849
9735,77.18038,28.63828
9736,77.18027,28.63833
9737,77.1806,28.63815
9738,77.18076,28.63806
9739,77.1809,28.63799
9740,77.18119,28.63783
9741,77.18105,28.6379
9742,77.18137,28.63773
9743,77.18148,28.63767
9744,77.18163,28.63759
9745,77.18179,28.6375
9746,77.17892,28.63906
9747,77.17878,28.63914
9748,77.18291,28.63688
9749,77.18562,28.6354
9750,77.18554,28.63545
9751,77.1854,28.63551
9752,77.17791,28.63961
9753,77.18401,28.63628
9754,77.17556,28.63092
9755,77.17562,28.63052
9756,77.17487,28.63176
9757,77.29955,28.63031
9758,77.30016,28.62891
9759,77.30011,28.629
9760,77.30034,28.62861
9761,77.30138,28.62801
9762,77.30118,28.62812
9763,77.3008,28.62831
9764,77.30044,28.62851
9765,77.30111,28.62195
9766,77.30216,28.6223
9767,77.30007,28.6216
9768,77.30287,28.62254
9769,77.30609,28.62364
9770,77.33359,28.60578
9771,77.33718,28.60839
9772,77.33667,28.6078
9773,77.32825,28.61044
9774,77.33247,28.60694
9775,77.33184,28.60771
9776,77.32988,28.60947
9777,77.33595,28.60722
9778,77.33778,28.6091
9779,77.33773,28.60903
9780,77.33809,28.60945
9781,77.33828,28.60968
9782,77.2851,28.61042
9783,77.28499,28.61058
9784,77.2834,28.61406
9785,77.28357,28.61424
9786,77.28457,28.61518
9787,77.28561,28.616
9788,77.2859,28.61621
9789,77.28614,28.61638
9790,77.28774,28.61673
9791,77.28766,28.61687
9792,77.29221,28.60413
9793,77.29256,28.60422
9794,77.29295,28.60426
9795,77.29349,28.60433
9796,77.29406,28.60445
9797,77.29445,28.60457
9798,77.23529,28.60467
9799,77.23199,28.60265
9800,77.23223,28.6028
9801,77.23192,28.60261
9802,77.23187,28.60259
9803,77.2312,28.60219
9804,77.23159,28.60242
9805,77.23061,28.60182
9806,77.23163,28.60245
9807,77.22761,28.6118
9808,77.2277,28.61291
9809,77.2286,28.61064
9810,77.22891,28.61043
9811,77.22926,28.6102
9812,77.22916,28.61026
9813,77.232,28.60981
9814,77.23018,28.6097
9815,77.22986,28.60989
9816,77.22486,28.61006
9817,77.22508,28.60421
9818,77.22486,28.60428
9819,77.22996,28.60187
9820,77.29215,28.597
9821,77.29185,28.5976
9822,77.14621,28.59766
9823,77.14879,28.5966
9824,77.15129,28.59573
9825,77.15177,28.59555
9826,77.15197,28.59547
9827,77.15216,28.5954
9828,77.14906,28.5965
9829,77.17545,28.59928
9830,77.17714,28.60017
9831,77.1772,28.6002
9832,77.17941,28.60137
9833,77.17989,28.60161
9834,77.14486,28.59652
9835,77.14354,28.59654
9836,77.14176,28.59653
9837,77.14809,28.59656
9838,77.14406,28.5985
9839,77.16817,28.59112
9840,77.16805,28.5913
9841,77.17658,28.5788
9842,77.17621,28.57863
9843,77.17615,28.57859
9844,77.16814,28.59542
9845,77.17011,28.58832
9846,77.17005,28.58842
9847,77.1709,28.58713
9848,77.24328,28.59323
9849,77.2418,28.5931
9850,77.24119,28.59302
9851,77.24395,28.59296
9852,77.24665,28.58893
9853,77.24674,28.58877
9854,77.24677,28.58871
9855,77.24439,28.59224
9856,77.24696,28.58836
9857,77.2471,28.58808
9858,77.24612,28.58985
9859,77.24617,28.58978
9860,77.24584,28.59022
9861,77.2452,28.59111
9862,77.23989,28.58973
9863,77.24083,28.58567
9864,77.1754,28.57836
9865,77.18978,28.57294
9866,77.18981,28.57347
9867,77.18988,28.57668
9868,77.18986,28.57696
9869,77.18991,28.5762
9870,77.18994,28.57541
9871,77.18993,28.57597
9872,77.18985,28.57723
9873,77.19131,28.56613
9874,77.19098,28.56616
9875,77.19156,28.56611
9876,77.19659,28.56539
9877,77.19578,28.56558
9878,77.20021,28.56522
9879,77.19044,28.5662
9880,77.19001,28.56624
9881,77.19281,28.56601
9882,77.1923,28.56605
9883,77.1949,28.56578
9884,77.19449,28.56587
9885,77.19873,28.5651
9886,77.19799,28.56513
9887,77.19515,28.56572
9888,77.19382,28.56592
9889,77.18969,28.56951
9890,77.18969,28.56945
9891,77.18963,28.56887
9892,77.18962,28.56881
9893,77.18959,28.56855
9894,77.18952,28.56793
9895,77.18936,28.56684
9896,77.17655,28.56633
9897,77.18155,28.5658
9898,77.1816,28.56587
9899,77.17924,28.56368
9900,77.17769,28.5652
9901,77.17843,28.56447
9902,77.18142,28.56564
9903,77.18082,28.56499
9904,77.18212,28.56654
9905,77.18267,28.56726
9906,77.18177,28.56609
9907,77.28694,28.56364
9908,77.28619,28.56279
9909,77.28605,28.5626
9910,77.21755,28.55779
9911,77.21789,28.55804
9912,77.21842,28.55842
9913,77.21907,28.5589
9914,77.30223,28.64025
9915,77.30505,28.63707
9916,77.30514,28.63698
9917,77.30607,28.63636
9918,77.30788,28.63609
9919,77.30819,28.63611
9920,77.30688,28.63612
9921,77.30644,28.63622
9922,77.18853,28.64393
9923,77.18435,28.6433
9924,77.18403,28.64325
9925,77.18355,28.64318
9926,77.18177,28.64293
9927,77.18145,28.64288
9928,77.18111,28.64284
9929,77.18823,28.64388
9930,77.18714,28.64371
9931,77.18608,28.64355
9932,77.18581,28.64351
9933,77.18231,28.643
9934,77.18695,28.64368
9935,77.18106,28.64283
9936,77.28189,28.64247
9937,77.28156,28.64305
9938,77.28572,28.63602
9939,77.2858,28.63607
9940,77.28604,28.63279
9941,77.28603,28.63298
9942,77.28589,28.63485
9943,77.28579,28.63581
9944,77.28578,28.63587
9945,77.29295,28.63979
9946,77.29302,28.63982
9947,77.19736,28.64488
9948,77.18948,28.63374
9949,77.18939,28.63377
9950,77.18574,28.63542
9951,77.18976,28.63385
9952,77.18966,28.63376
9953,77.1898,28.63396
9954,77.19489,28.6404
9955,77.22727,28.64267
9956,77.22751,28.64237
9957,77.23128,28.63997
9958,77.23132,28.64015
9959,77.23092,28.63655
9960,77.23111,28.63798
9961,77.23084,28.64069
9962,77.23092,28.64065
9963,77.2409,28.63938
9964,77.24098,28.63902
9965,77.241,28.63806
9966,77.24078,28.63464
9967,77.24079,28.63496
9968,77.24088,28.63239
9969,77.24083,28.63324
9970,77.24125,28.62818
9971,77.24121,28.62872
9972,77.24127,28.62773
9973,77.24087,28.63645
9974,77.24089,28.63669
9975,77.24098,28.63768
9976,77.2408,28.63531
9977,77.24089,28.63224
9978,77.24104,28.63081
9979,77.24098,28.63143
9980,77.24126,28.62811
9981,77.24591,28.62803
9982,77.2456,28.62801
9983,77.24275,28.62781
9984,77.24241,28.6278
9985,77.24192,28.62778
9986,77.2449,28.62797
9987,77.24423,28.62792
9988,77.24408,28.62791
9989,77.24682,28.62807
9990,77.24678,28.62807
9991,77.24669,28.62806
9992,77.24609,28.62804
9993,77.2415,28.62772
9994,77.29863,28.63258
9995,77.29896,28.63284
9996,77.29866,28.63116
9997,77.30064,28.6341
9998,77.30114,28.63429
9999,77.30568,28.63575
10000,77.30586,28.63604
10001,77.30259,28.63477
10002,77.30323,28.63496
10003,77.30349,28.63498
10004,77.20174,28.63587
10005,77.20178,28.63593
10006,77.19543,28.62694
10007,77.19597,28.62655
10008,77.1967,28.62614
10009,77.19766,28.62559
10010,77.19907,28.62477
10011,77.19947,28.62454
10012,77.20063,28.63436
10013,77.20078,28.63456
10014,77.20093,28.63477
10015,77.19711,28.62961
10016,77.19989,28.62431
10017,77.2001,28.62421
10018,77.20141,28.63542
10019,77.20532,28.63371
10020,77.20549,28.63263
10021,77.20548,28.63242
10022,77.20545,28.63197
10023,77.20536,28.63031
10024,77.20532,28.62977
10025,77.2052,28.62772
10026,77.20594,28.62701
10027,77.20543,28.63162
10028,77.20543,28.63155
10029,77.2056,28.63339
10030,77.20553,28.63313
10031,77.20538,28.63354
10032,77.20534,28.6336
10033,77.19694,28.62938
10034,77.29716,28.62061
10035,77.2992,28.6213
10036,77.29592,28.62211
10037,77.27789,28.6212
10038,77.27787,28.62124
10039,77.27796,28.62111
10040,77.27603,28.62393
10041,77.27635,28.62347
10042,77.27608,28.62386
10043,77.27521,28.62887
10044,77.27505,28.62877
10045,77.27484,28.62864
10046,77.27353,28.62812
10047,77.27348,28.62811
10048,77.2734,28.6281
10049,77.27861,28.62801
10050,77.27917,28.62746
10051,77.27699,28.62977
10052,77.27726,28.62945
10053,77.27757,28.62909
10054,77.27781,28.62882
10055,77.27796,28.62866
10056,77.27768,28.62896
10057,77.2798,28.62686
10058,77.25033,28.61507
10059,77.25089,28.61334
10060,77.25096,28.61311
10061,77.24769,28.62337
10062,77.2478,28.62305
10063,77.24812,28.62205
10064,77.24031,28.62501
10065,77.24015,28.62509
10066,77.24041,28.62494
10067,77.24031,28.61992
10068,77.24026,28.61718
10069,77.2406,28.6127
10070,77.24895,28.61226
10071,77.24027,28.61786
10072,77.24028,28.6183
10073,77.24031,28.61942
10074,77.24035,28.62094
10075,77.24036,28.6215
10076,77.24153,28.61268
10077,77.24031,28.62004
10078,77.28747,28.6172
10079,77.28754,28.61723
10080,77.28897,28.61785
10081,77.28926,28.61796
10082,77.29674,28.62048
10083,77.29635,28.62035
10084,77.28562,28.62424
10085,77.28571,28.62469
10086,77.28518,28.62241
10087,77.28528,28.62285
10088,77.28557,28.62404
10089,77.28489,28.62167
10090,77.28496,28.62173
10091,77.28501,28.62179
10092,77.28486,28.62163
10093,77.28638,28.61882
10094,77.28607,28.6193
10095,77.28712,28.61774
10096,77.20921,28.61401
10097,77.20935,28.61557
10098,77.20932,28.61538
10099,77.21219,28.61665
10100,77.21271,28.61715
10101,77.21273,28.61688
10102,77.28466,28.62175
10103,77.2847,28.62168
10104,77.28477,28.62158
10105,77.19737,28.62288
10106,77.19095,28.61058
10107,77.18995,28.61475
10108,77.18996,28.61481
10109,77.19007,28.61569
10110,77.19416,28.62139
10111,77.19436,28.62151
10112,77.19464,28.62166
10113,77.19519,28.62192
10114,77.20911,28.61241
10115,77.20908,28.61215
10116,77.30314,28.61282
10117,77.30826,28.61279
10118,77.30825,28.6127
10119,77.29851,28.61289
10120,77.30154,28.61317
10121,77.31641,28.61349
10122,77.31697,28.61363
10123,77.3158,28.61336
10124,77.3083,28.61083
10125,77.30836,28.61068
10126,77.30861,28.61002
10127,77.22865,28.60062
10128,77.22994,28.60141
10129,77.15937,28.59154
10130,77.15966,28.59171
10131,77.15529,28.58981
10132,77.15596,28.59008
10133,77.15392,28.58924
10134,77.15489,28.58964
10135,77.15361,28.5891
10136,77.15374,28.58915
10137,77.23832,28.59268
10138,77.22941,28.59129
10139,77.22941,28.57598
10140,77.22941,28.57607
10141,77.23393,28.59215
10142,77.22939,28.57574
10143,77.23279,28.59201
10144,77.23037,28.59154
10145,77.23098,28.59168
10146,77.13553,28.5839
10147,77.13311,28.58359
10148,77.12193,28.56806
10149,77.12184,28.56861
10150,77.12315,28.56657
10151,77.12496,28.56666
10152,77.12202,28.56649
10153,77.12208,28.56651
10154,77.13357,28.56986
10155,77.13101,28.56835
10156,77.13673,28.57215
10157,77.18986,28.57956
10158,77.19,28.57999
10159,77.19013,28.58034
10160,77.25804,28.57265
10161,77.25794,28.57276
10162,77.16934,28.57559
10163,77.25413,28.56911
10164,77.25405,28.56894
10165,77.16173,28.57659
10166,77.16138,28.57629
10167,77.1609,28.57597
10168,77.16232,28.57243
10169,77.22132,28.56857
10170,77.22098,28.56858
10171,77.21905,28.56869
10172,77.2174,28.56878
10173,77.2705,28.565
10174,77.27032,28.56529
10175,77.27272,28.56094
10176,77.2727,28.56103
10177,77.27281,28.56094
10178,77.27859,28.56095
10179,77.25071,28.56266
10180,77.25669,28.56204
10181,77.25344,28.562
10182,77.25604,28.56203
10183,77.2511,28.56244
10184,77.25181,28.56221
10185,77.25226,28.56216
10186,77.26597,28.55518
10187,77.26601,28.5552
10188,77.26536,28.55456
10189,77.26551,28.55476
10190,77.25014,28.56518
10191,77.25044,28.56297
10192,77.25027,28.56377
10193,77.25662,28.56204
10194,77.25032,28.56337
10195,77.16883,28.56161
10196,77.16879,28.56166
10197,77.16566,28.56689
10198,77.16476,28.56814
10199,77.16425,28.56885
10200,77.16388,28.56936
10201,77.16649,28.5657
10202,77.19209,28.55947
10203,77.19128,28.55972
10204,77.19695,28.55875
10205,77.19571,28.55882
10206,77.18824,28.56066
10207,77.19858,28.55841
10208,77.20033,28.55833
10209,77.18848,28.56176
10210,77.18829,28.56123
10211,77.18911,28.56508
10212,77.27021,28.55656
10213,77.27128,28.55511
10214,77.272,28.55414
10215,77.26996,28.5569
10216,77.27221,28.55387
10217,77.27108,28.55539
10218,77.27118,28.55525
10219,77.27065,28.56089
10220,77.27033,28.56086
10221,77.26994,28.56084
10222,77.26966,28.56084
10223,77.26763,28.56082
10224,77.26739,28.56075
10225,77.27128,28.56092
10226,77.20677,28.55784
10227,77.20676,28.5578
10228,77.2076,28.55761
10229,77.20886,28.55731
10230,77.20703,28.5592
10231,77.20699,28.55895
10232,77.20695,28.55874
10233,77.20979,28.55671
10234,77.20684,28.55816
10235,77.23935,28.55808
10236,77.23927,28.55813
10237,77.2405,28.55683
10238,77.23996,28.55745
10239,77.24085,28.55644
10240,77.24097,28.5563
10241,77.24114,28.5561
10242,77.24192,28.55529
10243,77.23964,28.5578
10244,77.23776,28.55865
10245,77.23667,28.55896
10246,77.23658,28.559
10247,77.22937,28.55656
10248,77.23004,28.55804
10249,77.23118,28.55309
10250,77.23195,28.55409
10251,77.2319,28.55337
10252,77.20675,28.55776
10253,77.20651,28.55643
10254,77.20647,28.55615
10255,77.20522,28.55347
10256,77.20537,28.55375
10257,77.20653,28.55666
10258,77.16938,28.55781
10259,77.16921,28.55765
10260,77.17163,28.55054
10261,77.17253,28.55017
10262,77.173,28.54997
10263,77.16779,28.55265
10264,77.16815,28.55244
10265,77.16639,28.55347
10266,77.16905,28.55193
10267,77.16968,28.55155
10268,77.17117,28.55931
10269,77.17057,28.5588
10270,77.25087,28.55602
10271,77.25135,28.55602
10272,77.25036,28.55602
10273,77.24935,28.55602
10274,77.24825,28.55601
10275,77.24801,28.55601
10276,77.25282,28.55635
10277,77.25324,28.55655
10278,77.25367,28.55676
10279,77.24806,28.55416
10280,77.2476,28.5529
10281,77.24698,28.55214
10282,77.26263,28.54873
10283,77.26269,28.54857
10284,77.26349,28.54664
10285,77.27336,28.55232
10286,77.27344,28.55221
10287,77.27328,28.55243
10288,77.11304,28.54463
10289,77.11187,28.5449
10290,77.11357,28.5445
10291,77.11148,28.54498
10292,77.11387,28.54445
10293,77.12438,28.54673
10294,77.12406,28.54649
10295,77.12321,28.54588
10296,77.21648,28.55687
10297,77.2164,28.55695
10298,77.22292,28.5551
10299,77.22188,28.55526
10300,77.21991,28.54256
10301,77.21978,28.54257
10302,77.21103,28.55163
10303,77.21113,28.55195
10304,77.21163,28.55296
10305,77.21173,28.55312
10306,77.21264,28.55415
10307,77.21276,28.55426
10308,77.21191,28.55337
10309,77.22656,28.55433
10310,77.22495,28.55466
10311,77.21524,28.55609
10312,77.21565,28.55639
10313,77.22947,28.54652
10314,77.22937,28.54674
10315,77.23173,28.54176
10316,77.23158,28.54208
10317,77.22988,28.54568
10318,77.22965,28.54614
10319,77.23066,28.544
10320,77.24398,28.5456
10321,77.2438,28.54594
10322,77.24449,28.54469
10323,77.24463,28.54443
10324,77.24476,28.54418
10325,77.24194,28.54292
10326,77.24241,28.54308
10327,77.24163,28.54281
10328,77.23341,28.54131
10329,77.2338,28.54119
10330,77.24479,28.54395
10331,77.24361,28.54625
10332,77.24331,28.54678
10333,77.24601,28.55247
10334,77.24561,28.55267
10335,77.24645,28.55227
10336,77.24439,28.55345
10337,77.24424,28.55356
10338,77.24374,28.55393
10339,77.24259,28.5481
10340,77.24269,28.54792
10341,77.24861,28.54955
10342,77.24868,28.54942
10343,77.24872,28.54934
10344,77.25027,28.54618
10345,77.24885,28.54908
10346,77.24896,28.54884
10347,77.24944,28.54789
10348,77.24962,28.54753
10349,77.24969,28.54737
10350,77.24996,28.54683
10351,77.25009,28.54655
10352,77.25612,28.54835
10353,77.25669,28.54857
10354,77.25351,28.54728
10355,77.25378,28.54739
10356,77.25266,28.54694
10357,77.25502,28.54789
10358,77.24914,28.54849
10359,77.17359,28.54972
10360,77.17501,28.54911
10361,77.18022,28.54906
10362,77.18034,28.54931
10363,77.17989,28.54825
10364,77.17999,28.54855
10365,77.17951,28.54709
10366,77.17978,28.54794
10367,77.21064,28.55051
10368,77.21073,28.55078
10369,77.2109,28.55125
10370,77.21095,28.55138
10371,77.26742,28.53699
10372,77.26727,28.53739
10373,77.26712,28.53775
10374,77.26624,28.5399
10375,77.26674,28.53865
10376,77.26607,28.54032
10377,77.26429,28.54463
10378,77.26442,28.54436
10379,77.26421,28.54481
10380,77.26946,28.5376
10381,77.26993,28.53781
10382,77.27032,28.538
10383,77.27099,28.53833
10384,77.27143,28.53854
10385,77.17911,28.54603
10386,77.17915,28.54613
10387,77.1782,28.54457
10388,77.17826,28.54466
10389,77.17948,28.54703
10390,77.19611,28.5461
10391,77.19663,28.54598
10392,77.24647,28.54313
10393,77.24667,28.54284
10394,77.29715,28.5406
10395,77.2969,28.5405
10396,77.20129,28.54421
10397,77.20085,28.54331
10398,77.20051,28.54267
10399,77.20881,28.54446
10400,77.24502,28.54405
10401,77.2454,28.54419
10402,77.2397,28.54166
10403,77.23979,28.54143
10404,77.23991,28.54112
10405,77.24006,28.54066
10406,77.24015,28.54011
10407,77.16827,28.5229
10408,77.17519,28.53989
10409,77.19013,28.52512
10410,77.19013,28.52497
10411,77.17697,28.54276
10412,77.17744,28.54346
10413,77.18967,28.5273
10414,77.19007,28.52692
10415,77.19017,28.52407
10416,77.19335,28.53059
10417,77.1932,28.53049
10418,77.18837,28.51633
10419,77.18706,28.5148
10420,77.18892,28.5173
10421,77.19016,28.52331
10422,77.19014,28.5261
10423,77.18975,28.52815
10424,77.19653,28.53386
10425,77.19593,28.53296
10426,77.19493,28.53176
10427,77.17566,28.5406
10428,77.17632,28.54174
10429,77.17809,28.54441
10430,77.18976,28.52184
10431,77.18954,28.51971
10432,77.18944,28.51869
10433,77.26202,28.53942
10434,77.26193,28.5392
10435,77.26185,28.53898
10436,77.26181,28.53887
10437,77.2622,28.5399
10438,77.2621,28.53964
10439,77.26248,28.54065
10440,77.2049,28.54372
10441,77.20473,28.54373
10442,77.20615,28.54365
10443,77.20928,28.54313
10444,77.1172,28.53983
10445,77.11714,28.5397
10446,77.11822,28.54199
10447,77.1174,28.54023
10448,77.11627,28.5381
10449,77.11499,28.53702
10450,77.11481,28.53691
10451,77.11079,28.53483
10452,77.2199,28.54245
10453,77.21925,28.54108
10454,77.21899,28.54085
10455,77.22758,28.54196
10456,77.22727,28.542
10457,77.22794,28.54192
10458,77.23188,28.54143
10459,77.23183,28.54155
10460,77.23206,28.53717
10461,77.23206,28.53724
10462,77.23206,28.53734
10463,77.23206,28.54081
10464,77.23203,28.54103
10465,77.23178,28.54165
10466,77.23952,28.53766
10467,77.23941,28.53745
10468,77.23927,28.53725
10469,77.23913,28.53702
10470,77.23899,28.53682
10471,77.23884,28.53662
10472,77.23869,28.53642
10473,77.23983,28.53831
10474,77.23968,28.53798
10475,77.29248,28.53862
10476,77.29202,28.53842
10477,77.2949,28.53966
10478,77.29415,28.53934
10479,77.29168,28.53828
10480,77.1976,28.53638
10481,77.19882,28.53879
10482,77.19863,28.53849
10483,77.19909,28.53932
10484,77.15527,28.53837
10485,77.15519,28.53827
10486,77.15849,28.52917
10487,77.15867,28.5291
10488,77.15887,28.52904
10489,77.21304,28.52872
10490,77.21294,28.52868
10491,77.21276,28.5286
10492,77.21205,28.52836
10493,77.2115,28.52825
10494,77.21526,28.52936
10495,77.2149,28.52927
10496,77.21103,28.52819
10497,77.21406,28.52904
10498,77.21176,28.53861
10499,77.21145,28.53831
10500,77.20768,28.53081
10501,77.20693,28.53402
10502,77.20725,28.53433
10503,77.20756,28.53464
10504,77.20775,28.53483
10505,77.20809,28.53516
10506,77.20892,28.53596
10507,77.20908,28.53612
10508,77.20926,28.53629
10509,77.2095,28.53652
10510,77.21003,28.53704
10511,77.21072,28.53772
10512,77.21081,28.53782
10513,77.25909,28.53174
10514,77.25899,28.53149
10515,77.25706,28.52651
10516,77.25653,28.52512
10517,77.25633,28.52457
10518,77.25694,28.5262
10519,77.25688,28.52603
10520,77.25738,28.52738
10521,77.2572,28.5269
10522,77.25755,28.5278
10523,77.25745,28.52756
10524,77.25925,28.53216
10525,77.2571,28.52664
10526,77.25959,28.53301
10527,77.25951,28.53279
10528,77.25939,28.5325
10529,77.25698,28.52631
10530,77.25611,28.52398
10531,77.25607,28.52388
10532,77.25925,28.53493
10533,77.25981,28.53477
10534,77.25965,28.53319
10535,77.25978,28.53357
10536,77.25969,28.5333
10537,77.25987,28.53382
10538,77.26008,28.53437
10539,77.26003,28.53423
10540,77.25995,28.53402
10541,77.25134,28.53203
10542,77.25172,28.5324
10543,77.25836,28.52987
10544,77.25792,28.52872
10545,77.28961,28.5277
10546,77.28975,28.52758
10547,77.29183,28.52567
10548,77.29217,28.52517
10549,77.28992,28.52745
10550,77.29018,28.52723
10551,77.28984,28.52751
10552,77.23201,28.53102
10553,77.2319,28.52872
10554,77.23181,28.52849
10555,77.23194,28.53293
10556,77.23194,28.53304
10557,77.23195,28.53336
10558,77.23198,28.53462
10559,77.23767,28.52419
10560,77.23501,28.52646
10561,77.23519,28.52641
10562,77.23537,28.52636
10563,77.23556,28.52631
10564,77.23564,28.52628
10565,77.23574,28.52624
10566,77.2365,28.52551
10567,77.23662,28.52537
10568,77.23674,28.52524
10569,77.23685,28.52511
10570,77.23699,28.52496
10571,77.23711,28.52481
10572,77.23723,28.52467
10573,77.23901,28.52268
10574,77.23444,28.52663
10575,77.19711,28.53115
10576,77.19598,28.53137
10577,77.19951,28.53028
10578,77.19945,28.53019
10579,77.19937,28.53023
10580,77.19851,28.53065
10581,77.20387,28.53243
10582,77.2036,28.53237
10583,77.20305,28.53225
10584,77.20183,28.53196
10585,77.20474,28.53263
10586,77.20427,28.53251
10587,77.20596,28.53318
10588,77.20539,28.53283
10589,77.23083,28.53288
10590,77.22844,28.53236
10591,77.2301,28.52428
10592,77.22996,28.52398
10593,77.23146,28.52753
10594,77.23143,28.52746
10595,77.27065,28.52867
10596,77.2697,28.52819
10597,77.2684,28.52755
10598,77.27073,28.52871
10599,77.27107,28.52887
10600,77.27088,28.52878
10601,77.25778,28.52626
10602,77.25755,28.52632
10603,77.25801,28.5262
10604,77.25845,28.52608
10605,77.25837,28.5261
10606,77.25877,28.52599
10607,77.25997,28.5257
10608,77.25983,28.52573
10609,77.26026,28.52562
10610,77.26123,28.52542
10611,77.26069,28.52552
10612,77.26059,28.52554
10613,77.25964,28.52578
10614,77.25821,28.52614
10615,77.2573,28.52638
10616,77.19232,28.52275
10617,77.19171,28.52291
10618,77.19336,28.52249
10619,77.14842,28.52913
10620,77.14827,28.52924
10621,77.27243,28.52768
10622,77.27258,28.52749
10623,77.27345,28.52624
10624,77.2735,28.52617
10625,77.27384,28.52569
10626,77.27433,28.525
10627,77.27506,28.52396
10628,77.2751,28.5239
10629,77.27535,28.52355
10630,77.27591,28.52275
10631,77.27641,28.52203
10632,77.27645,28.52198
10633,77.27332,28.52644
10634,77.27294,28.52698
10635,77.26742,28.52706
10636,77.26678,28.52675
10637,77.26646,28.52658
10638,77.26622,28.52646
10639,77.26501,28.52586
10640,77.25233,28.51173
10641,77.25192,28.51176
10642,77.27739,28.52065
10643,77.27846,28.51912
10644,77.2785,28.51907
10645,77.27876,28.51872
10646,77.27981,28.51724
10647,77.28036,28.51643
10648,77.28106,28.51516
10649,77.25379,28.51766
10650,77.25865,28.51186
10651,77.25328,28.51628
10652,77.25295,28.51537
10653,77.27181,28.52858
10654,77.26368,28.52518
10655,77.20759,28.51935
10656,77.21252,28.51829
10657,77.21218,28.51836
10658,77.21633,28.52424
10659,77.21619,28.52471
10660,77.21631,28.52171
10661,77.21622,28.52137
10662,77.216,28.52059
10663,77.21533,28.51814
10664,77.21542,28.51846
10665,77.21649,28.52316
10666,77.21575,28.51964
10667,77.21584,28.51997
10668,77.21525,28.51783
10669,77.21506,28.51786
10670,77.21589,28.5257
10671,77.20344,28.52028
10672,77.20298,28.52037
10673,77.20373,28.52021
10674,77.20401,28.52014
10675,77.20563,28.51983
10676,77.20551,28.51985
10677,77.22993,28.52393
10678,77.22855,28.52087
10679,77.22837,28.52045
10680,77.22875,28.52132
10681,77.22886,28.52158
10682,77.22987,28.52378
10683,77.22968,28.52338
10684,77.23699,28.52372
10685,77.23618,28.52317
10686,77.23635,28.52328
10687,77.23382,28.52309
10688,77.23399,28.52309
10689,77.23512,28.52306
10690,77.23517,28.52306
10691,77.23469,28.52306
10692,77.23485,28.52306
10693,77.23103,28.52359
10694,77.23126,28.5235
10695,77.23205,28.5232
10696,77.23064,28.52373
10697,77.23082,28.52366
10698,77.23044,28.5238
10699,77.23239,28.52315
10700,77.23253,28.52315
10701,77.23296,28.52313
10702,77.23336,28.52312
10703,77.23555,28.52304
10704,77.25462,28.51989
10705,77.15979,28.51851
10706,77.15963,28.51879
10707,77.15967,28.51872
10708,77.25004,28.5119
10709,77.24935,28.51192
10710,77.24081,28.51245
10711,77.24037,28.51254
10712,77.24395,28.51217
10713,77.24356,28.5122
10714,77.24285,28.51224
10715,77.24473,28.51212
10716,77.2465,28.51203
10717,77.24608,28.51205
10718,77.23826,28.51293
10719,77.23937,28.51272
10720,77.24524,28.5121
10721,77.25049,28.51187
10722,77.25102,28.51183
10723,77.24873,28.51192
10724,77.24793,28.51196
10725,77.24122,28.51237
10726,77.23505,28.52207
10727,77.23506,28.52221
10728,77.23495,28.51957
10729,77.23496,28.51979
10730,77.235,28.52073
10731,77.23502,28.52116
10732,77.23504,28.52185
10733,77.23493,28.51933
10734,77.23491,28.51902
10735,77.23489,28.51884
10736,77.23487,28.51867
10737,77.20643,28.51866
10738,77.20636,28.51826
10739,77.20633,28.51808
10740,77.22474,28.51591
10741,77.22456,28.51595
10742,77.22677,28.51554
10743,77.22666,28.51556
10744,77.22763,28.51883
10745,77.22739,28.51828
10746,77.22619,28.51563
10747,77.22706,28.51734
10748,77.22695,28.51664
10749,77.22158,28.51657
10750,77.22439,28.51598
10751,77.23208,28.51433
10752,77.23118,28.51453
10753,77.23298,28.51414
10754,77.22708,28.51546
10755,77.2287,28.51511
10756,77.22784,28.51529
10757,77.22951,28.51493
10758,77.2182,28.51727
10759,77.2157,28.51776
10760,77.21535,28.51782
10761,77.21686,28.51756
10762,77.1855,28.51305
10763,77.18544,28.51298
10764,77.18276,28.51128
10765,77.18703,28.51476
10766,77.18339,28.5114
10767,77.18373,28.51148
10768,77.17978,28.50941
10769,77.31397,28.50029
10770,77.31411,28.5003
10771,77.31183,28.49999
10772,77.31274,28.5001
10773,77.31421,28.50031
10774,77.18517,28.50838
10775,77.18466,28.50991
10776,77.18515,28.50814
10777,77.18513,28.50785
10778,77.18512,28.50767
10779,77.18511,28.50747
10780,77.1851,28.50733
10781,77.18515,28.50638
10782,77.18512,28.50655
10783,77.1852,28.506
10784,77.18525,28.50574
10785,77.18533,28.50542
10786,77.18467,28.49959
10787,77.18351,28.50071
10788,77.18024,28.50259
10789,77.17995,28.50265
10790,77.17963,28.50272
10791,77.17584,28.50432
10792,77.17521,28.50505
10793,77.18544,28.50061
10794,77.1855,28.50095
10795,77.18553,28.50466
10796,77.18537,28.50521
10797,77.1857,28.50288
10798,77.18569,28.50396
10799,77.18566,28.5017
10800,77.18537,28.50029
10801,77.17594,28.50696
10802,77.1758,28.50684
10803,77.17673,28.50762
10804,77.28868,28.49764
10805,77.289,28.49823
10806,77.28935,28.49886
10807,77.28858,28.49744
10808,77.28662,28.49249
10809,77.2866,28.49265
10810,77.09368,28.51449
10811,77.09362,28.51436
10812,77.09377,28.51463
10813,77.0945,28.51592
10814,77.09443,28.51581
10815,77.15641,28.49715
10816,77.15652,28.49719
10817,77.14663,28.49275
10818,77.14782,28.49328
10819,77.1543,28.49622
10820,77.15556,28.49677
10821,77.15697,28.49742
10822,77.15769,28.49777
10823,77.15867,28.49822
10824,77.15937,28.49849
10825,77.16671,28.50173
10826,77.1672,28.50193
10827,77.30449,28.48644
10828,77.30449,28.48651
10829,77.1852,28.49146
10830,77.18506,28.49188
10831,77.18436,28.49431
10832,77.18435,28.49488
10833,77.18454,28.49367
10834,77.18451,28.49376
10835,77.18441,28.49506
10836,77.18485,28.49636
10837,77.18471,28.49587
10838,77.17025,28.50321
10839,77.17058,28.50334
10840,77.16763,28.5021
10841,77.16805,28.50225
10842,77.17096,28.50348
10843,77.17265,28.50424
10844,77.16969,28.503
10845,77.16853,28.50244
10846,77.16755,28.50206
10847,77.0802,28.51754
10848,77.08089,28.5188
10849,77.08196,28.52117
10850,77.08222,28.52175
10851,77.08139,28.51973
10852,77.08018,28.51771
10853,77.08041,28.51804
10854,77.08009,28.51759
10855,77.20496,28.64071
10856,77.20509,28.64089
10857,77.20298,28.64284
10858,77.33407,28.6052
10859,77.33444,28.60475
10860,77.33505,28.60405
10861,77.33527,28.60379
10862,77.33561,28.60339
10863,77.2436,28.59349
10864,77.24374,28.59349
10865,77.24387,28.59344
10866,77.24395,28.59337
10867,77.24403,28.59315
10868,77.24352,28.59355
10869,77.24399,28.59301
10870,77.24296,28.5942
10871,77.24303,28.5941
10872,77.23228,28.59502
10873,77.23339,28.59362
10874,77.23389,28.59304
10875,77.23407,28.59282
10876,77.23221,28.60225
10877,77.13846,28.59022
10878,77.14711,28.58638
10879,77.13911,28.58443
10880,77.13961,28.58449
10881,77.13853,28.58435
10882,77.13736,28.5842
10883,77.13776,28.58425
10884,77.13804,28.58429
10885,77.14076,28.58463
10886,77.14397,28.58509
10887,77.30107,28.58423
10888,77.30116,28.58412
10889,77.15365,28.57435
10890,77.15248,28.57408
10891,77.14523,28.58045
10892,77.14504,28.57971
10893,77.14384,28.57517
10894,77.14242,28.5746
10895,77.14465,28.57809
10896,77.1448,28.57884
10897,77.14474,28.57869
10898,77.14565,28.58205
10899,77.14495,28.57935
10900,77.18313,28.57037
10901,77.18303,28.57042
10902,77.17256,28.57547
10903,77.1728,28.57505
10904,77.17337,28.57409
10905,77.17346,28.57393
10906,77.17379,28.57336
10907,77.17271,28.5711
10908,77.17589,28.56698
10909,77.17436,28.56849
10910,77.175,28.56788
10911,77.17311,28.57188
10912,77.17197,28.57652
10913,77.17206,28.57635
10914,77.17219,28.57613
10915,77.18387,28.56878
10916,77.18406,28.56901
10917,77.18444,28.56982
10918,77.18433,28.57007
10919,77.26637,28.57157
10920,77.2665,28.57134
10921,77.26608,28.57212
10922,77.26666,28.57105
10923,77.26756,28.56962
10924,77.26752,28.56967
10925,77.26714,28.57033
10926,77.26735,28.57004
10927,77.26816,28.56877
10928,77.26794,28.56907
10929,77.26912,28.56739
10930,77.26872,28.56798
10931,77.14175,28.57434
10932,77.14145,28.57422
10933,77.13871,28.57295
10934,77.13608,28.57157
10935,77.17304,28.55781
10936,77.27018,28.56552
10937,77.26993,28.56598
10938,77.26986,28.56613
10939,77.18577,28.56366
10940,77.18609,28.56348
10941,77.2502,28.56339
10942,77.18635,28.55588
10943,77.18656,28.55648
10944,77.22095,28.56028
10945,77.22113,28.56042
10946,77.21994,28.55955
10947,77.22075,28.56013
10948,77.21948,28.55921
10949,77.2216,28.56078
10950,77.22212,28.56126
10951,77.2473,28.56066
10952,77.24791,28.56081
10953,77.24707,28.5606
10954,77.24657,28.56048
10955,77.24679,28.56053
10956,77.24532,28.56018
10957,77.24559,28.56025
10958,77.24514,28.56013
10959,77.2449,28.56007
10960,77.24443,28.55996
10961,77.24366,28.55977
10962,77.24387,28.55982
10963,77.24139,28.5592
10964,77.2419,28.55933
10965,77.24234,28.55944
10966,77.24587,28.56032
10967,77.24604,28.56036
10968,77.24636,28.56043
10969,77.24818,28.56086
10970,77.24344,28.55972
10971,77.23936,28.55822
10972,77.23992,28.55874
10973,77.24102,28.55911
10974,77.30567,28.54467
10975,77.3051,28.5442
10976,77.30201,28.54251
10977,77.30142,28.5423
10978,77.30701,28.54567
10979,77.30696,28.54567
10980,77.13552,28.53807
10981,77.13467,28.53816
10982,77.13933,28.53889
10983,77.13963,28.53945
10984,77.16595,28.55279
10985,77.21122,28.55531
10986,77.21034,28.55617
10987,77.20405,28.55094
10988,77.20416,28.55121
10989,77.20403,28.55088
10990,77.20307,28.54792
10991,77.2031,28.54799
10992,77.20304,28.54783
10993,77.28229,28.54022
10994,77.28256,28.53988
10995,77.28293,28.53936
10996,77.28526,28.5356
10997,77.28529,28.53555
10998,77.28337,28.53866
10999,77.28352,28.53843
11000,77.28033,28.54274
11001,77.28153,28.54116
11002,77.12503,28.54653
11003,77.12547,28.54632
11004,77.12946,28.5416
11005,77.12995,28.54117
11006,77.12597,28.54609
11007,77.13117,28.53998
11008,77.13067,28.54042
11009,77.12677,28.54572
11010,77.26117,28.53722
11011,77.26106,28.53694
11012,77.26168,28.53856
11013,77.26159,28.5383
11014,77.26151,28.53808
11015,77.26127,28.53749
11016,77.26141,28.53783
11017,77.27553,28.53107
11018,77.27463,28.53061
11019,77.27365,28.5301
11020,77.27304,28.5298
11021,77.26779,28.53606
11022,77.26792,28.53573
11023,77.26821,28.53504
11024,77.26836,28.53468
11025,77.26808,28.53535
11026,77.27192,28.52922
11027,77.27178,28.52916
11028,77.22418,28.54223
11029,77.2233,28.5423
11030,77.22553,28.54214
11031,77.26028,28.5349
11032,77.26047,28.5354
11033,77.26092,28.53657
11034,77.26081,28.53628
11035,77.26059,28.53572
11036,77.2607,28.536
11037,77.26962,28.63808
11038,77.28788,28.48891
11039,77.28694,28.48938
11040,77.28662,28.48937
11041,77.21793,28.64667
11042,77.21796,28.64556
11043,77.21796,28.64486
11044,77.20492,28.64662
11045,77.20332,28.64699
11046,77.20998,28.64683
11047,77.20993,28.64662
11048,77.20988,28.6464
11049,77.20983,28.64618
11050,77.22366,28.6455
11051,77.21104,28.64558
11052,77.21267,28.64528
11053,77.21344,28.64503
11054,77.21413,28.6448
11055,77.21457,28.64467
11056,77.21481,28.64461
11057,77.2161,28.64426
11058,77.21632,28.64423
11059,77.21569,28.64436
11060,77.21576,28.64434
11061,77.28345,28.63987
11062,77.28336,28.64003
11063,77.28311,28.64042
11064,77.28359,28.63964
11065,77.28275,28.64101
11066,77.28252,28.64139
11067,77.28201,28.64226
11068,77.28225,28.64184
11069,77.20781,28.63862
11070,77.20761,28.63788
11071,77.2075,28.63773
11072,77.20716,28.63728
11073,77.20774,28.63923
11074,77.20772,28.63918
11075,77.20572,28.63391
11076,77.20586,28.63375
11077,77.2776,28.6305
11078,77.27719,28.63022
11079,77.27863,28.63119
11080,77.27846,28.63107
11081,77.20838,28.63195
11082,77.20842,28.63245
11083,77.20826,28.62962
11084,77.20828,28.62994
11085,77.2082,28.62893
11086,77.20829,28.63033
11087,77.2083,28.63063
11088,77.20831,28.63108
11089,77.20835,28.63149
11090,77.15189,28.53384
11091,77.14209,28.53437
11092,77.14592,28.5312
11093,77.14548,28.53151
11094,77.14498,28.53186
11095,77.14319,28.53323
11096,77.22524,28.53163
11097,77.22511,28.5316
11098,77.19812,28.53743
11099,77.20072,28.56967
11100,77.20036,28.56968
11101,77.26827,28.53464
11102,77.22168,28.56069
11103,77.22123,28.56034
11104,77.21243,28.58576
11105,77.29858,28.64412
11106,77.29854,28.64416
11107,77.1851,28.50703
11108,77.1851,28.50693
11109,77.1851,28.50682
11110,77.28374,28.6394
11111,77.28381,28.63943
11112,77.29563,28.59748
11113,77.29571,28.59751
11114,77.29575,28.59743
11115,77.29839,28.59742
11116,77.30458,28.60754
11117,77.30287,28.60701
11118,77.30437,28.60745
11119,77.30381,28.60727
11120,77.29998,28.60614
11121,77.29945,28.60597
11122,77.28688,28.49129
11123,77.29016,28.60331
11124,77.2902,28.60332
11125,77.29047,28.60342
11126,77.29123,28.60373
11127,77.29143,28.60382
11128,77.29463,28.60461
11129,77.33051,28.62648
11130,77.33055,28.62659
11131,77.30358,28.61279
11132,77.29941,28.62138
11133,77.29971,28.62135
11134,77.29958,28.62131
11135,77.18352,28.51095
11136,77.30956,28.60727
11137,77.30918,28.60827
11138,77.30907,28.60857
11139,77.31645,28.61339
11140,77.31588,28.61326
11141,77.31331,28.61299
11142,77.31358,28.61293
11143,77.31335,28.61291
11144,77.30823,28.61081
11145,77.30853,28.60998
11146,77.30829,28.61065
11147,77.31111,28.50003
11148,77.18563,28.50437
11149,77.18507,28.49763
11150,77.30308,28.58908
11151,77.30308,28.58915
11152,77.29923,28.62119
11153,77.29615,28.62016
11154,77.3061,28.62353
11155,77.30294,28.62244
11156,77.18501,28.49696
11157,77.185,28.49763
11158,77.32762,28.59973
11159,77.3277,28.59979
11160,77.18498,28.49683
11161,77.30147,28.58371
11162,77.30212,28.58288
11163,77.18462,28.49376
11164,77.30621,28.4875
11165,77.30714,28.48752
11166,77.30777,28.48754
11167,77.30901,28.48738
11168,77.31018,28.48668
11169,77.31092,28.48601
11170,77.30973,28.48709
11171,77.15013,28.49431
11172,77.15089,28.49463
11173,77.1516,28.49496
11174,77.15092,28.49451
11175,77.15019,28.49422
11176,77.14945,28.494
11177,77.18468,28.49552
11178,77.18458,28.49553
11179,77.27213,28.62826
11180,77.27278,28.62909
11181,77.27145,28.62893
11182,77.27154,28.62826
11183,77.2716,28.62809
11184,77.27139,28.62914
11185,77.27141,28.62881
11186,77.27277,28.62684
11187,77.27083,28.62808
11188,77.27056,28.62808
11189,77.29418,28.63741
11190,77.29413,28.63748
11191,77.29429,28.6376
11192,77.28893,28.63331
11193,77.28599,28.63345
11194,77.29996,28.62345
11195,77.30064,28.62359
11196,77.30017,28.62343
11197,77.30085,28.62366
11198,77.3007,28.62361
11199,77.30081,28.62373
11200,77.3137,28.6364
11201,77.31403,28.63642
11202,77.29902,28.63278
11203,77.29868,28.63253
11204,77.30252,28.63465
11205,77.30249,28.63474
11206,77.30262,28.63468
11207,77.29855,28.6443
11208,77.29684,28.64619
11209,77.29691,28.64625
11210,77.29861,28.64439
11211,77.29835,28.64482
11212,77.29834,28.64468
11213,77.29826,28.64462
11214,77.29811,28.64465
11215,77.28728,28.64365
11216,77.2876,28.64366
11217,77.29846,28.64402
11218,77.29603,28.64212
11219,77.29626,28.64231
11220,77.29633,28.64224
11221,77.29609,28.64203
11222,77.297,28.64288
11223,77.29746,28.64323
11224,77.29752,28.64316
11225,77.29706,28.6428
11226,77.29356,28.62128
11227,77.29368,28.62124
11228,77.28533,28.62304
11229,77.28461,28.62182
11230,77.28451,28.62183
11231,77.31443,28.63645
11232,77.31476,28.63645
11233,77.31551,28.63303
11234,77.31429,28.63593
11235,77.31462,28.63646
11236,77.31584,28.6412
11237,77.31588,28.64131
11238,77.28886,28.63767
11239,77.29012,28.63831
11240,77.29069,28.63861
11241,77.2902,28.63823
11242,77.28892,28.63758
11243,77.29219,28.63939
11244,77.29288,28.63963
11245,77.29225,28.6393
11246,77.2691,28.6435
11247,77.26899,28.64331
11248,77.26911,28.64332
11249,77.27041,28.64366
11250,77.27057,28.64367
11251,77.26944,28.64019
11252,77.26903,28.64394
11253,77.2689,28.64393
11254,77.26871,28.64733
11255,77.26908,28.6451
11256,77.14119,28.53872
11257,77.14316,28.53756
11258,77.24083,28.63585
11259,77.18124,28.57129
11260,77.17222,28.57586
11261,77.17232,28.5759
11262,77.1727,28.575
11263,77.17247,28.57542
11264,77.17349,28.57387
11265,77.1895,28.56962
11266,77.18974,28.56959
11267,77.20129,28.54468
11268,77.2087,28.54347
11269,77.20862,28.56924
11270,77.27145,28.63092
11271,77.26679,28.62807
11272,77.27217,28.62808
11273,77.27447,28.62842
11274,77.24985,28.54067
11275,77.17753,28.5622
11276,77.17746,28.56228
11277,77.16992,28.56231
11278,77.16989,28.56237
11279,77.1707,28.56291
11280,77.17386,28.56422
11281,77.17336,28.57388
11282,77.16588,28.57391
11283,77.16492,28.57348
11284,77.16488,28.57359
11285,77.22654,28.53193
11286,77.27056,28.63227
11287,77.27503,28.62543
11288,77.275,28.62548
11289,77.18449,28.49387
11290,77.30574,28.63654
11291,77.2405,28.59561
11292,77.19357,28.55903
11293,77.20004,28.56967
11294,77.1995,28.56964
11295,77.19994,28.56977
11296,77.20003,28.56996
11297,77.20021,28.56996
11298,77.18116,28.60133
11299,77.2092,28.61384
11300,77.19906,28.63209
11301,77.19874,28.63167
11302,77.16937,28.52563
11303,77.16949,28.52643
11304,77.26341,28.54976
11305,77.20613,28.52215
11306,77.20618,28.52237
11307,77.25023,28.5296
11308,77.24255,28.55479
11309,77.24261,28.55475
11310,77.24691,28.55205
11311,77.21266,28.59214
11312,77.21263,28.59226
11313,77.1845,28.56433
11314,77.18455,28.5644
11315,77.16721,28.52364
11316,77.16837,28.52282
11317,77.16857,28.52377
11318,77.25115,28.54016
11319,77.25119,28.54008
11320,77.2466,28.54281
11321,77.24641,28.5431
11322,77.21494,28.52873
11323,77.14783,28.52984
11324,77.14811,28.52936
11325,77.14772,28.52969
11326,77.14738,28.53
11327,77.14707,28.53028
11328,77.14555,28.5316
11329,77.14602,28.53135
11330,77.14685,28.53073
11331,77.14673,28.53058
11332,77.19516,28.57963
11333,77.23198,28.53293
11334,77.23198,28.53304
11335,77.23202,28.53294
11336,77.23203,28.53305
11337,77.15689,28.54165
11338,77.23231,28.52722
11339,77.23234,28.52729
11340,77.12814,28.5449
11341,77.12855,28.54377
11342,77.12869,28.54338
11343,77.12888,28.54286
11344,77.23808,28.51752
11345,77.23816,28.5176
11346,77.2383,28.51774
11347,77.24775,28.54513
11348,77.25019,28.54605
11349,77.23839,28.51782
11350,77.23848,28.51791
11351,77.23863,28.51805
11352,77.25107,28.54617
11353,77.25076,28.54605
11354,77.23876,28.51817
11355,77.23889,28.5183
11356,77.23901,28.51841
11357,77.23913,28.51853
11358,77.23927,28.51866
11359,77.23938,28.51877
11360,77.2395,28.51889
11361,77.23975,28.51914
11362,77.23988,28.51927
11363,77.24001,28.51938
11364,77.24015,28.5195
11365,77.24028,28.51964
11366,77.24771,28.54521
11367,77.2494,28.54585
11368,77.24053,28.52085
11369,77.24047,28.52098
11370,77.24034,28.52112
11371,77.24022,28.52124
11372,77.23999,28.52149
11373,77.23986,28.52162
11374,77.23972,28.52176
11375,77.2396,28.52189
11376,77.2506,28.5463
11377,77.25217,28.54686
11378,77.23946,28.52201
11379,77.23868,28.5181
11380,77.23959,28.51899
11381,77.30411,28.54344
11382,77.30394,28.54332
11383,77.30448,28.54372
11384,77.20031,28.54518
11385,77.20036,28.54508
11386,77.20024,28.54493
11387,77.19497,28.58895
11388,77.1949,28.58902
11389,77.20534,28.60139
11390,77.19049,28.54783
11391,77.18858,28.60043
11392,77.18856,28.60039
11393,77.22409,28.63018
11394,77.22367,28.63041
11395,77.19829,28.56985
11396,77.19838,28.56978
11397,77.19899,28.5696
11398,77.23903,28.52253
11399,77.28373,28.56127
11400,77.24055,28.52026
11401,77.24056,28.52074
11402,77.23301,28.56331
11403,77.23279,28.56317
11404,77.23284,28.56325
11405,77.23334,28.56442
11406,77.22494,28.58075
11407,77.22493,28.58082
11408,77.22484,28.58152
11409,77.22455,28.58079
11410,77.23497,28.52001
11411,77.23507,28.52226
11412,77.15745,28.56636
11413,77.15751,28.56639
11414,77.15758,28.56643
11415,77.16692,28.56495
11416,77.16681,28.56516
11417,77.17523,28.55608
11418,77.17503,28.55621
11419,77.22978,28.60195
11420,77.22528,28.60426
11421,77.17968,28.55329
11422,77.17918,28.55362
11423,77.18223,28.55162
11424,77.18395,28.55063
11425,77.30078,28.50577
11426,77.30079,28.50539
11427,77.3004,28.50386
11428,77.2998,28.50249
11429,77.29978,28.50241
11430,77.29346,28.64001
11431,77.29341,28.64009
11432,77.29075,28.63851
11433,77.28724,28.6367
11434,77.29809,28.64373
11435,77.29783,28.64352
11436,77.29815,28.64365
11437,77.2979,28.64345
11438,77.26993,28.63488
11439,77.26999,28.63435
11440,77.27161,28.63113
11441,77.27026,28.63335
11442,77.3009,28.49991
11443,77.30115,28.49977
11444,77.29976,28.4993
11445,77.30189,28.49797
11446,77.15434,28.49613
11447,77.15338,28.49569
11448,77.15294,28.49549
11449,77.16521,28.50103
11450,77.16548,28.50116
11451,77.17621,28.50739
11452,77.24747,28.63515
11453,77.24728,28.63504
11454,77.25344,28.63522
11455,77.25371,28.63514
11456,77.21248,28.57955
11457,77.18996,28.57355
11458,77.18992,28.57294
11459,77.18997,28.57383
11460,77.18999,28.57412
11461,77.19,28.5744
11462,77.18994,28.57803
11463,77.18997,28.57749
11464,77.18999,28.57718
11465,77.18992,28.5785
11466,77.18991,28.57883
11467,77.19007,28.57541
11468,77.19002,28.57468
11469,77.19006,28.57591
11470,77.19795,28.57973
11471,77.19971,28.5798
11472,77.33554,28.60334
11473,77.1511,28.5352
11474,77.15102,28.53525
11475,77.14877,28.53655
11476,77.14857,28.53667
11477,77.13917,28.53827
11478,77.13905,28.53805
11479,77.32716,28.63093
11480,77.2529,28.63503
11481,77.29071,28.53786
11482,77.2902,28.53765
11483,77.11774,28.54912
11484,77.31478,28.63705
11485,77.31462,28.63699
11486,77.31442,28.63701
11487,77.31993,28.63838
11488,77.3201,28.63824
11489,77.3101,28.63401
11490,77.11696,28.54354
11491,77.11725,28.54374
11492,77.31185,28.62998
11493,77.31133,28.63121
11494,77.31102,28.63194
11495,77.3111,28.63178
11496,77.31173,28.62992
11497,77.31121,28.63117
11498,77.29779,28.63188
11499,77.29795,28.63203
11500,77.2981,28.63217
11501,77.29826,28.63229
11502,77.29816,28.63212
11503,77.29801,28.63199
11504,77.29794,28.63191
11505,77.12654,28.54839
11506,77.1249,28.54769
11507,77.12535,28.54809
11508,77.12565,28.54769
11509,77.12504,28.54724
11510,77.12576,28.54778
11511,77.12423,28.54719
11512,77.12437,28.54729
11513,77.11746,28.54249
11514,77.11807,28.54257
11515,77.26271,28.5104
11516,77.2611,28.51157
11517,77.26174,28.51112
11518,77.13373,28.56211
11519,77.13392,28.56511
11520,77.13402,28.56643
11521,77.13432,28.56603
11522,77.13848,28.57318
11523,77.12738,28.56452
11524,77.12719,28.56403
11525,77.12744,28.56087
11526,77.1285,28.55999
11527,77.12655,28.56232
11528,77.1265,28.56205
11529,77.12806,28.55603
11530,77.12811,28.56655
11531,77.12276,28.56969
11532,77.12431,28.56924
11533,77.12748,28.56684
11534,77.12728,28.56757
11535,77.12719,28.56761
11536,77.12851,28.56749
11537,77.1281,28.56644
11538,77.12273,28.56958
11539,77.19795,28.57966
11540,77.18977,28.57883
11541,77.18978,28.5785
11542,77.18983,28.57751
11543,77.18988,28.5747
11544,77.18986,28.57439
11545,77.18985,28.57414
11546,77.18983,28.57387
11547,77.13895,28.53812
11548,77.13906,28.53833
11549,77.1486,28.53674
11550,77.14882,28.53661
11551,77.15104,28.53532
11552,77.15114,28.53526
11553,77.16286,28.56007
11554,77.18555,28.51311
11555,77.18633,28.51397
11556,77.15097,28.53264
11557,77.15073,28.53233
11558,77.15055,28.53208
11559,77.1777,28.55459
11560,77.1768,28.55518
11561,77.17338,28.55757
11562,77.16865,28.56221
11563,77.10617,28.55237
11564,77.10604,28.55186
11565,77.17575,28.50807
11566,77.17636,28.55547
11567,77.30025,28.50021
11568,77.29984,28.50197
11569,77.30003,28.50154
11570,77.25303,28.63499
11571,77.3135,28.63639
11572,77.3149,28.63967
11573,77.31539,28.64051
11574,77.31559,28.64044
11575,77.30202,28.49777
11576,77.30387,28.49271
11577,77.30379,28.49243
11578,77.29952,28.49931
11579,77.23989,28.58274
11580,77.24008,28.58307
11581,77.24082,28.58553
11582,77.24027,28.58315
11583,77.23999,28.58269
11584,77.15981,28.54557
11585,77.15443,28.53826
11586,77.15607,28.54052
11587,77.15634,28.54089
11588,77.15847,28.54268
11589,77.2472,28.63488
11590,77.2346,28.56717
11591,77.12734,28.56673
11592,77.23493,28.56553
11593,77.23408,28.56562
11594,77.23433,28.56559
11595,77.26146,28.58453
11596,77.26057,28.58512
11597,77.26149,28.58463
11598,77.26221,28.58417
11599,77.22678,28.51558
11600,77.15542,28.52462
11601,77.15548,28.52465
11602,77.22472,28.53151
11603,77.28455,28.53679
11604,77.22678,28.54205
11605,77.2272,28.54201
11606,77.20701,28.54377
11607,77.20825,28.54368
11608,77.20829,28.54358
11609,77.20844,28.54338
11610,77.20822,28.54339
11611,77.20248,28.54443
11612,77.20315,28.54388
11613,77.18211,28.55193
11614,77.18208,28.55185
11615,77.13406,28.56703
11616,77.22624,28.56736
11617,77.22617,28.56739
11618,77.26403,28.56489
11619,77.26427,28.56458
11620,77.2645,28.56427
11621,77.17573,28.5794
11622,77.17547,28.57925
11623,77.17559,28.57925
11624,77.16265,28.5926
11625,77.16254,28.59278
11626,77.22312,28.56866
11627,77.22468,28.56831
11628,77.18604,28.55626
11629,77.24428,28.55925
11630,77.24408,28.5598
11631,77.24434,28.55927
11632,77.24446,28.55895
11633,77.24411,28.55988
11634,77.24406,28.55987
11635,77.25332,28.56724
11636,77.25291,28.56658
11637,77.22314,28.60232
11638,77.21251,28.5863
11639,77.21253,28.5865
11640,77.21259,28.58699
11641,77.21261,28.58721
11642,77.21263,28.58734
11643,77.21263,28.5863
11644,77.20588,28.60163
11645,77.23034,28.64092
11646,77.23204,28.62611
11647,77.23219,28.62604
11648,77.23228,28.62596
11649,77.22206,28.57898
11650,77.22212,28.57904
11651,77.26121,28.57433
11652,77.26102,28.57422
11653,77.2238,28.60388
11654,77.22771,28.61302
11655,77.21127,28.59746
11656,77.12909,28.56759
11657,77.23237,28.62563
11658,77.23229,28.62545
11659,77.22509,28.61608
11660,77.22764,28.64385
11661,77.2555,28.59913
11662,77.25561,28.59881
11663,77.26361,28.5828
11664,77.26328,28.58264
11665,77.1272,28.56663
11666,77.20634,28.62307
11667,77.20638,28.62375
11668,77.20649,28.62375
11669,77.20644,28.62306
11670,77.21176,28.62212
11671,77.23562,28.60525
11672,77.23615,28.60516
11673,77.17992,28.58044
11674,77.20372,28.57983
11675,77.20604,28.5796
11676,77.17112,28.58705
11677,77.17198,28.58573
11678,77.29905,28.59588
11679,77.30636,28.58913
11680,77.30468,28.58908
11681,77.29881,28.58602
11682,77.29906,28.58584
11683,77.29457,28.59302
11684,77.29463,28.59293
11685,77.21401,28.5928
11686,77.21499,28.59383
11687,77.21838,28.59736
11688,77.21793,28.59689
11689,77.22756,28.59091
11690,77.22708,28.59086
11691,77.22783,28.59095
11692,77.23428,28.56538
11693,77.23424,28.56528
11694,77.2343,28.56548
11695,77.23443,28.56559
11696,77.23374,28.56532
11697,77.23377,28.56565
11698,77.23387,28.56564
11699,77.23389,28.56568
11700,77.23414,28.56507
11701,77.20706,28.55933
11702,77.20685,28.55945
11703,77.26433,28.55671
11704,77.2291,28.61017
11705,77.2292,28.61012
11706,77.16625,28.58572
11707,77.16642,28.58641
11708,77.1664,28.58573
11709,77.24738,28.58739
11710,77.24718,28.5877
11711,77.24672,28.58858
11712,77.19918,28.56942
11713,77.23141,28.64047
11714,77.23149,28.64044
11715,77.23138,28.64037
11716,77.23807,28.62206
11717,77.23775,28.62163
11718,77.23749,28.62129
11719,77.23169,28.62242
11720,77.23177,28.62241
11721,77.23682,28.62096
11722,77.19914,28.62356
11723,77.31701,28.61352
11724,77.21692,28.6077
11725,77.21959,28.56866
11726,77.22191,28.56865
11727,77.22203,28.56864
11728,77.18905,28.56462
11729,77.25746,28.54878
11730,77.28913,28.52812
11731,77.27098,28.52928
11732,77.30096,28.58413
11733,77.3009,28.5842
11734,77.16168,28.57666
11735,77.18477,28.56976
11736,77.17701,28.5618
11737,77.17566,28.5607
11738,77.17364,28.55854
11739,77.17413,28.55912
11740,77.17555,28.56073
11741,77.20176,28.54478
11742,77.24388,28.54593
11743,77.17648,28.50763
11744,77.17657,28.5077
11745,77.13397,28.56832
11746,77.19355,28.60779
11747,77.19297,28.60823
11748,77.19428,28.60733
11749,77.20466,28.64016
11750,77.2046,28.64021
11751,77.31708,28.61366
11752,77.31813,28.61391
11753,77.12691,28.56678
11754,77.12706,28.5668
11755,77.1272,28.56685
11756,77.12876,28.56743
11757,77.12878,28.5676
11758,77.19767,28.60539
11759,77.26761,28.53694
11760,77.24639,28.54327
11761,77.29556,28.60489
11762,77.29633,28.60512
11763,77.18302,28.56772
11764,77.18371,28.56857
11765,77.15996,28.57534
11766,77.23001,28.55317
11767,77.23994,28.55865
11768,77.17934,28.54663
11769,77.17931,28.54673
11770,77.25883,28.52598
11771,77.21239,28.58494
11772,77.21239,28.58514
11773,77.23973,28.607
11774,77.23948,28.60684
11775,77.25487,28.6008
11776,77.25493,28.60061
11777,77.25221,28.60886
11778,77.25172,28.61038
11779,77.25118,28.61206
11780,77.2511,28.61231
11781,77.25108,28.61338
11782,77.25596,28.59776
11783,77.2561,28.59737
11784,77.25565,28.59827
11785,77.25582,28.59777
11786,77.25848,28.58914
11787,77.25869,28.5892
11788,77.25857,28.58924
11789,77.16804,28.59536
11790,77.16809,28.59539
11791,77.28749,28.53124
11792,77.28787,28.53031
11793,77.27399,28.60622
11794,77.27382,28.60615
11795,77.25763,28.59173
11796,77.25738,28.5925
11797,77.24718,28.62511
11798,77.24728,28.62474
11799,77.24705,28.63481
11800,77.24711,28.63682
11801,77.2471,28.63619
11802,77.31263,28.63639
11803,77.31446,28.63608
11804,77.31465,28.6361
11805,77.31482,28.636
11806,77.23448,28.56639
11807,77.28602,28.62759
11808,77.28601,28.62763
11809,77.28602,28.62745
11810,77.2456,28.61252
11811,77.24628,28.61252
11812,77.24711,28.61236
11813,77.09579,28.51752
11814,77.0954,28.51753
11815,77.28297,28.61514
11816,77.23413,28.56539
11817,77.24639,28.61167
11818,77.24559,28.61138
11819,77.28172,28.61208
11820,77.28183,28.61221
11821,77.21251,28.58494
11822,77.21255,28.58436
11823,77.23021,28.64098
11824,77.22853,28.64184
11825,77.23739,28.62138
11826,77.23763,28.6217
11827,77.23795,28.62212
11828,77.30294,28.49648
11829,77.30302,28.4961
11830,77.30319,28.49524
11831,77.30324,28.49501
11832,77.3033,28.49478
11833,77.30335,28.49456
11834,77.30373,28.49311
11835,77.30432,28.49061
11836,77.30439,28.49029
11837,77.30521,28.48081
11838,77.30512,28.47939
11839,77.17346,28.58292
11840,77.17307,28.58358
11841,77.17403,28.5822
11842,77.2632,28.55794
11843,77.18083,28.58074
11844,77.17998,28.58035
11845,77.1706,28.58759
11846,77.17019,28.5882
11847,77.1778,28.54767
11848,77.17921,28.54718
11849,77.17886,28.55383
11850,77.24728,28.58775
11851,77.09402,28.5102
11852,77.09444,28.50925
11853,77.12159,28.54542
11854,77.24117,28.62917
11855,77.24116,28.62932
11856,77.24119,28.62895
11857,77.29867,28.64417
11858,77.29881,28.64416
11859,77.29912,28.6438
11860,77.30453,28.48548
11861,77.30445,28.48612
11862,77.30126,28.49879
11863,77.30191,28.49897
11864,77.30172,28.49991
11865,77.30176,28.49975
11866,77.30041,28.50013
11867,77.29802,28.51205
11868,77.30156,28.5001
11869,77.30159,28.49988
11870,77.30158,28.49998
11871,77.16614,28.59626
11872,77.16601,28.59554
11873,77.23049,28.61594
11874,77.30025,28.50389
11875,77.30159,28.49936
11876,77.24117,28.6308
11877,77.24126,28.62982
11878,77.30469,28.48747
11879,77.30469,28.48739
11880,77.24698,28.62889
11881,77.24699,28.62821
11882,77.22204,28.56853
11883,77.2219,28.56854
11884,77.17372,28.55847
11885,77.17555,28.56059
11886,77.17422,28.55907
11887,77.17695,28.56188
11888,77.26344,28.56568
11889,77.25675,28.54845
11890,77.25746,28.54864
11891,77.30605,28.58919
11892,77.30628,28.5892
11893,77.17897,28.57339
11894,77.17821,28.57461
11895,77.18687,28.56979
11896,77.18645,28.56983
11897,77.18605,28.56987
11898,77.20809,28.5678
11899,77.20803,28.56758
11900,77.29809,28.51189
11901,77.29826,28.51191
11902,77.17661,28.50752
11903,77.14713,28.53048
11904,77.14717,28.53044
11905,77.147,28.53034
11906,77.18891,28.56946
11907,77.1882,28.56954
11908,77.1341,28.56948
11909,77.12939,28.55066
11910,77.24041,28.59563
11911,77.24068,28.59723
11912,77.24077,28.59694
11913,77.20784,28.56681
11914,77.20776,28.56647
11915,77.20772,28.56631
11916,77.20762,28.56574
11917,77.2928,28.5964
11918,77.29285,28.59632
11919,77.29279,28.59611
11920,77.21078,28.57734
11921,77.21066,28.57728
11922,77.21054,28.57731
11923,77.26303,28.58354
11924,77.29928,28.5857
11925,77.29963,28.5855
11926,77.29984,28.58537
11927,77.21407,28.56908
11928,77.26672,28.60284
11929,77.30882,28.54448
11930,77.30997,28.54375
11931,77.31005,28.54371
11932,77.30989,28.54363
11933,77.28754,28.57678
11934,77.28722,28.57662
11935,77.28734,28.57684
11936,77.28748,28.5769
11937,77.31313,28.62585
11938,77.3129,28.62578
11939,77.31285,28.62589
11940,77.31303,28.62594
11941,77.31339,28.62606
11942,77.14495,28.57542
11943,77.31765,28.62749
11944,77.31776,28.62753
11945,77.13374,28.57015
11946,77.21239,28.56901
11947,77.17711,28.50805
11948,77.2281,28.5666
11949,77.20753,28.56409
11950,77.20765,28.56405
11951,77.15265,28.49547
11952,77.1529,28.4956
11953,77.17789,28.57522
11954,77.17766,28.57565
11955,77.17747,28.57599
11956,77.17481,28.58058
11957,77.17468,28.58081
11958,77.16517,28.59574
11959,77.16829,28.5926
11960,77.16662,28.59425
11961,77.16708,28.59272
11962,77.16677,28.59378
11963,77.16657,28.59408
11964,77.16579,28.59502
11965,77.16611,28.59771
11966,77.28941,28.60305
11967,77.28953,28.60308
11968,77.28744,28.60671
11969,77.28762,28.60635
11970,77.27421,28.58095
11971,77.31247,28.62564
11972,77.29715,28.5887
11973,77.2969,28.58872
11974,77.2834,28.61261
11975,77.28336,28.61263
11976,77.16818,28.59135
11977,77.1684,28.59103
11978,77.22491,28.56823
11979,77.22475,28.56796
11980,77.22491,28.56802
11981,77.1274,28.56694
11982,77.20791,28.56927
11983,77.20663,28.56938
11984,77.20659,28.56944
11985,77.20646,28.56944
11986,77.20652,28.56939
11987,77.20636,28.5694
11988,77.22866,28.61511
11989,77.22935,28.61543
11990,77.11535,28.53761
11991,77.11602,28.53826
11992,77.26636,28.5779
11993,77.2664,28.57793
11994,77.11701,28.54403
11995,77.11618,28.54402
11996,77.12318,28.54586
11997,77.12315,28.54584
11998,77.11857,28.54266
11999,77.1185,28.54253
12000,77.25424,28.63501
12001,77.11442,28.54443
12002,77.11461,28.54439
12003,77.16542,28.59385
12004,77.16505,28.59366
12005,77.30436,28.48654
12006,77.30429,28.48716
12007,77.30419,28.4882
12008,77.30451,28.4883
12009,77.17527,28.5796
12010,77.17518,28.57974
12011,77.25985,28.57339
12012,77.25942,28.57309
12013,77.25951,28.58673
12014,77.25966,28.58636
12015,77.24146,28.62722
12016,77.24146,28.62706
12017,77.24141,28.62677
12018,77.24075,28.62549
12019,77.23452,28.61178
12020,77.23456,28.61248
12021,77.19067,28.56948
12022,77.23585,28.60472
12023,77.23593,28.60459
12024,77.23605,28.60439
12025,77.23863,28.60056
12026,77.23149,28.60958
12027,77.20629,28.56941
12028,77.20915,28.57193
12029,77.20915,28.57198
12030,77.22814,28.61791
12031,77.22777,28.61856
12032,77.22763,28.61907
12033,77.22788,28.61861
12034,77.32077,28.62873
12035,77.32117,28.62886
12036,77.31305,28.62711
12037,77.31347,28.62639
12038,77.31323,28.62637
12039,77.31299,28.62701
12040,77.27698,28.63007
12041,77.29738,28.58806
12042,77.29834,28.58646
12043,77.29281,28.59569
12044,77.29296,28.59575
12045,77.23476,28.56523
12046,77.29922,28.49927
12047,77.29915,28.49926
12048,77.13244,28.5674
12049,77.16611,28.59476
12050,77.16581,28.5952
12051,77.16593,28.59527
12052,77.16624,28.59481
12053,77.26987,28.6342
12054,77.26981,28.6348
12055,77.25184,28.56581
12056,77.25045,28.56555
12057,77.23331,28.56569
12058,77.23397,28.56587
12059,77.21005,28.5761
12060,77.212,28.57955
12061,77.20933,28.57359
12062,77.20937,28.57386
12063,77.18333,28.5831
12064,77.25882,28.57301
12065,77.26163,28.5746
12066,77.25647,28.57506
12067,77.25665,28.57481
12068,77.25663,28.57472
12069,77.25647,28.5747
12070,77.25589,28.57549
12071,77.25657,28.57468
12072,77.18211,28.55128
12073,77.18113,28.5501
12074,77.22642,28.54197
12075,77.2708,28.60466
12076,77.27102,28.60476
12077,77.27109,28.60466
12078,77.27094,28.6046
12079,77.21676,28.56892
12080,77.27666,28.56064
12081,77.27684,28.56086
12082,77.27684,28.56096
12083,77.27642,28.56096
12084,77.2731,28.55883
12085,77.2733,28.55923
12086,77.27301,28.55983
12087,77.27308,28.55987
12088,77.2734,28.55885
12089,77.27288,28.55858
12090,77.27362,28.55897
12091,77.27079,28.5575
12092,77.26189,28.54908
12093,77.2618,28.54905
12094,77.21308,28.54309
12095,77.21244,28.54314
12096,77.10028,28.52422
12097,77.26301,28.54945
12098,77.2658,28.55508
12099,77.26245,28.54933
12100,77.26236,28.5493
12101,77.09567,28.51794
12102,77.23405,28.54081
12103,77.23255,28.54127
12104,77.18421,28.55095
12105,77.2443,28.56501
12106,77.24422,28.56501
12107,77.24413,28.565
12108,77.099,28.52234
12109,77.09882,28.52231
12110,77.09863,28.52257
12111,77.12358,28.56381
12112,77.13424,28.5651
12113,77.13401,28.56214
12114,77.23895,28.55832
12115,77.28245,28.61494
12116,77.28575,28.63616
12117,77.26454,28.54368
12118,77.26445,28.54365
12119,77.26606,28.57764
12120,77.26649,28.57802
12121,77.26911,28.57865
12122,77.27033,28.57893
12123,77.24702,28.63463
12124,77.31246,28.62575
12125,77.15987,28.49869
12126,77.27771,28.60791
12127,77.27672,28.60727
12128,77.25781,28.5923
12129,77.16431,28.5006
12130,77.18519,28.49189
12131,77.18531,28.49155
12132,77.18556,28.49036
12133,77.18524,28.49133
12134,77.27843,28.60863
12135,77.27893,28.60909
12136,77.30111,28.58394
12137,77.30103,28.58405
12138,77.23299,28.51423
12139,77.20199,28.52069
12140,77.20256,28.52058
12141,77.20254,28.52047
12142,77.20213,28.52056
12143,77.29435,28.5929
12144,77.11508,28.54434
12145,77.11634,28.5432
12146,77.14382,28.57656
12147,77.1445,28.57858
12148,77.29828,28.51141
12149,77.30078,28.49887
12150,77.31604,28.5005
12151,77.29291,28.57907
12152,77.27267,28.5586
12153,77.27273,28.5585
12154,77.27133,28.55458
12155,77.26983,28.55648
12156,77.16533,28.59398
12157,77.16541,28.59402
12158,77.16553,28.59391
12159,77.17731,28.57626
12160,77.17486,28.58049
12161,77.17498,28.58053
12162,77.18696,28.56987
12163,77.18708,28.56987
12164,77.18716,28.56976
12165,77.18693,28.56978
12166,77.20836,28.57042
12167,77.20978,28.56955
12168,77.24298,28.56509
12169,77.24338,28.56512
12170,77.26088,28.57412
12171,77.25744,28.5926
12172,77.25741,28.59268
12173,77.23878,28.60033
12174,77.24202,28.59551
12175,77.24275,28.5945
12176,77.25502,28.60032
12177,77.25655,28.59558
12178,77.25666,28.59526
12179,77.28497,28.61085
12180,77.28147,28.61585
12181,77.28154,28.61576
12182,77.28229,28.61445
12183,77.28143,28.61574
12184,77.27407,28.62827
12185,77.25007,28.62817
12186,77.25013,28.62821
12187,77.22703,28.62973
12188,77.29843,28.51146
12189,77.28486,28.61079
12190,77.22683,28.51585
12191,77.23845,28.57434
12192,77.23835,28.57416
12193,77.23817,28.5742
12194,77.23826,28.57435
12195,77.1564,28.57547
12196,77.15421,28.57457
12197,77.13472,28.57047
12198,77.13472,28.56997
12199,77.23187,28.57967
12200,77.23198,28.57968
12201,77.25765,28.64186
12202,77.25779,28.57294
12203,77.11844,28.54426
12204,77.12003,28.54465
12205,77.12136,28.54531
12206,77.1838,28.55083
12207,77.18409,28.55097
12208,77.27972,28.6186
12209,77.27965,28.61848
12210,77.27963,28.61851
12211,77.31085,28.60408
12212,77.21138,28.56914
12213,77.21165,28.56904
12214,77.21075,28.56908
12215,77.16592,28.59538
12216,77.21102,28.57854
12217,77.20891,28.57013
12218,77.20892,28.57002
12219,77.16804,28.59523
12220,77.16714,28.59475
12221,77.22955,28.57611
12222,77.22955,28.57597
12223,77.28929,28.61784
12224,77.28922,28.61782
12225,77.26895,28.64367
12226,77.25431,28.56944
12227,77.1979,28.54556
12228,77.19785,28.54557
12229,77.19785,28.54568
12230,77.19791,28.54566
12231,77.20465,28.54373
12232,77.18507,28.5501
12233,77.18753,28.54912
12234,77.18749,28.54902
12235,77.25262,28.54682
12236,77.25095,28.54623
12237,77.25257,28.54691
12238,77.24729,28.54484
12239,77.24726,28.54482
12240,77.24722,28.54492
12241,77.24727,28.54494
12242,77.21201,28.54318
12243,77.2062,28.54365
12244,77.26943,28.64032
12245,77.14561,28.53155
12246,77.22804,28.54191
12247,77.17556,28.55598
12248,77.17553,28.556
12249,77.30135,28.58334
12250,77.30137,28.58361
12251,77.26753,28.58092
12252,77.26758,28.58091
12253,77.2694,28.5805
12254,77.26746,28.58085
12255,77.20854,28.56955
12256,77.24695,28.63077
12257,77.29538,28.64401
12258,77.28296,28.61355
12259,77.28311,28.61335
12260,77.28304,28.61345
12261,77.28962,28.61809
12262,77.29025,28.61831
12263,77.32229,28.61362
12264,77.26947,28.55762
12265,77.3203,28.61498
12266,77.32153,28.61416
12267,77.32147,28.61407
12268,77.3214,28.61412
12269,77.3142,28.50022
12270,77.27032,28.55651
12271,77.14751,28.57498
12272,77.16507,28.59581
12273,77.1647,28.59681
12274,77.21078,28.56929
12275,77.20703,28.56951
12276,77.1682,28.59255
12277,77.16746,28.59243
12278,77.30127,28.49883
12279,77.13077,28.56781
12280,77.2123,28.58227
12281,77.16715,28.59263
12282,77.31637,28.63103
12283,77.31642,28.63089
12284,77.30423,28.48768
12285,77.30273,28.49447
12286,77.30224,28.49629
12287,77.30245,28.49598
12288,77.28647,28.61646
12289,77.28621,28.61629
12290,77.17271,28.50944
12291,77.17268,28.50946
12292,77.23664,28.51331
12293,77.23588,28.51351
12294,77.3102,28.50015
12295,77.27596,28.50577
12296,77.27021,28.50792
12297,77.27181,28.50748
12298,77.27275,28.50708
12299,77.30242,28.49743
12300,77.30246,28.49736
12301,77.24683,28.64625
12302,77.24703,28.64539
12303,77.25561,28.6453
12304,77.25579,28.64512
12305,77.25529,28.64514
12306,77.24075,28.64112
12307,77.24077,28.64102
12308,77.24043,28.64251
12309,77.2402,28.6464
12310,77.31778,28.6275
12311,77.31781,28.62742
12312,77.32486,28.62984
12313,77.28592,28.63427
12314,77.31658,28.62701
12315,77.28601,28.62803
12316,77.28602,28.62911
12317,77.2861,28.63021
12318,77.28611,28.63054
12319,77.29099,28.63492
12320,77.29091,28.63498
12321,77.24123,28.62672
12322,77.24137,28.62664
12323,77.24095,28.63356
12324,77.24083,28.63355
12325,77.20297,28.61748
12326,77.20365,28.61744
12327,77.23441,28.60716
12328,77.25182,28.61044
12329,77.25232,28.60889
12330,77.25171,28.61082
12331,77.2518,28.61051
12332,77.2517,28.61045
12333,77.2516,28.61077
12334,77.26503,28.58219
12335,77.19646,28.60357
12336,77.19048,28.60932
12337,77.19102,28.60967
12338,77.19114,28.60965
12339,77.19054,28.60925
12340,77.1905,28.58106
12341,77.21266,28.5876
12342,77.21267,28.58772
12343,77.16634,28.59442
12344,77.16643,28.59453
12345,77.16646,28.59449
12346,77.16659,28.59461
12347,77.16662,28.59457
12348,77.15558,28.59407
12349,77.15564,28.59404
12350,77.15595,28.59392
12351,77.1587,28.60227
12352,77.15926,28.60185
12353,77.15919,28.60174
12354,77.15859,28.60219
12355,77.15613,28.60374
12356,77.15856,28.59292
12357,77.15942,28.59244
12358,77.22956,28.58596
12359,77.2668,28.57809
12360,77.26646,28.57778
12361,77.26666,28.57816
12362,77.26709,28.57854
12363,77.26542,28.57716
12364,77.20932,28.57344
12365,77.2598,28.57344
12366,77.1919,28.56928
12367,77.1919,28.56937
12368,77.19231,28.56936
12369,77.24191,28.56491
12370,77.26241,28.55886
12371,77.26163,28.55973
12372,77.26133,28.56007
12373,77.26142,28.56017
12374,77.26175,28.55979
12375,77.25984,28.56134
12376,77.26867,28.56805
12377,77.26847,28.56834
12378,77.26542,28.56302
12379,77.26548,28.56294
12380,77.20735,28.56207
12381,77.20744,28.56261
12382,77.20755,28.5626
12383,77.20746,28.56206
12384,77.2075,28.56302
12385,77.20762,28.56301
12386,77.2076,28.56548
12387,77.20767,28.56537
12388,77.2076,28.56538
12389,77.20763,28.56513
12390,77.20746,28.56539
12391,77.20746,28.56555
12392,77.20742,28.56542
12393,77.18015,28.6384
12394,77.33879,28.61029
12395,77.29685,28.61296
12396,77.28482,28.61523
12397,77.16763,28.5881
12398,77.16687,28.58768
12399,77.16651,28.5872
12400,77.1898,28.57803
12401,77.31699,28.645
12402,77.31703,28.64511
12403,77.26946,28.64406
12404,77.2687,28.64488
12405,77.26921,28.64405
12406,77.26878,28.64667
12407,77.26902,28.64408
12408,77.28164,28.6434
12409,77.28188,28.64341
12410,77.19669,28.64288
12411,77.19518,28.64083
12412,77.23123,28.63797
12413,77.23104,28.63655
12414,77.19867,28.63171
12415,77.19869,28.63174
12416,77.19897,28.63211
12417,77.22857,28.61717
12418,77.22825,28.61795
12419,77.22868,28.61722
12420,77.27935,28.61893
12421,77.27945,28.61899
12422,77.19116,28.61024
12423,77.19098,28.61053
12424,77.17387,28.57765
12425,77.17449,28.57793
12426,77.17455,28.57784
12427,77.17392,28.57755
12428,77.25015,28.56576
12429,77.25015,28.5657
12430,77.18896,28.56403
12431,77.18885,28.56345
12432,77.27154,28.558
12433,77.17559,28.55596
12434,77.17005,28.55839
12435,77.21914,28.55536
12436,77.21848,28.55546
12437,77.21768,28.5558
12438,77.21717,28.55617
12439,77.22454,28.55483
12440,77.22485,28.55476
12441,77.22484,28.55469
12442,77.21892,28.55546
12443,77.2219,28.55534
12444,77.22293,28.55517
12445,77.21884,28.55539
12446,77.2161,28.55673
12447,77.23194,28.54193
12448,77.23224,28.54166
12449,77.23174,28.54204
12450,77.23185,28.54181
12451,77.23183,28.54175
12452,77.23094,28.5434
12453,77.23092,28.54344
12454,77.24317,28.54703
12455,77.26,28.54889
12456,77.26005,28.54889
12457,77.17518,28.54904
12458,77.27698,28.5476
12459,77.27694,28.54765
12460,77.18504,28.54999
12461,77.18498,28.55002
12462,77.19056,28.54792
12463,77.19452,28.54645
12464,77.19382,28.54667
12465,77.19373,28.54681
12466,77.19458,28.54655
12467,77.24594,28.54429
12468,77.2459,28.54438
12469,77.24612,28.54446
12470,77.2004,28.54245
12471,77.20049,28.54505
12472,77.20134,28.54477
12473,77.20892,28.54542
12474,77.20933,28.54678
12475,77.26421,28.54357
12476,77.26302,28.54196
12477,77.10924,28.53437
12478,77.10962,28.53456
12479,77.23211,28.53972
12480,77.29948,28.54158
12481,77.29928,28.5415
12482,77.2992,28.54146
12483,77.15365,28.53115
12484,77.25784,28.52853
12485,77.25777,28.52856
12486,77.29166,28.52587
12487,77.25898,28.5121
12488,77.25914,28.51202
12489,77.20631,28.51801
12490,77.20624,28.51773
12491,77.21125,28.51857
12492,77.21055,28.51872
12493,77.20276,28.52053
12494,77.20273,28.52043
12495,77.22817,28.52
12496,77.24597,28.51206
12497,77.24598,28.51219
12498,77.30459,28.48747
12499,77.30461,28.48729
12500,77.30324,28.49323
12501,77.1851,28.49217
12502,77.17395,28.50518
12503,77.17388,28.50526
12504,77.20261,28.64298
12505,77.23222,28.59936
12506,77.30004,28.58526
12507,77.15122,28.5742
12508,77.15117,28.5742
12509,77.15074,28.57427
12510,77.17694,28.57729
12511,77.17726,28.57674
12512,77.17307,28.57019
12513,77.17344,28.56943
12514,77.14142,28.5746
12515,77.1424,28.57503
12516,77.18176,28.55973
12517,77.18213,28.55883
12518,77.18116,28.56097
12519,77.3036,28.54312
12520,77.13986,28.53954
12521,77.16584,28.55279
12522,77.30873,28.54436
12523,77.30853,28.5445
12524,77.26949,28.63967
12525,77.28534,28.64358
12526,77.26976,28.63531
12527,77.26987,28.63543
12528,77.14994,28.53125
12529,77.14991,28.53121
12530,77.15469,28.53864
12531,77.15474,28.53869
12532,77.17304,28.58364
12533,77.17074,28.58739
12534,77.26348,28.57539
12535,77.26331,28.57542
12536,77.17253,28.59016
12537,77.1727,28.59024
12538,77.17275,28.59018
12539,77.17257,28.59008
12540,77.18079,28.60199
12541,77.23417,28.56549
12542,77.14487,28.59659
12543,77.19381,28.56601
12544,77.1945,28.56593
12545,77.22446,28.60379
12546,77.23141,28.64036
12547,77.23147,28.6404
12548,77.24678,28.62821
12549,77.24683,28.62821
12550,77.17843,28.54445
12551,77.17906,28.54412
12552,77.17962,28.54382
12553,77.1798,28.54373
12554,77.18009,28.54357
12555,77.25421,28.53336
12556,77.25449,28.53348
12557,77.25385,28.53322
12558,77.20956,28.54254
12559,77.20917,28.54307
12560,77.1892,28.52774
12561,77.19004,28.52349
12562,77.19001,28.52335
12563,77.18967,28.52823
12564,77.18991,28.52301
12565,77.23156,28.53303
12566,77.23081,28.533
12567,77.26134,28.53785
12568,77.26143,28.53808
12569,77.26153,28.53833
12570,77.26162,28.53858
12571,77.26175,28.5389
12572,77.2645,28.5438
12573,77.25623,28.55909
12574,77.25637,28.55929
12575,77.25539,28.55797
12576,77.25563,28.5583
12577,77.25611,28.55894
12578,77.24338,28.5934
12579,77.20666,28.62757
12580,77.20551,28.63495
12581,77.20611,28.63602
12582,77.20547,28.63403
12583,77.20549,28.63466
12584,77.26306,28.51004
12585,77.30009,28.50761
12586,77.30023,28.50724
12587,77.29126,28.50156
12588,77.29199,28.50142
12589,77.29283,28.50133
12590,77.29353,28.5011
12591,77.29384,28.50078
12592,77.29964,28.50869
12593,77.23472,28.51787
12594,77.2345,28.51704
12595,77.2344,28.51663
12596,77.23434,28.51637
12597,77.23421,28.51586
12598,77.23405,28.51525
12599,77.23401,28.51508
12600,77.23389,28.5146
12601,77.23461,28.51745
12602,77.2341,28.51545
12603,77.20757,28.56634
12604,77.20764,28.56651
12605,77.208,28.56798
12606,77.20829,28.56889
12607,77.20777,28.56702
12608,77.2079,28.56759
12609,77.20727,28.56127
12610,77.20731,28.56151
12611,77.20795,28.56777
12612,77.20733,28.5618
12613,77.2086,28.64593
12614,77.20792,28.64605
12615,77.2075,28.64613
12616,77.206,28.64638
12617,77.20675,28.64626
12618,77.20886,28.6426
12619,77.20897,28.64307
12620,77.20865,28.64174
12621,77.20927,28.64439
12622,77.2094,28.64491
12623,77.20917,28.64393
12624,77.20839,28.64067
12625,77.2085,28.6411
12626,77.20822,28.64011
12627,77.20522,28.64105
12628,77.23944,28.60692
12629,77.23982,28.60714
12630,77.23622,28.6052
12631,77.23607,28.60512
12632,77.2076,28.59556
12633,77.21248,28.59155
12634,77.21225,28.59153
12635,77.21214,28.59153
12636,77.18342,28.58353
12637,77.18346,28.5836
12638,77.30747,28.60029
12639,77.30742,28.60036
12640,77.30797,28.60098
12641,77.30609,28.59879
12642,77.30332,28.59551
12643,77.30253,28.59451
12644,77.30116,28.59307
12645,77.2981,28.5894
12646,77.29842,28.58981
12647,77.29956,28.59897
12648,77.24682,28.64216
12649,77.24687,28.64537
12650,77.24663,28.64627
12651,77.19533,28.64657
12652,77.19673,28.64572
12653,77.19667,28.64577
12654,77.19649,28.64588
12655,77.19632,28.64599
12656,77.19611,28.64612
12657,77.22563,28.56795
12658,77.22839,28.56669
12659,77.22796,28.56688
12660,77.23378,28.56542
12661,77.23382,28.56552
12662,77.22627,28.56767
12663,77.2341,28.56626
12664,77.16761,28.60029
12665,77.16369,28.59841
12666,77.16271,28.59926
12667,77.18208,28.60074
12668,77.1829,28.60041
12669,77.18351,28.60018
12670,77.18929,28.60141
12671,77.18906,28.60122
12672,77.18981,28.60166
12673,77.19036,28.6021
12674,77.19704,28.60393
12675,77.19744,28.6041
12676,77.18227,28.60066
12677,77.18848,28.60042
12678,77.18851,28.60046
12679,77.19644,28.60367
12680,77.18686,28.60552
12681,77.18629,28.60506
12682,77.18106,28.60213
12683,77.18101,28.6021
12684,77.18345,28.60336
12685,77.18492,28.60416
12686,77.18358,28.60344
12687,77.18201,28.60078
12688,77.2861,28.62742
12689,77.28605,28.62673
12690,77.26199,28.5674
12691,77.26062,28.56924
12692,77.25912,28.57116
12693,77.25867,28.57181
12694,77.25854,28.57199
12695,77.25829,28.57235
12696,77.26297,28.56609
12697,77.26293,28.56614
12698,77.26028,28.5697
12699,77.26437,28.56419
12700,77.26414,28.5645
12701,77.26391,28.5648
12702,77.26333,28.5656
12703,77.24963,28.6282
12704,77.24709,28.62821
12705,77.24791,28.62822
12706,77.25013,28.62813
12707,77.28129,28.63308
12708,77.28191,28.6335
12709,77.28267,28.634
12710,77.28299,28.63421
12711,77.28314,28.63431
12712,77.28242,28.63384
12713,77.28326,28.63439
12714,77.22713,28.62967
12715,77.23707,28.62557
12716,77.23888,28.62548
12717,77.23557,28.62565
12718,77.23981,28.62538
12719,77.23581,28.62564
12720,77.22833,28.62795
12721,77.22901,28.62755
12722,77.22673,28.6288
12723,77.23148,28.62584
12724,77.23165,28.62606
12725,77.31404,28.63634
12726,77.3137,28.63632
12727,77.31343,28.6363
12728,77.31564,28.6327
12729,77.3126,28.63623
12730,77.3115,28.63616
12731,77.31548,28.63311
12732,77.31627,28.63096
12733,77.31128,28.63615
12734,77.31098,28.63613
12735,77.3092,28.63603
12736,77.30919,28.60861
12737,77.30931,28.60831
12738,77.30969,28.60731
12739,77.21321,28.57956
12740,77.21452,28.5794
12741,77.21929,28.57749
12742,77.21248,28.57962
12743,77.21974,28.57739
12744,77.21973,28.57731
12745,77.21189,28.57962
12746,77.212,28.57962
12747,77.21099,28.57809
12748,77.21157,28.57958
12749,77.20945,28.57347
12750,77.20944,28.57339
12751,77.21115,28.57847
12752,77.20946,28.57358
12753,77.2097,28.57492
12754,77.20953,28.5741
12755,77.20949,28.57382
12756,77.21033,28.57646
12757,77.17352,28.63345
12758,77.22411,28.58712
12759,77.2991,28.64439
12760,77.29888,28.64422
12761,77.318,28.62682
12762,77.31767,28.62746
12763,77.20934,28.57237
12764,77.20931,28.57218
12765,77.20927,28.57191
12766,77.20865,28.56944
12767,77.20943,28.57329
12768,77.26652,28.57823
12769,77.24449,28.56531
12770,77.24564,28.56541
12771,77.2402,28.56496
12772,77.2419,28.56502
12773,77.23781,28.56518
12774,77.19922,28.57037
12775,77.19394,28.56943
12776,77.19494,28.56949
12777,77.19915,28.56982
12778,77.19089,28.56956
12779,77.19189,28.56947
12780,77.22053,28.59697
12781,77.2861,28.6277
12782,77.2861,28.62766
12783,77.2861,28.62751
12784,77.28609,28.62806
12785,77.28621,28.63092
12786,77.28621,28.63082
12787,77.28623,28.63121
12788,77.28618,28.63217
12789,77.2862,28.63054
12790,77.28619,28.63021
12791,77.14354,28.5966
12792,77.14175,28.59661
12793,77.28369,28.61417
12794,77.28345,28.61392
12795,77.18322,28.58314
12796,77.18254,28.58186
12797,77.19925,28.56962
12798,77.19926,28.56932
12799,77.19927,28.56904
12800,77.19937,28.56736
12801,77.19932,28.56758
12802,77.2002,28.56529
12803,77.18945,28.56635
12804,77.1898,28.56633
12805,77.19044,28.56628
12806,77.1923,28.56611
12807,77.19282,28.56607
12808,77.19491,28.56584
12809,77.19676,28.56542
12810,77.198,28.5652
12811,77.19873,28.56517
12812,77.1958,28.56564
12813,77.19098,28.56623
12814,77.19137,28.5662
12815,77.19157,28.56618
12816,77.19517,28.56579
12817,77.18973,28.57943
12818,77.22997,28.60194
12819,77.22895,28.60978
12820,77.22881,28.6096
12821,77.29163,28.61412
12822,77.29367,28.61361
12823,77.29564,28.61318
12824,77.29087,28.61432
12825,77.29029,28.61457
12826,77.24075,28.625
12827,77.2405,28.62155
12828,77.24048,28.62093
12829,77.24047,28.62048
12830,77.24077,28.62495
12831,77.24093,28.6244
12832,77.24909,28.61848
12833,77.249,28.61876
12834,77.25085,28.61307
12835,77.25075,28.61336
12836,77.25024,28.61497
12837,77.25022,28.61505
12838,77.24795,28.62201
12839,77.24764,28.62299
12840,77.24754,28.62331
12841,77.23343,28.58961
12842,77.23335,28.59013
12843,77.23349,28.58886
12844,77.23015,28.58313
12845,77.23015,28.58302
12846,77.23012,28.58274
12847,77.23219,28.57953
12848,77.23185,28.57951
12849,77.23474,28.57964
12850,77.15214,28.59532
12851,77.15193,28.5954
12852,77.15997,28.59184
12853,77.1597,28.592
12854,77.15591,28.59385
12855,77.1556,28.59397
12856,77.15942,28.59221
12857,77.15917,28.59239
12858,77.15172,28.59548
12859,77.15127,28.59566
12860,77.28587,28.63585
12861,77.28598,28.63486
12862,77.28611,28.63298
12863,77.28612,28.63279
12864,77.28608,28.63345
12865,77.28602,28.63428
12866,77.30212,28.64023
12867,77.29902,28.64375
12868,77.29859,28.64425
12869,77.2004,28.62368
12870,77.19991,28.62365
12871,77.20209,28.62287
12872,77.20111,28.62343
12873,77.2028,28.62245
12874,77.20502,28.62119
12875,77.20381,28.62187
12876,77.20615,28.62019
12877,77.20591,28.62035
12878,77.20897,28.6186
12879,77.20911,28.61574
12880,77.20888,28.61564
12881,77.2087,28.61217
12882,77.21221,28.61028
12883,77.21688,28.60764
12884,77.21858,28.60645
12885,77.21817,28.60623
12886,77.21784,28.60625
12887,77.22373,28.60257
12888,77.22376,28.60298
12889,77.22382,28.60306
12890,77.21744,28.60654
12891,77.2236,28.60363
12892,77.22718,28.6011
12893,77.22707,28.60097
12894,77.22691,28.6008
12895,77.22441,28.60372
12896,77.22396,28.60322
12897,77.19691,28.64382
12898,77.19718,28.64487
12899,77.19476,28.64049
12900,77.19507,28.64091
12901,77.17812,28.63956
12902,77.17848,28.63936
12903,77.17868,28.63926
12904,77.1788,28.63919
12905,77.17894,28.63911
12906,77.17907,28.63904
12907,77.17923,28.63896
12908,77.17939,28.63887
12909,77.17954,28.63879
12910,77.1797,28.6387
12911,77.17986,28.63862
12912,77.18001,28.63854
12913,77.18015,28.63846
12914,77.18029,28.63839
12915,77.1804,28.63832
12916,77.18062,28.63821
12917,77.18078,28.63811
12918,77.18092,28.63804
12919,77.18107,28.63796
12920,77.18122,28.63788
12921,77.18164,28.63765
12922,77.18181,28.63755
12923,77.18244,28.63721
12924,77.18263,28.63711
12925,77.18277,28.63702
12926,77.18294,28.63693
12927,77.18308,28.63685
12928,77.18325,28.63676
12929,77.1834,28.63668
12930,77.18355,28.63659
12931,77.18369,28.63652
12932,77.18384,28.63643
12933,77.18403,28.63633
12934,77.18419,28.63624
12935,77.18432,28.63617
12936,77.18447,28.63609
12937,77.18461,28.63601
12938,77.18475,28.63594
12939,77.1851,28.63575
12940,77.18546,28.63555
12941,77.18556,28.63551
12942,77.18019,28.63844
12943,77.20077,28.56158
12944,77.20076,28.5622
12945,77.20085,28.56076
12946,77.20025,28.55835
12947,77.20078,28.5612
12948,77.19572,28.55889
12949,77.19696,28.55882
12950,77.1986,28.55848
12951,77.18827,28.56073
12952,77.18899,28.5605
12953,77.19131,28.55979
12954,77.19212,28.55953
12955,77.19359,28.5591
12956,77.20076,28.56238
12957,77.28791,28.6166
12958,77.29846,28.61295
12959,77.30156,28.61325
12960,77.30266,28.61296
12961,77.30314,28.6129
12962,77.30358,28.61287
12963,77.29687,28.61303
12964,77.18705,28.64386
12965,77.27594,28.62427
12966,77.27615,28.62399
12967,77.2751,28.62552
12968,77.27621,28.62391
12969,77.27651,28.62348
12970,77.25821,28.5728
12971,77.25641,28.57503
12972,77.25839,28.5726
12973,77.25879,28.57288
12974,77.26097,28.57429
12975,77.26115,28.5744
12976,77.26164,28.57471
12977,77.26295,28.57556
12978,77.26082,28.57419
12979,77.25974,28.5735
12980,77.1275,28.567
12981,77.26348,28.55782
12982,77.26385,28.5574
12983,77.26332,28.55801
12984,77.26252,28.55895
12985,77.26181,28.55973
12986,77.27579,28.56022
12987,77.27642,28.56051
12988,77.31698,28.6113
12989,77.31622,28.61044
12990,77.3136,28.60748
12991,77.31219,28.60585
12992,77.24604,28.62818
12993,77.24407,28.62806
12994,77.2442,28.62807
12995,77.2427,28.62796
12996,77.2424,28.62794
12997,77.24189,28.62792
12998,77.24488,28.62811
12999,77.24559,28.62816
13000,77.24592,28.62818
13001,77.24683,28.62891
13002,77.24675,28.63894
13003,77.24673,28.63514
13004,77.24673,28.63616
13005,77.24643,28.56548
13006,77.15995,28.5751
13007,77.15979,28.57522
13008,77.16191,28.57248
13009,77.20507,28.62779
13010,77.20536,28.63243
13011,77.20537,28.63264
13012,77.20533,28.63198
13013,77.20531,28.63154
13014,77.2052,28.62978
13015,77.20523,28.6303
13016,77.19718,28.62957
13017,77.197,28.62933
13018,77.27817,28.56103
13019,77.27859,28.56104
13020,77.27289,28.56103
13021,77.27682,28.56103
13022,77.31498,28.63935
13023,77.31566,28.64129
13024,77.28231,28.62443
13025,77.28266,28.62409
13026,77.30678,28.63598
13027,77.30637,28.63609
13028,77.31056,28.63265
13029,77.31038,28.63305
13030,77.30982,28.63432
13031,77.30966,28.63465
13032,77.30911,28.63591
13033,77.30919,28.63569
13034,77.30998,28.63396
13035,77.28585,28.62502
13036,77.28493,28.62133
13037,77.28505,28.62114
13038,77.28542,28.62302
13039,77.28569,28.62421
13040,77.28565,28.62402
13041,77.28579,28.62467
13042,77.28537,28.62286
13043,77.28526,28.62239
13044,77.28511,28.62174
13045,77.28507,28.62154
13046,77.28696,28.61873
13047,77.28707,28.61794
13048,77.28645,28.61885
13049,77.28615,28.61934
13050,77.30215,28.64019
13051,77.30579,28.63635
13052,77.30505,28.63687
13053,77.25652,28.57127
13054,77.25658,28.57131
13055,77.25512,28.5705
13056,77.2559,28.57092
13057,77.25394,28.56899
13058,77.25401,28.56918
13059,77.25235,28.56653
13060,77.25263,28.5668
13061,77.25405,28.56925
13062,77.227,28.64245
13063,77.22734,28.64235
13064,77.23077,28.64061
13065,77.2303,28.64083
13066,77.23018,28.64088
13067,77.22849,28.64174
13068,77.2309,28.64056
13069,77.22374,28.63049
13070,77.22415,28.63026
13071,77.20128,28.57987
13072,77.23003,28.55326
13073,77.25154,28.55595
13074,77.25088,28.53152
13075,77.25072,28.53124
13076,77.25055,28.5309
13077,77.25011,28.5296
13078,77.21291,28.55425
13079,77.21285,28.5542
13080,77.21401,28.55508
13081,77.21356,28.55475
13082,77.21452,28.55545
13083,77.21617,28.55665
13084,77.17959,28.547
13085,77.17926,28.54607
13086,77.17923,28.54599
13087,77.17836,28.54459
13088,77.17831,28.54451
13089,77.17945,28.54657
13090,77.25289,28.5394
13091,77.25339,28.53918
13092,77.25733,28.53699
13093,77.25207,28.53976
13094,77.25224,28.53968
13095,77.25243,28.5396
13096,77.25262,28.53952
13097,77.25361,28.53909
13098,77.25375,28.53903
13099,77.25442,28.53873
13100,77.25602,28.53801
13101,77.25627,28.53788
13102,77.25685,28.5375
13103,77.25715,28.53718
13104,77.18525,28.50818
13105,77.18523,28.50787
13106,77.18521,28.50765
13107,77.18521,28.50747
13108,77.18521,28.50733
13109,77.18469,28.51001
13110,77.18527,28.50836
13111,77.18523,28.50643
13112,77.1853,28.506
13113,77.18534,28.50575
13114,77.18521,28.50707
13115,77.18521,28.50695
13116,77.18359,28.51103
13117,77.1852,28.50674
13118,77.18521,28.50664
13119,77.18521,28.50713
13120,77.20632,28.52789
13121,77.2065,28.5279
13122,77.20805,28.52802
13123,77.20863,28.52809
13124,77.26664,28.53862
13125,77.26611,28.53986
13126,77.23531,28.54059
13127,77.23497,28.54064
13128,77.23628,28.54065
13129,77.2349,28.54066
13130,77.23691,28.54083
13131,77.25516,28.52178
13132,77.24924,28.52799
13133,77.20803,28.53085
13134,77.21487,28.52935
13135,77.21501,28.52939
13136,77.21524,28.52945
13137,77.21388,28.52908
13138,77.20939,28.52817
13139,77.21009,28.52821
13140,77.21285,28.52874
13141,77.21296,28.52879
13142,77.21271,28.52868
13143,77.21202,28.52845
13144,77.21101,28.52828
13145,77.21148,28.52834
13146,77.20116,28.54426
13147,77.20073,28.54336
13148,77.20041,28.54272
13149,77.20029,28.5425
13150,77.26837,28.52764
13151,77.26961,28.5283
13152,77.27043,28.52872
13153,77.2692,28.53236
13154,77.26898,28.53289
13155,77.26888,28.53312
13156,77.27077,28.52888
13157,77.27093,28.52894
13158,77.27008,28.53084
13159,77.26944,28.53184
13160,77.25941,28.53283
13161,77.2593,28.53252
13162,77.25322,28.53298
13163,77.25625,28.52459
13164,77.25646,28.52516
13165,77.25242,28.53267
13166,77.25919,28.53219
13167,77.25901,28.53172
13168,77.25892,28.53152
13169,77.25739,28.52758
13170,77.25749,28.52783
13171,77.25732,28.5274
13172,77.25714,28.52692
13173,77.25708,28.52675
13174,77.25699,28.52652
13175,77.25895,28.53158
13176,77.25696,28.52642
13177,77.2569,28.52627
13178,77.25682,28.52606
13179,77.18119,28.54294
13180,77.18208,28.54238
13181,77.18085,28.54314
13182,77.18334,28.54161
13183,77.18362,28.54144
13184,77.18334,28.51151
13185,77.18536,28.51309
13186,77.18542,28.51316
13187,77.18372,28.5116
13188,77.17967,28.50951
13189,77.18272,28.51139
13190,77.17961,28.50948
13191,77.18548,28.51323
13192,77.18624,28.51405
13193,77.12306,28.54603
13194,77.1198,28.5443
13195,77.11955,28.54414
13196,77.19712,28.53126
13197,77.19856,28.53075
13198,77.19943,28.53032
13199,77.19521,28.53168
13200,77.19601,28.53147
13201,77.21536,28.54301
13202,77.21856,28.54276
13203,77.21245,28.54323
13204,77.21309,28.54318
13205,77.21201,28.54327
13206,77.2087,28.54356
13207,77.2903,28.50046
13208,77.28998,28.49986
13209,77.28908,28.49821
13210,77.28876,28.49762
13211,77.28865,28.49741
13212,77.28942,28.49883
13213,77.19855,28.53853
13214,77.1987,28.53879
13215,77.19749,28.5364
13216,77.19803,28.53744
13217,77.20885,28.54335
13218,77.21113,28.55161
13219,77.21105,28.55136
13220,77.27321,28.52638
13221,77.27285,28.5269
13222,77.27499,28.52385
13223,77.27495,28.5239
13224,77.27839,28.51902
13225,77.27836,28.51907
13226,77.28098,28.51506
13227,77.28095,28.51513
13228,77.27422,28.52495
13229,77.27524,28.5235
13230,77.2758,28.5227
13231,77.2763,28.52198
13232,77.27634,28.52192
13233,77.27728,28.5206
13234,77.27248,28.52743
13235,77.27234,28.52763
13236,77.27335,28.52618
13237,77.27341,28.5261
13238,77.27374,28.52563
13239,77.2797,28.51718
13240,77.28024,28.51639
13241,77.27138,28.52898
13242,77.27172,28.5285
13243,77.27167,28.52856
13244,77.2715,28.52881
13245,77.25448,28.51994
13246,77.25366,28.51772
13247,77.25315,28.51634
13248,77.2528,28.51539
13249,77.15972,28.51847
13250,77.16188,28.51641
13251,77.16092,28.51714
13252,77.16053,28.51745
13253,77.16437,28.51437
13254,77.16403,28.51468
13255,77.1631,28.51549
13256,77.16705,28.51117
13257,77.16629,28.5121
13258,77.16584,28.51267
13259,77.16776,28.51078
13260,77.16736,28.51098
13261,77.16942,28.51046
13262,77.16911,28.5105
13263,77.15986,28.51823
13264,77.16232,28.51609
13265,77.16228,28.51613
13266,77.1596,28.51868
13267,77.15955,28.51876
13268,77.15963,28.51863
13269,77.17316,28.50917
13270,77.17308,28.50921
13271,77.17365,28.50893
13272,77.17641,28.50775
13273,77.15711,28.49737
13274,77.15778,28.49769
13275,77.15886,28.49817
13276,77.1594,28.49839
13277,77.16217,28.49953
13278,77.16185,28.4994
13279,77.16263,28.49972
13280,77.16337,28.50004
13281,77.15989,28.49859
13282,77.16551,28.50106
13283,77.16526,28.50094
13284,77.16437,28.50051
13285,77.17067,28.50328
13286,77.17027,28.50312
13287,77.16754,28.50195
13288,77.16724,28.50185
13289,77.16769,28.50201
13290,77.16877,28.50244
13291,77.16806,28.50214
13292,77.16973,28.5029
13293,77.17099,28.50339
13294,77.17274,28.50417
13295,77.1858,28.50288
13296,77.18579,28.50232
13297,77.18566,28.50455
13298,77.18572,28.50439
13299,77.18579,28.50396
13300,77.18557,28.50064
13301,77.18548,28.50028
13302,77.18563,28.50095
13303,77.18576,28.50169
13304,77.11706,28.53981
13305,77.11872,28.54343
13306,77.11687,28.53944
13307,77.11657,28.53885
13308,77.10231,28.52781
13309,77.10313,28.52902
13310,77.10634,28.53288
13311,77.10666,28.53305
13312,77.1091,28.5343
13313,77.09414,28.51565
13314,77.09799,28.52165
13315,77.22728,28.51832
13316,77.22752,28.51886
13317,77.22807,28.52007
13318,77.22667,28.5156
13319,77.22675,28.51608
13320,77.22682,28.51662
13321,77.21551,28.51844
13322,77.21583,28.51962
13323,77.21593,28.51994
13324,77.21631,28.52135
13325,77.21609,28.52057
13326,77.21541,28.51808
13327,77.23511,28.52226
13328,77.23507,28.52116
13329,77.23506,28.52073
13330,77.23502,28.52001
13331,77.2351,28.52207
13332,77.23509,28.52184
13333,77.23501,28.51978
13334,77.235,28.51957
13335,77.23511,28.52221
13336,77.23498,28.51933
13337,77.23495,28.51902
13338,77.23493,28.51884
13339,77.23491,28.51868
13340,77.22867,28.52137
13341,77.22878,28.52161
13342,77.22957,28.52342
13343,77.22983,28.52397
13344,77.22986,28.52402
13345,77.22846,28.5209
13346,77.22827,28.52049
13347,77.22814,28.52019
13348,77.17821,28.54438
13349,77.17755,28.54341
13350,77.17707,28.5427
13351,77.17576,28.54054
13352,77.1753,28.53983
13353,77.19494,28.53204
13354,77.19478,28.53183
13355,77.19459,28.53163
13356,77.19713,28.53576
13357,77.19736,28.53619
13358,77.18909,28.52763
13359,77.18952,28.52721
13360,77.19,28.52512
13361,77.19001,28.52611
13362,77.19001,28.52495
13363,77.19005,28.52393
13364,77.19004,28.52405
13365,77.1899,28.52683
13366,77.19268,28.53029
13367,77.16869,28.52373
13368,77.18939,28.51975
13369,77.1893,28.51864
13370,77.18881,28.51735
13371,77.18921,28.51805
13372,77.26025,28.52569
13373,77.2606,28.5256
13374,77.2607,28.52558
13375,77.26124,28.52549
13376,77.26,28.52575
13377,77.25978,28.5258
13378,77.25966,28.52583
13379,77.25828,28.52618
13380,77.25839,28.52616
13381,77.25847,28.52613
13382,77.25813,28.52622
13383,77.25761,28.52637
13384,77.25723,28.52646
13385,77.25878,28.52605
13386,77.25884,28.52604
13387,77.2299,28.52413
13388,77.22999,28.52433
13389,77.23177,28.52875
13390,77.23189,28.53103
13391,77.26497,28.52594
13392,77.26619,28.52654
13393,77.26365,28.52526
13394,77.26675,28.52683
13395,77.26738,28.52714
13396,77.26642,28.52666
13397,77.26822,28.52756
13398,77.21504,28.52879
13399,77.28983,28.52733
13400,77.28964,28.52749
13401,77.28949,28.52761
13402,77.29009,28.52712
13403,77.29155,28.52582
13404,77.15793,28.52933
13405,77.15724,28.52847
13406,77.15611,28.52803
13407,77.1556,28.52481
13408,77.1526,28.52689
13409,77.15283,28.52674
13410,77.15287,28.52671
13411,77.15153,28.52746
13412,77.15205,28.52718
13413,77.15229,28.52705
13414,77.15515,28.52497
13415,77.15492,28.52516
13416,77.15439,28.52556
13417,77.15476,28.52528
13418,77.15403,28.52583
13419,77.15423,28.52568
13420,77.1506,28.52798
13421,77.2252,28.53174
13422,77.22652,28.53204
13423,77.22469,28.53162
13424,77.22491,28.53167
13425,77.22409,28.53149
13426,77.2243,28.53153
13427,77.22841,28.53247
13428,77.15149,28.53361
13429,77.15174,28.53394
13430,77.15036,28.53213
13431,77.15058,28.53242
13432,77.15092,28.53287
13433,77.14975,28.53129
13434,77.14978,28.53133
13435,77.14849,28.52954
13436,77.13986,28.53693
13437,77.14065,28.53612
13438,77.14103,28.5357
13439,77.14125,28.53545
13440,77.26091,28.53673
13441,77.261,28.53696
13442,77.26022,28.53493
13443,77.26043,28.53548
13444,77.26053,28.53574
13445,77.26074,28.53629
13446,77.28521,28.53552
13447,77.28515,28.53561
13448,77.28237,28.5399
13449,77.28215,28.54016
13450,77.28243,28.53981
13451,77.28347,28.53831
13452,77.28322,28.53865
13453,77.28465,28.53646
13454,77.28415,28.53727
13455,77.28154,28.54093
13456,77.28141,28.54112
13457,77.2802,28.54265
13458,77.27944,28.5436
13459,77.27547,28.53117
13460,77.27458,28.53071
13461,77.2736,28.53021
13462,77.27297,28.52989
13463,77.28504,28.53545
13464,77.28487,28.53538
13465,77.22394,28.54236
13466,77.22439,28.54233
13467,77.22554,28.54223
13468,77.22655,28.54216
13469,77.22679,28.54215
13470,77.22721,28.5421
13471,77.22727,28.5421
13472,77.22812,28.54199
13473,77.26111,28.53724
13474,77.26121,28.53751
13475,77.26195,28.53943
13476,77.26201,28.53957
13477,77.26187,28.53921
13478,77.26179,28.539
13479,77.26213,28.53991
13480,77.26239,28.54059
13481,77.26292,28.54198
13482,77.26417,28.54369
13483,77.26414,28.54466
13484,77.26408,28.5448
13485,77.26428,28.54432
13486,77.26257,28.54848
13487,77.17356,28.54966
13488,77.17295,28.54992
13489,77.17258,28.55008
13490,77.17494,28.54907
13491,77.17918,28.54712
13492,77.1716,28.55048
13493,77.17141,28.55055
13494,77.1725,28.55011
13495,77.17515,28.54898
13496,77.13023,28.5514
13497,77.12986,28.55109
13498,77.24932,28.54784
13499,77.24904,28.54845
13500,77.24949,28.54748
13501,77.24957,28.54732
13502,77.24967,28.54713
13503,77.24999,28.54646
13504,77.24984,28.54678
13505,77.25015,28.54614
13506,77.23753,28.60188
13507,77.23735,28.60215
13508,77.23833,28.60076
13509,77.23781,28.60145
13510,77.23867,28.60028
13511,77.23846,28.60059
13512,77.24289,28.59412
13513,77.24266,28.59443
13514,77.23211,28.60222
13515,77.23222,28.60036
13516,77.23223,28.60146
13517,77.2322,28.59735
13518,77.2322,28.59502
13519,77.23332,28.59358
13520,77.23383,28.59299
13521,77.23401,28.59277
13522,77.2322,28.60197
13523,77.23418,28.59254
13524,77.14982,28.60491
13525,77.1562,28.60386
13526,77.33438,28.6047
13527,77.33399,28.60515
13528,77.32844,28.60242
13529,77.27643,28.62989
13530,77.27332,28.62853
13531,77.27397,28.62841
13532,77.27405,28.62844
13533,77.27432,28.62853
13534,77.27441,28.62858
13535,77.20838,28.63033
13536,77.20836,28.62993
13537,77.20839,28.63101
13538,77.20838,28.63062
13539,77.20843,28.63148
13540,77.2085,28.63244
13541,77.20846,28.63194
13542,77.27979,28.63208
13543,77.28015,28.63232
13544,77.27839,28.63116
13545,77.27858,28.63129
13546,77.27823,28.63106
13547,77.27711,28.63032
13548,77.27693,28.63021
13549,77.21265,28.64519
13550,77.21337,28.64496
13551,77.21431,28.64464
13552,77.21454,28.64458
13553,77.21475,28.64453
13554,77.2156,28.64425
13555,77.21494,28.64447
13556,77.21628,28.64411
13557,77.21611,28.64414
13558,77.21574,28.64422
13559,77.22603,28.6446
13560,77.22621,28.64451
13561,77.19952,28.64452
13562,77.1997,28.64444
13563,77.22291,28.64722
13564,77.22355,28.6456
13565,77.20985,28.64663
13566,77.2099,28.64684
13567,77.20977,28.6464
13568,77.20555,28.64682
13569,77.24862,28.5493
13570,77.24858,28.54938
13571,77.24875,28.54904
13572,77.24887,28.5488
13573,77.24852,28.5495
13574,77.13287,28.55638
13575,77.13286,28.55635
13576,77.20415,28.55088
13577,77.20413,28.55082
13578,77.20427,28.55117
13579,77.20321,28.54794
13580,77.20464,28.54382
13581,77.20491,28.54381
13582,77.20614,28.54374
13583,77.20457,28.54383
13584,77.20619,28.54374
13585,77.20701,28.54368
13586,77.20549,28.55373
13587,77.20533,28.55344
13588,77.24902,28.56108
13589,77.24949,28.56137
13590,77.24986,28.56175
13591,77.23972,28.55788
13592,77.24003,28.55752
13593,77.24056,28.55691
13594,77.24094,28.55648
13595,77.24105,28.55635
13596,77.24797,28.55415
13597,77.24794,28.55435
13598,77.24752,28.55294
13599,77.24198,28.55536
13600,77.24262,28.55487
13601,77.24269,28.55483
13602,77.24427,28.55366
13603,77.24446,28.55353
13604,77.2452,28.55304
13605,77.24112,28.55627
13606,77.24379,28.55402
13607,77.24562,28.55281
13608,77.24607,28.55258
13609,77.24651,28.55237
13610,77.2457,28.55277
13611,77.21915,28.55882
13612,77.2185,28.55835
13613,77.21808,28.55804
13614,77.2196,28.55915
13615,77.22105,28.56021
13616,77.22083,28.56005
13617,77.22,28.55945
13618,77.16642,28.55475
13619,77.16722,28.55588
13620,77.16877,28.55737
13621,77.17642,28.55556
13622,77.17685,28.55528
13623,77.17518,28.55636
13624,77.17524,28.55632
13625,77.17554,28.55613
13626,77.17559,28.5561
13627,77.17893,28.55391
13628,77.17927,28.5537
13629,77.18816,28.56126
13630,77.18835,28.56179
13631,77.1846,28.55161
13632,77.18624,28.55593
13633,77.18645,28.55651
13634,77.1878,28.56028
13635,77.17972,28.5534
13636,77.17979,28.55336
13637,77.2567,28.56162
13638,77.23647,28.55914
13639,77.23665,28.5591
13640,77.23674,28.55907
13641,77.12354,28.56378
13642,77.27954,28.56104
13643,77.28031,28.56104
13644,77.28284,28.56106
13645,77.28544,28.56207
13646,77.28574,28.56229
13647,77.28499,28.56187
13648,77.28476,28.56178
13649,77.28439,28.56162
13650,77.2676,28.5609
13651,77.27032,28.56095
13652,77.27064,28.56097
13653,77.26968,28.56092
13654,77.26972,28.56092
13655,77.12179,28.56887
13656,77.12144,28.57051
13657,77.18897,28.5651
13658,77.18906,28.56569
13659,77.18882,28.56406
13660,77.1889,28.56464
13661,77.18871,28.56347
13662,77.13425,28.56702
13663,77.13428,28.56773
13664,77.13427,28.56757
13665,77.17243,28.57178
13666,77.17549,28.56726
13667,77.17492,28.56783
13668,77.17428,28.56844
13669,77.17262,28.57106
13670,77.17556,28.56718
13671,77.17337,28.56937
13672,77.17297,28.57016
13673,77.17835,28.56441
13674,77.17763,28.56512
13675,77.17648,28.56626
13676,77.1758,28.56694
13677,77.16433,28.56892
13678,77.16484,28.56821
13679,77.16577,28.56694
13680,77.16371,28.56979
13681,77.16397,28.56942
13682,77.16692,28.5652
13683,77.16717,28.56473
13684,77.16726,28.56456
13685,77.16727,28.56453
13686,77.18947,28.56879
13687,77.18937,28.56788
13688,77.18944,28.56855
13689,77.2673,28.56999
13690,77.26707,28.57029
13691,77.2663,28.57154
13692,77.26601,28.57209
13693,77.26656,28.57107
13694,77.26643,28.57131
13695,77.21601,28.52567
13696,77.2164,28.52168
13697,77.21642,28.52427
13698,77.21658,28.52317
13699,77.17663,28.57763
13700,77.17686,28.57723
13701,77.18876,28.56979
13702,77.18903,28.56976
13703,77.18435,28.57016
13704,77.1848,28.57011
13705,77.18515,28.57007
13706,77.18606,28.56997
13707,77.18645,28.56993
13708,77.17766,28.57586
13709,77.17801,28.57527
13710,77.17835,28.57468
13711,77.17752,28.57611
13712,77.13621,28.57165
13713,77.13718,28.57224
13714,77.13641,28.57177
13715,77.14467,28.57856
13716,77.22129,28.5778
13717,77.22073,28.57729
13718,77.25479,28.57719
13719,77.15602,28.58996
13720,77.15536,28.58971
13721,77.15497,28.58955
13722,77.15399,28.58914
13723,77.15377,28.58904
13724,77.15363,28.58898
13725,77.15445,28.58932
13726,77.15142,28.58803
13727,77.16034,28.59161
13728,77.15989,28.59142
13729,77.1597,28.57529
13730,77.15929,28.57553
13731,77.16195,28.57698
13732,77.1621,28.57719
13733,77.16223,28.57739
13734,77.16237,28.57782
13735,77.16243,28.57817
13736,77.16244,28.57847
13737,77.16247,28.57881
13738,77.16255,28.57939
13739,77.16261,28.57963
13740,77.1634,28.5811
13741,77.16368,28.58161
13742,77.16378,28.58217
13743,77.13552,28.58398
13744,77.13276,28.58362
13745,77.13312,28.58367
13746,77.26644,28.62824
13747,77.27086,28.62826
13748,77.26898,28.64348
13749,77.26888,28.6441
13750,77.26939,28.6393
13751,77.26935,28.63976
13752,77.26932,28.64018
13753,77.26928,28.62825
13754,77.27323,28.62864
13755,77.27305,28.62825
13756,77.27332,28.62827
13757,77.27064,28.63235
13758,77.26929,28.64038
13759,77.26886,28.64429
13760,77.26879,28.64488
13761,77.28296,28.61334
13762,77.25552,28.59824
13763,77.25405,28.60312
13764,77.25354,28.60471
13765,77.25542,28.59854
13766,77.25471,28.60082
13767,77.25466,28.60098
13768,77.2586,28.58912
13769,77.29977,28.5852
13770,77.29964,28.58527
13771,77.29931,28.58548
13772,77.29891,28.58575
13773,77.2983,28.58631
13774,77.29725,28.58805
13775,77.26869,28.646
13776,77.28653,28.48961
13777,77.28675,28.49048
13778,77.28677,28.4913
13779,77.28744,28.49511
13780,77.22357,28.64508
13781,77.22231,28.57923
13782,77.22239,28.57929
13783,77.26444,28.58277
13784,77.26317,28.58361
13785,77.26902,28.64401
13786,77.20755,28.56366
13787,77.20766,28.56368
13788,77.2402,28.58328
13789,77.24069,28.58385
13790,77.24042,28.58341
13791,77.20665,28.55957
13792,77.17266,28.50938
13793,77.16638,28.59436
13794,77.19276,28.5302
13795,77.22968,28.58602
13796,77.22972,28.58584
13797,77.25751,28.57214
13798,77.25761,28.57222
13799,77.22906,28.54739
13800,77.229,28.54752
13801,77.22911,28.5476
13802,77.22916,28.54748
13803,77.21499,28.64455
13804,77.19601,28.5696
13805,77.19606,28.5696
13806,77.19635,28.56962
13807,77.19637,28.56948
13808,77.1961,28.56945
13809,77.32206,28.6138
13810,77.23564,28.56517
13811,77.20664,28.55776
13812,77.20663,28.55772
13813,77.20557,28.55391
13814,77.20655,28.55643
13815,77.20547,28.55396
13816,77.21888,28.55546
13817,77.13455,28.57045
13818,77.13676,28.57217
13819,77.2323,28.59957
13820,77.2323,28.59735
13821,77.20591,28.52742
13822,77.20597,28.5278
13823,77.20598,28.52789
13824,77.20611,28.52788
13825,77.2063,28.5278
13826,77.20611,28.52779
13827,77.20607,28.52758
13828,77.20603,28.52741
13829,77.20594,28.5276
13830,77.17254,28.58475
13831,77.21494,28.52915
13832,77.21483,28.52914
13833,77.28813,28.52927
13834,77.28731,28.53124
13835,77.28827,28.52933
13836,77.28687,28.53223
13837,77.287,28.53225
13838,77.20696,28.55779
13839,77.20693,28.55773
13840,77.24077,28.58455
13841,77.2407,28.58529
13842,77.24072,28.58516
13843,77.22063,28.53058
13844,77.21945,28.53041
13845,77.22061,28.53069
13846,77.15921,28.54477
13847,77.20804,28.52793
13848,77.25327,28.58462
13849,77.17559,28.56077
13850,77.17562,28.56066
13851,77.24097,28.58561
13852,77.16269,28.5796
13853,77.16263,28.57936
13854,77.16255,28.57843
13855,77.16253,28.57814
13856,77.16245,28.57778
13857,77.16256,28.57878
13858,77.16236,28.57747
13859,77.16202,28.57693
13860,77.16217,28.57714
13861,77.18095,28.60174
13862,77.1812,28.60139
13863,77.18178,28.6009
13864,77.19031,28.60216
13865,77.19099,28.60305
13866,77.18976,28.60171
13867,77.18926,28.60146
13868,77.18893,28.60116
13869,77.16316,28.59874
13870,77.16267,28.59913
13871,77.15969,28.60136
13872,77.16259,28.59919
13873,77.23456,28.56787
13874,77.2346,28.56795
13875,77.23488,28.56846
13876,77.19957,28.56685
13877,77.14977,28.60476
13878,77.29566,28.61325
13879,77.29034,28.61462
13880,77.2909,28.61438
13881,77.29162,28.6142
13882,77.29373,28.61366
13883,77.18695,28.51485
13884,77.18826,28.5164
13885,77.15548,28.5248
13886,77.25675,28.56057
13887,77.25154,28.55602
13888,77.25243,28.55616
13889,77.25219,28.55608
13890,77.24979,28.56179
13891,77.25001,28.56201
13892,77.24881,28.56106
13893,77.24943,28.56142
13894,77.17308,28.57198
13895,77.17276,28.57188
13896,77.26537,28.57326
13897,77.26491,28.57381
13898,77.26453,28.57424
13899,77.18307,28.57051
13900,77.18098,28.5717
13901,77.1814,28.57142
13902,77.17917,28.57343
13903,77.15256,28.57429
13904,77.15358,28.57455
13905,77.15412,28.57478
13906,77.15634,28.57566
13907,77.15123,28.57436
13908,77.15129,28.57435
13909,77.17163,28.63165
13910,77.17556,28.6305
13911,77.1755,28.63088
13912,77.18079,28.6021
13913,77.18095,28.60217
13914,77.18623,28.60513
13915,77.18679,28.60559
13916,77.18352,28.6035
13917,77.18363,28.60356
13918,77.18487,28.60424
13919,77.16847,28.60184
13920,77.23205,28.5657
13921,77.22893,28.56645
13922,77.2385,28.57516
13923,77.2385,28.57562
13924,77.23847,28.57868
13925,77.23003,28.58326
13926,77.20083,28.56022
13927,77.20074,28.55979
13928,77.20062,28.5595
13929,77.16654,28.55471
13930,77.1665,28.55437
13931,77.16885,28.55731
13932,77.16731,28.55582
13933,77.21276,28.55411
13934,77.21124,28.5519
13935,77.21172,28.5529
13936,77.21165,28.5528
13937,77.21104,28.53804
13938,77.21138,28.53837
13939,77.21169,28.53868
13940,77.23531,28.54069
13941,77.23662,28.54082
13942,77.23687,28.54092
13943,77.2349,28.54076
13944,77.23495,28.54075
13945,77.18639,28.5402
13946,77.1865,28.54018
13947,77.18534,28.54045
13948,77.18562,28.54036
13949,77.18753,28.53994
13950,77.28121,28.51189
13951,77.28057,28.51
13952,77.15426,28.52557
13953,77.15418,28.52563
13954,77.15487,28.52512
13955,77.15472,28.52523
13956,77.15511,28.52492
13957,77.15149,28.5274
13958,77.1506,28.52788
13959,77.15226,28.52699
13960,77.152,28.52713
13961,77.15399,28.52578
13962,77.15252,28.52686
13963,77.1528,28.52668
13964,77.15284,28.52665
13965,77.14871,28.52894
13966,77.14892,28.52881
13967,77.14971,28.52836
13968,77.15026,28.52805
13969,77.17079,28.51016
13970,77.17045,28.51028
13971,77.17005,28.51037
13972,77.16952,28.51045
13973,77.10177,28.52658
13974,77.10211,28.52711
13975,77.1094,28.53427
13976,77.1091,28.53412
13977,77.29472,28.49981
13978,77.2951,28.4994
13979,77.29565,28.49904
13980,77.14118,28.5354
13981,77.14098,28.53563
13982,77.1406,28.53605
13983,77.1398,28.53686
13984,77.26898,28.53315
13985,77.26906,28.53295
13986,77.27109,28.52956
13987,77.27112,28.52952
13988,77.27015,28.53091
13989,77.22414,28.56467
13990,77.22395,28.5643
13991,77.22261,28.5619
13992,77.22292,28.56219
13993,77.22392,28.56406
13994,77.22313,28.5624
13995,77.22383,28.56363
13996,77.20834,28.62962
13997,77.20829,28.62877
13998,77.20859,28.62817
13999,77.20623,28.63598
14000,77.20565,28.63403
14001,77.20602,28.63571
14002,77.2056,28.63469
14003,77.27057,28.64358
14004,77.20539,28.64684
14005,77.28668,28.49018
14006,77.16569,28.52101
14007,77.1671,28.52161
14008,77.16794,28.52215
14009,77.16806,28.52236
14010,77.19509,28.53193
14011,77.22564,28.56773
14012,77.16355,28.56985
14013,77.16354,28.57
14014,77.16348,28.56996
14015,77.15709,28.57579
14016,77.15699,28.57577
14017,77.1571,28.57585
14018,77.15739,28.57588
14019,77.12351,28.54728
14020,77.12371,28.54721
14021,77.21112,28.53799
14022,77.12263,28.54577
14023,77.12254,28.5455
14024,77.12242,28.54545
14025,77.2094,28.52808
14026,77.20863,28.52799
14027,77.24652,28.54461
14028,77.24658,28.54453
14029,77.25304,28.55645
14030,77.2537,28.5567
14031,77.25326,28.55648
14032,77.25307,28.5564
14033,77.25283,28.55628
14034,77.25247,28.55611
14035,77.25222,28.55602
14036,77.24798,28.5121
14037,77.27776,28.53233
14038,77.23149,28.55307
14039,77.2778,28.53223
14040,77.21926,28.53027
14041,77.21887,28.53018
14042,77.2188,28.53026
14043,77.23097,28.52631
14044,77.23043,28.52504
14045,77.23031,28.52508
14046,77.23085,28.52634
14047,77.20978,28.5368
14048,77.26064,28.53603
14049,77.26445,28.55679
14050,77.26563,28.55536
14051,77.29212,28.52502
14052,77.20166,28.54521
14053,77.20177,28.54541
14054,77.20449,28.52807
14055,77.20464,28.52804
14056,77.20478,28.52801
14057,77.20459,28.52794
14058,77.20449,28.52796
14059,77.20478,28.5279
14060,77.26813,28.55416
14061,77.2682,28.55424
14062,77.24987,28.547
14063,77.2499,28.54696
14064,77.24035,28.60567
14065,77.16461,28.52088
14066,77.16765,28.5219
14067,77.16781,28.52202
14068,77.16371,28.52064
14069,77.28601,28.62768
14070,77.23194,28.54112
14071,77.3006,28.59345
14072,77.28364,28.63464
14073,77.28416,28.63497
14074,77.23124,28.63289
14075,77.23114,28.63295
14076,77.30452,28.48944
14077,77.18264,28.58179
14078,77.1826,28.58175
14079,77.23549,28.62542
14080,77.23531,28.62543
14081,77.25219,28.56598
14082,77.18534,28.57005
14083,77.24673,28.63644
14084,77.24673,28.63689
14085,77.23492,28.59228
14086,77.2658,28.58162
14087,77.26564,28.58177
14088,77.27512,28.62902
14089,77.21625,28.52482
14090,77.18926,28.56711
14091,77.18928,28.56722
14092,77.18923,28.56686
14093,77.24975,28.54696
14094,77.18819,28.53973
14095,77.26697,28.60269
14096,77.26657,28.60246
14097,77.24028,28.59288
14098,77.24491,28.54415
14099,77.3039,28.5434
14100,77.30407,28.54353
14101,77.30441,28.54378
14102,77.26588,28.58171
14103,77.24046,28.59281
14104,77.18534,28.56995
14105,77.18514,28.56997
14106,77.2837,28.63457
14107,77.23119,28.63303
14108,77.2313,28.63297
14109,77.22994,28.63364
14110,77.23009,28.63356
14111,77.15577,28.49675
14112,77.1556,28.49668
14113,77.29351,28.59658
14114,77.29322,28.59647
14115,77.29289,28.59634
14116,77.29285,28.59642
14117,77.2898,28.60318
14118,77.28995,28.60323
14119,77.2896,28.60311
14120,77.30121,28.60658
14121,77.30123,28.60651
14122,77.31122,28.60468
14123,77.31695,28.64489
14124,77.31621,28.64225
14125,77.31597,28.64157
14126,77.30057,28.59338
14127,77.29998,28.5937
14128,77.29907,28.64449
14129,77.29913,28.64442
14130,77.31343,28.63639
14131,77.15006,28.53172
14132,77.16649,28.55516
14133,77.16647,28.55413
14134,77.27098,28.561
14135,77.27129,28.56101
14136,77.26393,28.54514
14137,77.30301,28.49319
14138,77.30289,28.49382
14139,77.31614,28.63166
14140,77.31623,28.6314
14141,77.3158,28.63251
14142,77.31588,28.63229
14143,77.31089,28.6319
14144,77.31086,28.63197
14145,77.31022,28.63343
14146,77.31721,28.64505
14147,77.31714,28.64481
14148,77.28716,28.63678
14149,77.29393,28.63721
14150,77.29387,28.63727
14151,77.28851,28.63736
14152,77.29809,28.64379
14153,77.27485,28.62596
14154,77.16334,28.50012
14155,77.1634,28.50015
14156,77.28604,28.6294
14157,77.2973,28.64555
14158,77.31547,28.50045
14159,77.31545,28.50034
14160,77.31534,28.50033
14161,77.23099,28.51466
14162,77.23711,28.51329
14163,77.24262,28.51234
14164,77.28921,28.48642
14165,77.28938,28.48733
14166,77.28942,28.61476
14167,77.28919,28.4863
14168,77.2893,28.48629
14169,77.28928,28.48614
14170,77.32891,28.63071
14171,77.31676,28.62975
14172,77.31623,28.63109
14173,77.31463,28.63634
14174,77.31553,28.63348
14175,77.31673,28.63004
14176,77.15637,28.53987
14177,77.15556,28.53877
14178,77.15502,28.53907
14179,77.15489,28.53787
14180,77.29881,28.58583
14181,77.15675,28.54039
14182,77.15655,28.54012
14183,77.15578,28.54013
14184,77.15752,28.54141
14185,77.15423,28.53699
14186,77.15415,28.53688
14187,77.15991,28.54463
14188,77.25778,28.64049
14189,77.25752,28.6418
14190,77.24007,28.59125
14191,77.24012,28.59112
14192,77.27193,28.62733
14193,77.28846,28.63746
14194,77.28747,28.50212
14195,77.28799,28.50206
14196,77.28724,28.50216
14197,77.28613,28.62939
14198,77.31572,28.63247
14199,77.29123,28.59915
14200,77.29132,28.59896
14201,77.28617,28.62977
14202,77.28608,28.62979
14203,77.26643,28.62807
14204,77.26058,28.51169
14205,77.29909,28.64349
14206,77.29857,28.64399
14207,77.22432,28.53142
14208,77.22364,28.53126
14209,77.2236,28.53138
14210,77.29166,28.59832
14211,77.29248,28.59675
14212,77.30925,28.63556
14213,77.21018,28.51879
14214,77.19992,28.5213
14215,77.19699,28.52226
14216,77.19622,28.52227
14217,77.21197,28.61086
14218,77.2143,28.63584
14219,77.22682,28.58174
14220,77.22661,28.58324
14221,77.22652,28.58405
14222,77.22644,28.58479
14223,77.22643,28.58487
14224,77.22631,28.58565
14225,77.2261,28.58736
14226,77.22685,28.5815
14227,77.22601,28.5881
14228,77.17292,28.59036
14229,77.17295,28.59029
14230,77.17685,28.59368
14231,77.17688,28.59374
14232,77.23114,28.52674
14233,77.23192,28.53214
14234,77.17156,28.63171
14235,77.19406,28.59646
14236,77.18941,28.58744
14237,77.18407,28.58581
14238,77.18313,28.59005
14239,77.17699,28.59361
14240,77.18073,28.59116
14241,77.17546,28.59921
14242,77.18344,28.58933
14243,77.18546,28.58851
14244,77.18654,28.58808
14245,77.18851,28.58728
14246,77.18115,28.59025
14247,77.18228,28.5898
14248,77.17238,28.58998
14249,77.19982,28.56995
14250,77.20031,28.56996
14251,77.20066,28.56996
14252,77.16095,28.60059
14253,77.16154,28.60015
14254,77.16145,28.60006
14255,77.16086,28.60049
14256,77.16234,28.59938
14257,77.16345,28.59847
14258,77.16244,28.59947
14259,77.16357,28.59854
14260,77.18856,28.60056
14261,77.18841,28.60028
14262,77.18863,28.60052
14263,77.18848,28.60025
14264,77.23404,28.60765
14265,77.23411,28.60769
14266,77.16907,28.59008
14267,77.18136,28.60111
14268,77.17543,28.57992
14269,77.17823,28.57957
14270,77.17818,28.57967
14271,77.18926,28.6339
14272,77.18926,28.63405
14273,77.29069,28.53798
14274,77.21746,28.52986
14275,77.21632,28.5296
14276,77.20056,28.59616
14277,77.20118,28.59615
14278,77.19608,28.5953
14279,77.19618,28.5953
14280,77.2124,28.58553
14281,77.1691,28.58982
14282,77.16897,28.59002
14283,77.21253,28.58552
14284,77.21234,28.58291
14285,77.21241,28.58328
14286,77.19254,28.60245
14287,77.21295,28.58576
14288,77.18932,28.63413
14289,77.18937,28.63418
14290,77.18135,28.60122
14291,77.20041,28.64412
14292,77.20013,28.64407
14293,77.1996,28.64432
14294,77.22508,28.53171
14295,77.21481,28.58958
14296,77.21418,28.58952
14297,77.20926,28.61489
14298,77.2088,28.61404
14299,77.20886,28.6149
14300,77.20879,28.61388
14301,77.2087,28.61242
14302,77.22379,28.58621
14303,77.21131,28.57969
14304,77.29916,28.54154
14305,77.29956,28.54171
14306,77.17265,28.58457
14307,77.17291,28.58413
14308,77.16633,28.58514
14309,77.16629,28.58503
14310,77.2163,28.52969
14311,77.21743,28.52995
14312,77.20207,28.63576
14313,77.20258,28.63547
14314,77.20332,28.63504
14315,77.20457,28.63433
14316,77.22499,28.58083
14317,77.225,28.58079
14318,77.21343,28.59217
14319,77.21326,28.592
14320,77.22623,28.58636
14321,77.21126,28.59705
14322,77.21135,28.59708
14323,77.22405,28.58801
14324,77.22662,28.59081
14325,77.21055,28.59743
14326,77.2106,28.59736
14327,77.20779,28.59619
14328,77.20803,28.59629
14329,77.20809,28.59623
14330,77.20775,28.59608
14331,77.21667,28.60016
14332,77.21673,28.60009
14333,77.22072,28.59751
14334,77.24667,28.6272
14335,77.24666,28.62747
14336,77.20587,28.62064
14337,77.21018,28.62056
14338,77.20617,28.63611
14339,77.21237,28.62282
14340,77.21178,28.62198
14341,77.21583,28.62105
14342,77.20625,28.62177
14343,77.20632,28.62279
14344,77.20642,28.62279
14345,77.20636,28.62176
14346,77.20912,28.60844
14347,77.21084,28.60534
14348,77.22836,28.609
14349,77.22761,28.60802
14350,77.09356,28.51138
14351,77.0937,28.51095
14352,77.23098,28.6027
14353,77.23091,28.60259
14354,77.16683,28.58764
14355,77.21574,28.62105
14356,77.16674,28.58775
14357,77.21593,28.52961
14358,77.21009,28.52812
14359,77.20976,28.5281
14360,77.23128,28.6216
14361,77.23132,28.62154
14362,77.22777,28.62005
14363,77.23671,28.62096
14364,77.13235,28.54189
14365,77.2247,28.62244
14366,77.22658,28.62337
14367,77.24826,28.62703
14368,77.24781,28.62674
14369,77.24724,28.62622
14370,77.22898,28.57461
14371,77.22912,28.57458
14372,77.26012,28.54875
14373,77.26429,28.55173
14374,77.21775,28.60127
14375,77.21767,28.60128
14376,77.29845,28.64428
14377,77.21796,28.60581
14378,77.21802,28.6058
14379,77.08165,28.51987
14380,77.08156,28.51967
14381,77.09503,28.5173
14382,77.09532,28.51772
14383,77.21685,28.60097
14384,77.21691,28.60102
14385,77.19998,28.62318
14386,77.24031,28.61954
14387,77.24015,28.6198
14388,77.24015,28.61993
14389,77.2405,28.61955
14390,77.23061,28.55913
14391,77.23033,28.55847
14392,77.24876,28.56566
14393,77.24997,28.56575
14394,77.25653,28.57473
14395,77.25659,28.57478
14396,77.25202,28.5808
14397,77.25191,28.581
14398,77.25198,28.58103
14399,77.25206,28.58087
14400,77.3049,28.63723
14401,77.30478,28.63715
14402,77.30435,28.63764
14403,77.2314,28.56045
14404,77.23233,28.56212
14405,77.23177,28.56041
14406,77.23181,28.56026
14407,77.23169,28.56032
14408,77.3165,28.63066
14409,77.31643,28.63057
14410,77.31841,28.62611
14411,77.23047,28.55905
14412,77.31534,28.63976
14413,77.31515,28.63983
14414,77.31526,28.64013
14415,77.22521,28.60418
14416,77.26379,28.54588
14417,77.26832,28.55412
14418,77.26463,28.54385
14419,77.26465,28.54379
14420,77.26467,28.54372
14421,77.24974,28.54727
14422,77.19242,28.56936
14423,77.19267,28.56936
14424,77.32131,28.62868
14425,77.32143,28.62872
14426,77.3185,28.62613
14427,77.21398,28.61702
14428,77.19948,28.61083
14429,77.3115,28.62532
14430,77.31115,28.6252
14431,77.3062,28.62368
14432,77.30754,28.62402
14433,77.30626,28.62358
14434,77.12172,28.57074
14435,77.12903,28.56719
14436,77.25216,28.56625
14437,77.25212,28.56606
14438,77.23446,28.56622
14439,77.19934,28.61116
14440,77.19949,28.53041
14441,77.20013,28.53123
14442,77.2002,28.53117
14443,77.19956,28.53037
14444,77.20213,28.52902
14445,77.20253,28.52883
14446,77.20248,28.52874
14447,77.20208,28.52892
14448,77.23624,28.52569
14449,77.23631,28.52572
14450,77.17646,28.54175
14451,77.20857,28.53549
14452,77.20851,28.53556
14453,77.16832,28.52268
14454,77.21225,28.54325
14455,77.21223,28.54316
14456,77.2542,28.60312
14457,77.25437,28.60252
14458,77.25429,28.60238
14459,77.2048,28.62803
14460,77.18404,28.54118
14461,77.23964,28.5416
14462,77.2396,28.54165
14463,77.29775,28.5127
14464,77.29634,28.51617
14465,77.29649,28.51619
14466,77.29675,28.51556
14467,77.30205,28.49828
14468,77.30559,28.6356
14469,77.30566,28.63557
14470,77.29898,28.63091
14471,77.29935,28.63061
14472,77.29917,28.63076
14473,77.29904,28.63098
14474,77.29923,28.63083
14475,77.29941,28.63068
14476,77.22233,28.63638
14477,77.2861,28.62911
14478,77.28512,28.62216
14479,77.21813,28.63546
14480,77.21821,28.63559
14481,77.21824,28.63567
14482,77.21837,28.63569
14483,77.29929,28.60592
14484,77.29926,28.60599
14485,77.2012,28.56963
14486,77.27987,28.632
14487,77.27944,28.63172
14488,77.2076,28.56564
14489,77.2129,28.59059
14490,77.21396,28.58958
14491,77.21277,28.5906
14492,77.20729,28.59639
14493,77.22978,28.58164
14494,77.22981,28.5818
14495,77.22998,28.58277
14496,77.22995,28.58179
14497,77.22992,28.58162
14498,77.29277,28.63642
14499,77.29283,28.63637
14500,77.24787,28.58708
14501,77.25304,28.58626
14502,77.25277,28.58655
14503,77.2529,28.58669
14504,77.2549,28.58485
14505,77.25379,28.58484
14506,77.25393,28.5845
14507,77.25476,28.58453
14508,77.25484,28.58464
14509,77.2323,28.60036
14510,77.20503,28.55986
14511,77.20504,28.55993
14512,77.20684,28.55876
14513,77.28042,28.6325
14514,77.2855,28.63587
14515,77.17511,28.56481
14516,77.17596,28.56539
14517,77.17515,28.56475
14518,77.176,28.56534
14519,77.18784,28.56958
14520,77.17538,28.57822
14521,77.17475,28.57793
14522,77.1747,28.57803
14523,77.1749,28.57227
14524,77.26593,28.54029
14525,77.26586,28.54046
14526,77.26569,28.54087
14527,77.26552,28.54127
14528,77.26531,28.5418
14529,77.26523,28.54197
14530,77.26514,28.54219
14531,77.26512,28.54225
14532,77.265,28.54255
14533,77.26513,28.5426
14534,77.26525,28.54229
14535,77.17659,28.57726
14536,77.26581,28.54094
14537,77.26599,28.54052
14538,77.24087,28.54252
14539,77.24063,28.54242
14540,77.22824,28.52014
14541,77.2852,28.62214
14542,77.21798,28.64477
14543,77.21803,28.64452
14544,77.2219,28.5983
14545,77.22195,28.59835
14546,77.2484,28.62062
14547,77.24837,28.62074
14548,77.24855,28.62071
14549,77.24858,28.62063
14550,77.26491,28.58244
14551,77.26929,28.53239
14552,77.22896,28.59134
14553,77.22885,28.59134
14554,77.20352,28.5493
14555,77.20361,28.54959
14556,77.20342,28.54894
14557,77.20363,28.54927
14558,77.20353,28.54892
14559,77.25279,28.63869
14560,77.13363,28.55221
14561,77.13275,28.55277
14562,77.13382,28.54552
14563,77.2215,28.54233
14564,77.22117,28.54236
14565,77.22151,28.54243
14566,77.22118,28.54246
14567,77.22226,28.54227
14568,77.22227,28.54237
14569,77.18656,28.64362
14570,77.18652,28.64378
14571,77.19813,28.60511
14572,77.26528,28.62824
14573,77.2653,28.62807
14574,77.26045,28.62798
14575,77.29929,28.6331
14576,77.29944,28.63322
14577,77.29951,28.63315
14578,77.29936,28.63304
14579,77.22335,28.60399
14580,77.2252,28.6049
14581,77.15019,28.5316
14582,77.14955,28.53099
14583,77.14969,28.53089
14584,77.18988,28.52231
14585,77.23211,28.53983
14586,77.23211,28.53986
14587,77.23211,28.53979
14588,77.23224,28.53986
14589,77.23224,28.53979
14590,77.2167,28.60774
14591,77.27181,28.52888
14592,77.20399,28.55042
14593,77.20374,28.54965
14594,77.20654,28.55736
14595,77.20659,28.55757
14596,77.20648,28.55704
14597,77.20474,28.55229
14598,77.20454,28.55181
14599,77.20444,28.55187
14600,77.20463,28.55232
14601,77.18764,28.55947
14602,77.18753,28.55917
14603,77.18718,28.55821
14604,77.18704,28.55817
14605,77.18741,28.5592
14606,77.18749,28.55942
14607,77.17586,28.55592
14608,77.1758,28.55583
14609,77.1866,28.55694
14610,77.18691,28.55779
14611,77.18702,28.55776
14612,77.18672,28.5569
14613,77.25932,28.5713
14614,77.29718,28.51412
14615,77.29713,28.51426
14616,77.29711,28.5143
14617,77.29725,28.51434
14618,77.29727,28.51429
14619,77.30267,28.49736
14620,77.29714,28.51461
14621,77.297,28.51457
14622,77.29686,28.51491
14623,77.17368,28.509
14624,77.27402,28.50654
14625,77.24697,28.62976
14626,77.24697,28.62957
14627,77.24682,28.62957
14628,77.24736,28.63933
14629,77.24702,28.63944
14630,77.24196,28.64016
14631,77.32857,28.60236
14632,77.32849,28.60245
14633,77.25623,28.59694
14634,77.21185,28.58058
14635,77.16804,28.59186
14636,77.16844,28.59118
14637,77.16909,28.60286
14638,77.18355,28.58377
14639,77.29446,28.59296
14640,77.29317,28.59655
14641,77.29325,28.59658
14642,77.29348,28.59667
14643,77.22311,28.57968
14644,77.23859,28.57887
14645,77.23859,28.57867
14646,77.24827,28.58647
14647,77.2489,28.58571
14648,77.26628,28.5811
14649,77.26596,28.58146
14650,77.2529,28.57958
14651,77.2528,28.57971
14652,77.23245,28.56544
14653,77.23204,28.56557
14654,77.234,28.5654
14655,77.2322,28.56556
14656,77.23178,28.5656
14657,77.23192,28.56161
14658,77.23257,28.56279
14659,77.2764,28.56103
14660,77.24255,28.58817
14661,77.24325,28.5875
14662,77.24041,28.5904
14663,77.25682,28.59826
14664,77.29993,28.58509
14665,77.29924,28.58009
14666,77.2997,28.57991
14667,77.21167,28.58047
14668,77.17568,28.62999
14669,77.17589,28.6285
14670,77.17583,28.62848
14671,77.17562,28.62996
14672,77.19123,28.63586
14673,77.19136,28.63578
14674,77.32086,28.60742
14675,77.28975,28.60316
14676,77.17572,28.50798
14677,77.17463,28.5082
14678,77.1742,28.50846
14679,77.12999,28.54122
14680,77.31672,28.63037
14681,77.22302,28.62622
14682,77.22234,28.62615
14683,77.22325,28.6263
14684,77.22335,28.62626
14685,77.22308,28.62618
14686,77.2015,28.56991
14687,77.30902,28.62426
14688,77.28496,28.62112
14689,77.24804,28.55436
14690,77.21511,28.518
14691,77.21532,28.51808
14692,77.24964,28.56548
14693,77.24944,28.56546
14694,77.18786,28.56005
14695,77.24517,28.55747
14696,77.20436,28.55168
14697,77.22133,28.53073
14698,77.21243,28.58398
14699,77.21256,28.58398
14700,77.2153,28.55603
14701,77.2139,28.5551
14702,77.19673,28.52229
14703,77.22235,28.62624
14704,77.22297,28.62628
14705,77.1817,28.55963
14706,77.18154,28.56001
14707,77.25583,28.55856
14708,77.2578,28.63995
14709,77.25773,28.63973
14710,77.22131,28.53085
14711,77.20446,28.55162
14712,77.22322,28.62638
14713,77.2559,28.55853
14714,77.23187,28.5541
14715,77.24511,28.55744
14716,77.18162,28.56008
14717,77.22432,28.62692
14718,77.28378,28.56138
14719,77.27164,28.63108
14720,77.22344,28.63066
14721,77.22564,28.62938
14722,77.22591,28.62924
14723,77.22342,28.63057
14724,77.22576,28.62917
14725,77.22564,28.62924
14726,77.27832,28.60838
14727,77.24698,28.64215
14728,77.24694,28.64069
14729,77.24679,28.6407
14730,77.23175,28.6261
14731,77.24055,28.59744
14732,77.24061,28.59756
14733,77.27825,28.60848
14734,77.27833,28.60855
14735,77.27848,28.60852
14736,77.2784,28.60844
14737,77.2693,28.56093
14738,77.26931,28.56084
14739,77.22709,28.64287
14740,77.22716,28.64284
14741,77.22759,28.64357
14742,77.22757,28.64374
14743,77.15369,28.526
14744,77.15373,28.52597
14745,77.15372,28.52606
14746,77.15377,28.52603
14747,77.3041,28.48986
14748,77.30905,28.54417
14749,77.30914,28.54427
14750,77.16031,28.49887
14751,77.16033,28.49878
14752,77.30138,28.54239
14753,77.30197,28.54259
14754,77.30502,28.54427
14755,77.3056,28.54476
14756,77.2365,28.57171
14757,77.23663,28.57165
14758,77.23674,28.57183
14759,77.21928,28.62712
14760,77.21936,28.62836
14761,77.201,28.52084
14762,77.20063,28.52095
14763,77.2617,28.55964
14764,77.26567,28.55528
14765,77.2659,28.55529
14766,77.24959,28.61703
14767,77.24955,28.61714
14768,77.21946,28.62821
14769,77.20064,28.52109
14770,77.20106,28.52095
14771,77.16707,28.56467
14772,77.26548,28.55448
14773,77.26538,28.55434
14774,77.32223,28.61355
14775,77.22756,28.61895
14776,77.22752,28.61902
14777,77.21266,28.55403
14778,77.212,28.5533
14779,77.2126,28.55412
14780,77.2348,28.54088
14781,77.25041,28.56308
14782,77.25021,28.5622
14783,77.25032,28.56294
14784,77.28489,28.62138
14785,77.28481,28.62137
14786,77.32476,28.63005
14787,77.32423,28.63142
14788,77.32302,28.63492
14789,77.29522,28.64407
14790,77.30235,28.49759
14791,77.21822,28.64322
14792,77.21829,28.64287
14793,77.21812,28.64414
14794,77.21813,28.64402
14795,77.26702,28.53796
14796,77.26693,28.53793
14797,77.22362,28.62585
14798,77.22349,28.62605
14799,77.22355,28.62612
14800,77.22409,28.564
14801,77.22393,28.56355
14802,77.19158,28.60965
14803,77.19112,28.60974
14804,77.19124,28.6101
14805,77.1916,28.60976
14806,77.19172,28.60962
14807,77.1914,28.61003
14808,77.23073,28.57418
14809,77.23069,28.5741
14810,77.33372,28.60575
14811,77.33367,28.60583
14812,77.2309,28.63611
14813,77.23092,28.6365
14814,77.23104,28.63648
14815,77.23102,28.6361
14816,77.3035,28.49213
14817,77.29023,28.5005
14818,77.29073,28.50148
14819,77.29082,28.50147
14820,77.29316,28.52334
14821,77.29303,28.5233
14822,77.16835,28.52324
14823,77.16824,28.52292
14824,77.16809,28.52304
14825,77.31442,28.50034
14826,77.27723,28.50526
14827,77.27767,28.50502
14828,77.27762,28.50494
14829,77.24644,28.62854
14830,77.27143,28.63143
14831,77.25713,28.64232
14832,77.25706,28.63784
14833,77.25688,28.63733
14834,77.25327,28.6353
14835,77.25301,28.63534
14836,77.2529,28.63536
14837,77.25268,28.63667
14838,77.24698,28.63923
14839,77.19731,28.64568
14840,77.19692,28.64549
14841,77.17426,28.63324
14842,77.20538,28.64087
14843,77.20522,28.6408
14844,77.20516,28.64077
14845,77.20782,28.6395
14846,77.20497,28.64076
14847,77.20808,28.63984
14848,77.20508,28.64655
14849,77.32917,28.62767
14850,77.32909,28.6276
14851,77.31794,28.62746
14852,77.31789,28.62758
14853,77.31658,28.63063
14854,77.31469,28.6361
14855,77.31466,28.63646
14856,77.31466,28.63701
14857,77.28627,28.63235
14858,77.28626,28.63243
14859,77.21713,28.63438
14860,77.2172,28.63447
14861,77.23125,28.62627
14862,77.2312,28.62608
14863,77.24124,28.62761
14864,77.24117,28.62693
14865,77.24022,28.62548
14866,77.21902,28.62128
14867,77.22525,28.62316
14868,77.22609,28.62914
14869,77.22317,28.62657
14870,77.28577,28.62502
14871,77.20492,28.62613
14872,77.20521,28.62789
14873,77.32081,28.60763
14874,77.23541,28.60522
14875,77.23539,28.60481
14876,77.23337,28.61519
14877,77.31082,28.60429
14878,77.32152,28.60637
14879,77.32156,28.6063
14880,77.31077,28.60423
14881,77.21317,28.59192
14882,77.16842,28.59108
14883,77.20709,28.59602
14884,77.16693,28.59483
14885,77.16628,28.5945
14886,77.16626,28.59445
14887,77.1663,28.59447
14888,77.16634,28.59434
14889,77.16655,28.59403
14890,77.1674,28.59245
14891,77.16798,28.59133
14892,77.16792,28.59136
14893,77.21279,28.58769
14894,77.21274,28.5872
14895,77.1912,28.5823
14896,77.19806,28.59596
14897,77.19818,28.59577
14898,77.20753,28.596
14899,77.20712,28.59657
14900,77.30118,28.59313
14901,77.30113,28.59309
14902,77.29685,28.58923
14903,77.297,28.58897
14904,77.29303,28.5958
14905,77.29788,28.59822
14906,77.29797,28.59826
14907,77.29673,28.60524
14908,77.29682,28.60527
14909,77.29639,28.60514
14910,77.21487,28.58968
14911,77.16481,28.59356
14912,77.16471,28.59368
14913,77.16487,28.59375
14914,77.16499,28.59379
14915,77.15483,28.59428
14916,77.15487,28.59434
14917,77.22942,28.57971
14918,77.22498,28.57992
14919,77.21301,28.58969
14920,77.13854,28.57306
14921,77.26356,28.5757
14922,77.26356,28.57576
14923,77.2119,28.57947
14924,77.2107,28.5781
14925,77.21076,28.57811
14926,77.21054,28.57756
14927,77.20306,28.57982
14928,77.21438,28.57914
14929,77.21445,28.5791
14930,77.2366,28.57166
14931,77.263,28.57541
14932,77.23376,28.56537
14933,77.22514,28.56814
14934,77.23404,28.56562
14935,77.23383,28.56555
14936,77.23404,28.5655
14937,77.23427,28.56548
14938,77.23435,28.56566
14939,77.20745,28.56921
14940,77.20642,28.56936
14941,77.20935,28.57184
14942,77.20896,28.5719
14943,77.20903,28.57219
14944,77.20873,28.56923
14945,77.21158,28.56899
14946,77.21601,28.5688
14947,77.21592,28.56875
14948,77.21574,28.5691
14949,77.21583,28.56907
14950,77.216,28.56895
14951,77.21408,28.56912
14952,77.25691,28.57137
14953,77.25678,28.57133
14954,77.25822,28.57244
14955,77.2582,28.57247
14956,77.25669,28.57151
14957,77.23397,28.56532
14958,77.23393,28.56532
14959,77.23278,28.56324
14960,77.22535,28.56794
14961,77.22541,28.56792
14962,77.22535,28.56785
14963,77.23121,28.56019
14964,77.23065,28.55904
14965,77.23054,28.55923
14966,77.2317,28.56061
14967,77.27283,28.56087
14968,77.20678,28.55788
14969,77.20673,28.55819
14970,77.22334,28.63756
14971,77.22351,28.63781
14972,77.22525,28.64346
14973,77.22358,28.64504
14974,77.22369,28.64499
14975,77.22371,28.6449
14976,77.22373,28.64482
14977,77.17517,28.6317
14978,77.18583,28.63576
14979,77.23018,28.60156
14980,77.23025,28.60149
14981,77.22538,28.60499
14982,77.23152,28.60242
14983,77.2312,28.60224
14984,77.28275,28.6138
14985,77.28238,28.61332
14986,77.17604,28.57811
14987,77.17618,28.57861
14988,77.17612,28.5787
14989,77.17547,28.57849
14990,77.17195,28.57656
14991,77.17768,28.57599
14992,77.19191,28.56917
14993,77.17563,28.56726
14994,77.30606,28.63603
14995,77.30598,28.636
14996,77.3062,28.63607
14997,77.30594,28.63626
14998,77.30585,28.63611
14999,77.1913,28.64345
15000,77.23094,28.6352
15001,77.23082,28.63522
15002,77.23112,28.64014
15003,77.24625,28.62796
15004,77.24669,28.62797
15005,77.24682,28.62721
15006,77.24682,28.62797
15007,77.24699,28.62797
15008,77.1955,28.62655
15009,77.1956,28.62676
15010,77.20203,28.6357
15011,77.1987,28.63161
15012,77.28742,28.61717
15013,77.28993,28.61975
15014,77.28877,28.61943
15015,77.28985,28.61986
15016,77.27753,28.62204
15017,77.27636,28.62379
15018,77.27489,28.6259
15019,77.27687,28.62991
15020,77.24814,28.6279
15021,77.24939,28.62799
15022,77.2498,28.62751
15023,77.25078,28.6279
15024,77.24001,28.62514
15025,77.24007,28.62499
15026,77.24021,28.62489
15027,77.28506,28.62136
15028,77.28498,28.62146
15029,77.28748,28.61707
15030,77.28281,28.61386
15031,77.23439,28.59211
15032,77.23945,28.59229
15033,77.23972,28.59161
15034,77.12703,28.56654
15035,77.13413,28.56969
15036,77.13464,28.57006
15037,77.13398,28.56174
15038,77.13351,28.55856
15039,77.13433,28.56795
15040,77.25966,28.57356
15041,77.17184,28.57651
15042,77.25215,28.56602
15043,77.25434,28.57766
15044,77.25438,28.57773
15045,77.26609,28.55509
15046,77.26594,28.55501
15047,77.26582,28.5549
15048,77.26586,28.55512
15049,77.26573,28.55528
15050,77.26889,28.55653
15051,77.26792,28.55604
15052,77.24984,28.56567
15053,77.16902,28.56181
15054,77.1644,28.56906
15055,77.16417,28.56937
15056,77.18807,28.56121
15057,77.27096,28.55738
15058,77.27086,28.55753
15059,77.27079,28.55762
15060,77.17301,28.55761
15061,77.2644,28.54363
15062,77.26435,28.54375
15063,77.26264,28.54882
15064,77.12416,28.5465
15065,77.12449,28.54676
15066,77.12456,28.54682
15067,77.12825,28.54974
15068,77.13178,28.55292
15069,77.13191,28.55304
15070,77.133,28.54694
15071,77.13336,28.54919
15072,77.13225,28.54163
15073,77.22825,28.54179
15074,77.23973,28.54173
15075,77.23963,28.54192
15076,77.23952,28.54206
15077,77.23975,28.54215
15078,77.23203,28.54141
15079,77.23217,28.54102
15080,77.24499,28.54408
15081,77.24478,28.544
15082,77.23725,28.54109
15083,77.24998,28.54639
15084,77.20992,28.54355
15085,77.17839,28.54447
15086,77.17842,28.5445
15087,77.18445,28.55015
15088,77.19822,28.54539
15089,77.20088,28.54473
15090,77.20109,28.54437
15091,77.2106,28.54321
15092,77.2099,28.54337
15093,77.20991,28.54346
15094,77.24005,28.54025
15095,77.20718,28.54347
15096,77.18299,28.51122
15097,77.18283,28.51126
15098,77.18344,28.511
15099,77.20378,28.54373
15100,77.10184,28.52741
15101,77.10218,28.52772
15102,77.09865,28.52246
15103,77.09829,28.52192
15104,77.1039,28.52955
15105,77.28701,28.53235
15106,77.28515,28.5355
15107,77.28682,28.53226
15108,77.28661,28.53246
15109,77.28517,28.53598
15110,77.28497,28.5359
15111,77.28351,28.53857
15112,77.19724,28.53571
15113,77.19738,28.53622
15114,77.19515,28.53181
15115,77.19512,28.53187
15116,77.22701,28.51567
15117,77.23192,28.53334
15118,77.23159,28.53305
15119,77.23005,28.52389
15120,77.23001,28.52396
15121,77.27153,28.52905
15122,77.20654,28.51941
15123,77.15217,28.53451
15124,77.15221,28.53456
15125,77.23399,28.51407
15126,77.2336,28.51415
15127,77.31443,28.50023
15128,77.18568,28.50233
15129,77.1746,28.50573
15130,77.17466,28.50579
15131,77.30443,28.4862
15132,77.30458,28.48758
15133,77.30382,28.49252
15134,77.09486,28.51705
15135,77.3047,28.48734
15136,77.17693,28.62016
15137,77.17696,28.6202
15138,77.17753,28.62067
15139,77.19507,28.62702
15140,77.19499,28.62673
15141,77.1945,28.62702
15142,77.25292,28.58376
15143,77.25307,28.58384
15144,77.25312,28.58754
15145,77.25333,28.58612
15146,77.25732,28.59291
15147,77.25729,28.59297
15148,77.2568,28.59429
15149,77.25651,28.59521
15150,77.25699,28.59434
15151,77.24225,28.59537
15152,77.14769,28.57494
15153,77.14762,28.57495
15154,77.1476,28.57506
15155,77.14765,28.57505
15156,77.1477,28.57504
15157,77.15765,28.57596
15158,77.14347,28.57543
15159,77.14353,28.57568
15160,77.14332,28.57606
15161,77.14315,28.57575
15162,77.18478,28.57001
15163,77.18498,28.56989
15164,77.18709,28.56992
15165,77.30707,28.54566
15166,77.30714,28.54584
15167,77.13968,28.5395
15168,77.13975,28.53937
15169,77.20409,28.55073
15170,77.28322,28.53857
15171,77.28451,28.53656
15172,77.28438,28.53665
15173,77.28488,28.53591
15174,77.285,28.53554
15175,77.28509,28.53558
15176,77.302,28.58281
15177,77.22155,28.6449
15178,77.22188,28.64495
15179,77.22326,28.64518
15180,77.2219,28.64486
15181,77.22158,28.64481
15182,77.20495,28.64677
15183,77.20515,28.64674
15184,77.10574,28.53206
15185,77.1057,28.53203
15186,77.24671,28.5885
15187,77.24692,28.58812
15188,77.26783,28.55614
15189,77.23214,28.56573
15190,77.2,28.56992
15191,77.19109,28.64316
15192,77.20305,28.57988
15193,77.17992,28.55339
15194,77.16167,28.547
15195,77.19783,28.56982
15196,77.21812,28.60769
15197,77.11712,28.53966
15198,77.12197,28.5452
15199,77.12908,28.55039
15200,77.2055,28.60821
15201,77.20598,28.60782
15202,77.20595,28.60788
15203,77.1919,28.58325
15204,77.19178,28.58304
15205,77.19133,28.58226
15206,77.19061,28.58105
15207,77.19025,28.58031
15208,77.20811,28.60886
15209,77.20808,28.60883
15210,77.2416,28.62804
15211,77.24154,28.62807
15212,77.24139,28.62821
15213,77.31305,28.63639
15214,77.3137,28.63648
15215,77.31403,28.6365
15216,77.31425,28.63627
15217,77.31404,28.63626
15218,77.31369,28.63625
15219,77.31344,28.63624
15220,77.31307,28.63627
15221,77.26535,28.54208
15222,77.26543,28.54186
15223,77.2656,28.54145
15224,77.26521,28.54202
15225,77.20255,28.6354
15226,77.20326,28.63499
15227,77.20453,28.63426
15228,77.24056,28.64041
15229,77.24103,28.64
15230,77.24079,28.64093
15231,77.29022,28.60085
15232,77.28972,28.60183
15233,77.28726,28.60706
15234,77.28404,28.61452
15235,77.22703,28.64287
15236,77.21112,28.60477
15237,77.21124,28.60477
15238,77.28276,28.61509
15239,77.12853,28.56708
15240,77.28816,28.49648
15241,77.23145,28.62579
15242,77.23603,28.61501
15243,77.23685,28.61536
15244,77.30872,28.60969
15245,77.25186,28.58111
15246,77.25194,28.58113
15247,77.27976,28.62678
15248,77.27984,28.62682
15249,77.28408,28.6225
15250,77.28323,28.62351
15251,77.28415,28.62256
15252,77.21918,28.6235
15253,77.21904,28.6235
15254,77.15595,28.49683
15255,77.1559,28.49692
15256,77.15331,28.49578
15257,77.26754,28.5367
15258,77.26762,28.53648
15259,77.26751,28.53648
15260,77.25642,28.59884
15261,77.25702,28.59884
15262,77.25712,28.59887
15263,77.25737,28.59838
15264,77.25797,28.59862
15265,77.2753,28.62524
15266,77.18744,28.56991
15267,77.27391,28.55133
15268,77.27404,28.5514
15269,77.27476,28.55042
15270,77.27515,28.5499
15271,77.26572,28.55477
15272,77.18137,28.63779
15273,77.1815,28.63772
15274,77.19735,28.57965
15275,77.19735,28.57971
15276,77.11396,28.54453
15277,77.12738,28.56092
15278,77.23106,28.54346
15279,77.23172,28.54208
15280,77.23246,28.5416
15281,77.23156,28.54211
15282,77.19713,28.57971
15283,77.19713,28.57964
15284,77.20858,28.51914
15285,77.20835,28.51919
15286,77.20905,28.51903
15287,77.20937,28.51897
15288,77.16175,28.5602
15289,77.19162,28.53851
15290,77.19598,28.53686
15291,77.19159,28.53843
15292,77.19473,28.53731
15293,77.18453,28.54086
15294,77.18401,28.54113
15295,77.18359,28.54138
15296,77.30672,28.61268
15297,77.30718,28.61269
15298,77.16113,28.51905
15299,77.1602,28.51856
15300,77.23616,28.61952
15301,77.23608,28.61956
15302,77.15761,28.56638
15303,77.15748,28.56631
15304,77.15755,28.56634
15305,77.16846,28.56138
15306,77.16855,28.5615
15307,77.16858,28.56145
15308,77.19034,28.52867
15309,77.18981,28.52821
15310,77.16863,28.56173
15311,77.16707,28.56448
15312,77.16716,28.56449
15313,77.1671,28.56461
15314,77.18974,28.5283
15315,77.19019,28.52871
15316,77.19227,28.53002
15317,77.26776,28.56932
15318,77.16496,28.51389
15319,77.16316,28.51555
15320,77.25769,28.64
15321,77.24675,28.63804
15322,77.24675,28.63879
15323,77.24704,28.64528
15324,77.20527,28.64118
15325,77.23742,28.62931
15326,77.232,28.63256
15327,77.23571,28.6102
15328,77.23577,28.61028
15329,77.31923,28.61494
15330,77.21257,28.58686
15331,77.23346,28.5902
15332,77.23347,28.59011
15333,77.23355,28.5896
15334,77.22377,28.59024
15335,77.22466,28.5906
15336,77.20747,28.56564
15337,77.20748,28.56575
15338,77.23231,28.60146
15339,77.23513,28.60458
15340,77.231,28.63583
15341,77.27828,28.63096
15342,77.28237,28.6337
15343,77.24717,28.6245
15344,77.24074,28.62434
15345,77.23621,28.6196
15346,77.21323,28.59197
15347,77.25473,28.57727
15348,77.25678,28.57453
15349,77.22174,28.56866
15350,77.24797,28.55596
15351,77.24992,28.55602
15352,77.11085,28.53519
15353,77.10474,28.54937
15354,77.10482,28.54919
15355,77.10535,28.54824
15356,77.21181,28.55304
15357,77.21114,28.54317
15358,77.15632,28.52374
15359,77.15916,28.52881
15360,77.15127,28.53303
15361,77.18342,28.5008
15362,77.18257,28.5017
15363,77.28991,28.49989
15364,77.30346,28.49117
15365,77.16273,28.49987
15366,77.16059,28.49889
15367,77.25336,28.58457
15368,77.30021,28.54196
15369,77.30084,28.54219
15370,77.30697,28.54583
15371,77.20232,28.54638
15372,77.29156,28.53834
15373,77.2694,28.53191
15374,77.25119,28.61238
15375,77.25125,28.61222
15376,77.23569,28.64107
15377,77.2121,28.62259
15378,77.21227,28.62281
15379,77.2123,28.62286
15380,77.21181,28.62204
15381,77.19974,28.61763
15382,77.1997,28.61755
15383,77.21312,28.59197
15384,77.21321,28.59207
15385,77.22927,28.61604
15386,77.22934,28.61606
15387,77.24704,28.63956
15388,77.22517,28.61889
15389,77.22524,28.61886
15390,77.22553,28.61898
15391,77.28337,28.61402
15392,77.24124,28.62772
15393,77.30602,28.63639
15394,77.3045,28.63768
15395,77.24007,28.53976
15396,77.24015,28.54004
15397,77.30465,28.48782
15398,77.30466,28.48778
15399,77.21075,28.62469
15400,77.23838,28.57462
15401,77.20998,28.57561
15402,77.20994,28.57551
15403,77.28688,28.56368
15404,77.25329,28.56792
15405,77.25344,28.56819
15406,77.17066,28.55096
15407,77.15702,28.52287
15408,77.15628,28.52368
15409,77.26691,28.53822
15410,77.22752,28.54206
15411,77.1649,28.51383
15412,77.19758,28.54575
15413,77.19731,28.54582
15414,77.24893,28.58568
15415,77.2037,28.639
15416,77.17719,28.50342
15417,77.17793,28.5032
15418,77.17791,28.50313
15419,77.17715,28.50335
15420,77.09386,28.51053
15421,77.25479,28.57706
15422,77.25468,28.57721
15423,77.2237,28.5902
15424,77.21293,28.59123
15425,77.20862,28.51925
15426,77.20908,28.51915
15427,77.20941,28.51908
15428,77.18542,28.50542
15429,77.18547,28.50522
15430,77.22564,28.56822
15431,77.15462,28.53853
15432,77.23334,28.5902
15433,77.2127,28.58684
15434,77.25744,28.63886
15435,77.23854,28.57458
15436,77.24983,28.62735
15437,77.24886,28.58563
15438,77.24819,28.58644
15439,77.28231,28.63377
15440,77.20982,28.57554
15441,77.20987,28.57567
15442,77.23615,28.61965
15443,77.23749,28.62939
15444,77.23087,28.63576
15445,77.10524,28.54816
15446,77.10471,28.54912
15447,77.10463,28.54934
15448,77.25689,28.57422
15449,77.25681,28.57434
15450,77.30087,28.54211
15451,77.22174,28.56854
15452,77.17064,28.5509
15453,77.15118,28.5332
15454,77.20242,28.54631
15455,77.20398,28.55076
15456,77.19757,28.54564
15457,77.19729,28.54571
15458,77.2694,28.53217
15459,77.26682,28.53819
15460,77.25293,28.58504
15461,77.23499,28.60449
15462,77.23238,28.6029
15463,77.23244,28.60283
15464,77.24169,28.64093
15465,77.1859,28.63586
15466,77.18589,28.63573
15467,77.23863,28.57559
15468,77.17424,28.63306
15469,77.17422,28.63315
15470,77.17431,28.63322
15471,77.16474,28.52506
15472,77.23231,28.62592
15473,77.23237,28.626
15474,77.15585,28.52568
15475,77.23796,28.60938
15476,77.17826,28.54445
15477,77.22475,28.63161
15478,77.17816,28.54451
15479,77.22469,28.63167
15480,77.22541,28.63249
15481,77.22534,28.63253
15482,77.17976,28.54367
15483,77.1796,28.54376
15484,77.17902,28.54406
15485,77.17835,28.5444
15486,77.1784,28.54438
15487,77.18005,28.54351
15488,77.22971,28.60199
15489,77.18328,28.54157
15490,77.18081,28.54308
15491,77.2294,28.60213
15492,77.23342,28.59064
15493,77.2333,28.59062
15494,77.22775,28.60008
15495,77.2532,28.58829
15496,77.25318,28.58805
15497,77.25282,28.58882
15498,77.25297,28.58509
15499,77.25345,28.5851
15500,77.25341,28.58499
15501,77.25351,28.58542
15502,77.2534,28.58573
15503,77.25351,28.58533
15504,77.25324,28.58605
15505,77.24477,28.59172
15506,77.24518,28.59114
15507,77.24467,28.59166
15508,77.24506,28.59111
15509,77.21436,28.51795
15510,77.21392,28.51801
15511,77.21394,28.51813
15512,77.21436,28.51807
15513,77.26387,28.54567
15514,77.26377,28.54552
15515,77.26365,28.54583
15516,77.2861,28.5623
15517,77.28581,28.56242
15518,77.28609,28.5628
15519,77.29151,28.56251
15520,77.292,28.56238
15521,77.29205,28.56236
15522,77.20417,28.63964
15523,77.20424,28.6396
15524,77.18622,28.63509
15525,77.18572,28.63536
15526,77.20058,28.6243
15527,77.17565,28.55592
15528,77.17562,28.55594
15529,77.17519,28.55646
15530,77.1755,28.55616
15531,77.29774,28.49906
15532,77.29872,28.49918
15533,77.24718,28.63477
15534,77.28624,28.61645
15535,77.2097,28.54785
15536,77.21012,28.54906
15537,77.17015,28.57098
15538,77.13293,28.54282
15539,77.16663,28.56572
15540,77.1666,28.56575
15541,77.1667,28.5658
15542,77.174,28.5687
15543,77.17397,28.56873
15544,77.16888,28.56666
15545,77.17263,28.56793
15546,77.1734,28.56827
15547,77.16656,28.5656
15548,77.17406,28.56877
15549,77.17404,28.5688
15550,77.15232,28.53441
15551,77.1523,28.53438
15552,77.15243,28.53456
15553,77.15236,28.53447
15554,77.15206,28.53472
15555,77.1701,28.57107
15556,77.16991,28.57157
15557,77.16979,28.57187
15558,77.16963,28.57227
15559,77.16947,28.57269
15560,77.1693,28.57314
15561,77.16917,28.57345
15562,77.1691,28.5736
15563,77.16898,28.57393
15564,77.16881,28.57436
15565,77.16872,28.57461
15566,77.16863,28.57482
15567,77.16845,28.57519
15568,77.1685,28.5751
15569,77.16854,28.575
15570,77.18796,28.53981
15571,77.16945,28.57276
15572,77.15654,28.52786
15573,77.1565,28.52779
15574,77.21014,28.5491
15575,77.21018,28.54921
15576,77.21032,28.5496
15577,77.21024,28.54906
15578,77.21023,28.54903
15579,77.21022,28.54899
15580,77.21043,28.54957
15581,77.21028,28.54916
15582,77.27077,28.64353
15583,77.33819,28.60973
15584,77.3387,28.61034
15585,77.29118,28.60371
15586,77.24593,28.56034
15587,77.24596,28.56034
15588,77.24598,28.56027
15589,77.24595,28.56026
15590,77.24602,28.56028
15591,77.246,28.56035
15592,77.2472,28.63127
15593,77.29996,28.62102
15594,77.30028,28.62022
15595,77.29945,28.62126
15596,77.29979,28.62097
15597,77.23528,28.61467
15598,77.23538,28.6147
15599,77.20604,28.52182
15600,77.21605,28.52518
15601,77.21616,28.52517
15602,77.18727,28.56287
15603,77.18724,28.56279
15604,77.18372,28.56481
15605,77.18368,28.56474
15606,77.18858,28.56278
15607,77.18872,28.56275
15608,77.20772,28.56508
15609,77.28903,28.61484
15610,77.28907,28.61481
15611,77.28911,28.61479
15612,77.21172,28.54024
15613,77.21195,28.53963
15614,77.25842,28.57257
15615,77.26824,28.56865
15616,77.28221,28.54031
15617,77.28209,28.54025
15618,77.15234,28.53444
15619,77.15213,28.53445
15620,77.14865,28.49353
15621,77.14829,28.49337
15622,77.14972,28.49401
15623,77.14858,28.49362
15624,77.14842,28.49355
15625,77.16079,28.49906
15626,77.16188,28.49952
15627,77.16212,28.49963
15628,77.26426,28.55202
15629,77.26451,28.55263
15630,77.24795,28.56533
15631,77.24749,28.56529
15632,77.20738,28.56513
15633,77.20694,28.55929
15634,77.18461,28.54081
15635,77.21315,28.55444
15636,77.26756,28.55194
15637,77.29428,28.50029
15638,77.13929,28.53881
15639,77.15976,28.54551
15640,77.14748,28.53738
15641,77.14806,28.53705
15642,77.21824,28.53004
15643,77.21084,28.52826
15644,77.20028,28.52992
15645,77.20076,28.52969
15646,77.20182,28.52917
15647,77.20071,28.52959
15648,77.20023,28.52982
15649,77.14804,28.53698
15650,77.13945,28.53882
15651,77.13942,28.53877
15652,77.13972,28.53933
15653,77.2182,28.53012
15654,77.29418,28.50023
15655,77.16034,28.5452
15656,77.16026,28.5451
15657,77.21309,28.55452
15658,77.16755,28.5882
15659,77.21084,28.52817
15660,77.25726,28.53696
15661,77.17806,28.50921
15662,77.17793,28.5092
15663,77.18942,28.56722
15664,77.1894,28.56709
15665,77.18964,28.52213
15666,77.21269,28.55405
15667,77.19998,28.53006
15668,77.14752,28.53011
15669,77.17388,28.50876
15670,77.30582,28.6362
15671,77.19051,28.52891
15672,77.19107,28.52927
15673,77.26849,28.5341
15674,77.26832,28.53451
15675,77.27244,28.5295
15676,77.26445,28.54429
15677,77.26782,28.55195
15678,77.20494,28.55275
15679,77.20674,28.55768
15680,77.22668,28.51565
15681,77.22598,28.51581
15682,77.20427,28.52812
15683,77.27723,28.52087
15684,77.2942,28.50039
15685,77.18264,28.50176
15686,77.21263,28.59123
15687,77.30655,28.61262
15688,77.29962,28.59398
15689,77.1853,28.60441
15690,77.21828,28.61663
15691,77.23292,28.61014
15692,77.23361,28.60857
15693,77.23382,28.60818
15694,77.21284,28.58808
15695,77.21166,28.57956
15696,77.16673,28.50163
15697,77.20197,28.5291
15698,77.20191,28.529
15699,77.20176,28.52908
15700,77.19315,28.53059
15701,77.1933,28.53069
15702,77.20793,28.51928
15703,77.19368,28.53092
15704,77.19375,28.53083
15705,77.19992,28.52997
15706,77.19115,28.52919
15707,77.19059,28.52882
15708,77.27712,28.52083
15709,77.27216,28.52948
15710,77.20483,28.55279
15711,77.20424,28.52801
15712,77.29409,28.50033
15713,77.18526,28.60447
15714,77.21272,28.58809
15715,77.21285,28.58922
15716,77.21829,28.61671
15717,77.30655,28.61269
15718,77.20795,28.5194
15719,77.22597,28.51567
15720,77.22695,28.51737
15721,77.11118,28.53519
15722,77.0935,28.51162
15723,77.11659,28.53958
15724,77.14853,28.52959
15725,77.11132,28.53526
15726,77.14869,28.52951
15727,77.14861,28.52941
15728,77.17076,28.53009
15729,77.17123,28.53155
15730,77.17135,28.53152
15731,77.10076,28.52553
15732,77.10094,28.5258
15733,77.10111,28.52605
15734,77.10109,28.52562
15735,77.10058,28.52488
15736,77.1696,28.52677
15737,77.20675,28.55773
15738,77.17394,28.50881
15739,77.19899,28.5394
15740,77.19901,28.53945
15741,77.18908,28.5394
15742,77.19572,28.53307
15743,77.19637,28.53393
15744,77.19657,28.53402
15745,77.19654,28.5339
15746,77.19665,28.53426
15747,77.19653,28.53433
15748,77.19639,28.53397
15749,77.21667,28.55667
15750,77.21654,28.55673
15751,77.1615,28.51925
15752,77.15161,28.53325
15753,77.15597,28.52677
15754,77.15599,28.52659
15755,77.15596,28.52633
15756,77.23375,28.60815
15757,77.26432,28.54424
15758,77.26562,28.55465
15759,77.26841,28.53455
15760,77.26859,28.53411
15761,77.26963,28.63801
15762,77.26991,28.63669
15763,77.2701,28.63488
15764,77.26947,28.63792
15765,77.2165,28.62853
15766,77.21672,28.62882
15767,77.21652,28.62839
15768,77.21687,28.62887
15769,77.23866,28.6064
15770,77.23862,28.60648
15771,77.28614,28.63163
15772,77.28623,28.63161
15773,77.24746,28.56556
15774,77.24765,28.56557
15775,77.24847,28.56564
15776,77.22329,28.54241
15777,77.22358,28.54239
15778,77.21937,28.54271
15779,77.21983,28.54269
15780,77.21993,28.54269
15781,77.21934,28.54261
15782,77.21532,28.54292
15783,77.22315,28.54231
15784,77.22312,28.54242
15785,77.21805,28.64445
15786,77.2181,28.64426
15787,77.2113,28.57961
15788,77.17273,28.57495
15789,77.17317,28.57421
15790,77.14938,28.53046
15791,77.24674,28.63718
15792,77.24712,28.63691
15793,77.17285,28.57497
15794,77.14922,28.53054
15795,77.18822,28.56104
15796,77.26442,28.56412
15797,77.15988,28.60122
15798,77.2623,28.5106
15799,77.17623,28.50751
15800,77.17606,28.50782
15801,77.17602,28.50788
15802,77.17631,28.50726
15803,77.2251,28.62968
15804,77.22492,28.62967
15805,77.21169,28.57964
15806,77.12321,28.54739
15807,77.1202,28.54856
15808,77.12046,28.54845
15809,77.12106,28.54822
15810,77.12254,28.54765
15811,77.12274,28.54757
15812,77.21765,28.62064
15813,77.32099,28.6144
15814,77.32088,28.61446
15815,77.32078,28.61453
15816,77.32085,28.61463
15817,77.32094,28.61457
15818,77.2194,28.62895
15819,77.31532,28.50043
15820,77.25323,28.62814
15821,77.25379,28.62815
15822,77.2538,28.62823
15823,77.25635,28.63618
15824,77.25727,28.63878
15825,77.2994,28.64462
15826,77.29933,28.64469
15827,77.29944,28.64477
15828,77.24776,28.58694
15829,77.24773,28.58698
15830,77.24779,28.58702
15831,77.24783,28.58698
15832,77.24809,28.58668
15833,77.248,28.58666
15834,77.24798,28.58668
15835,77.24791,28.58703
15836,77.29185,28.56242
15837,77.29358,28.5863
15838,77.29359,28.58616
15839,77.265,28.60173
15840,77.26196,28.60035
15841,77.29971,28.54167
15842,77.30024,28.54187
15843,77.3001,28.54182
15844,77.25317,28.58438
15845,77.25326,28.58431
15846,77.253,28.58396
15847,77.2531,28.58391
15848,77.29966,28.54175
15849,77.30005,28.5419
15850,77.29953,28.57976
15851,77.29922,28.57989
15852,77.18963,28.6342
15853,77.09626,28.51853
15854,77.09576,28.51779
15855,77.09554,28.51746
15856,77.32171,28.62868
15857,77.32143,28.62859
15858,77.21298,28.58929
15859,77.21308,28.5894
15860,77.21285,28.58928
15861,77.22303,28.59043
15862,77.30915,28.6243
15863,77.30911,28.62434
15864,77.30885,28.62471
15865,77.3089,28.62473
15866,77.30892,28.62461
15867,77.30876,28.62485
15868,77.30885,28.62488
15869,77.30895,28.62474
15870,77.24144,28.5965
15871,77.31739,28.62737
15872,77.29958,28.64488
15873,77.29964,28.64481
15874,77.2996,28.64479
15875,77.29957,28.64472
15876,77.29949,28.64462
15877,77.28337,28.53665
15878,77.2835,28.53692
15879,77.28368,28.53731
15880,77.29893,28.64416
15881,77.29944,28.64458
15882,77.29918,28.64437
15883,77.28666,28.53614
15884,77.28661,28.53624
15885,77.23193,28.54142
15886,77.23199,28.54141
15887,77.23177,28.54176
15888,77.22893,28.54768
15889,77.22886,28.54784
15890,77.22874,28.5481
15891,77.22887,28.54812
15892,77.22897,28.5479
15893,77.22904,28.54775
15894,77.232,28.54113
15895,77.2322,28.5409
15896,77.23222,28.54081
15897,77.26083,28.59984
15898,77.26069,28.59978
15899,77.26034,28.59999
15900,77.26059,28.60011
15901,77.27748,28.62215
15902,77.2563,28.63602
15903,77.25639,28.63593
15904,77.25565,28.63483
15905,77.29717,28.64614
15906,77.15669,28.57577
15907,77.15676,28.57584
15908,77.15703,28.57591
15909,77.15745,28.57596
15910,77.25937,28.62825
15911,77.25942,28.62825
15912,77.25938,28.62817
15913,77.25946,28.62817
15914,77.25947,28.62792
15915,77.25937,28.62792
15916,77.15692,28.57582
15917,77.15702,28.57584
15918,77.15661,28.57555
15919,77.20182,28.56978
15920,77.20216,28.56977
15921,77.20182,28.5697
15922,77.26565,28.60237
15923,77.26581,28.6021
15924,77.13409,28.56782
15925,77.13428,28.56796
15926,77.13428,28.56791
15927,77.26869,28.64366
15928,77.32169,28.62903
15929,77.24947,28.61735
15930,77.24962,28.61739
15931,77.24969,28.61718
15932,77.2497,28.61663
15933,77.2306,28.62663
15934,77.219,28.62637
15935,77.21925,28.62656
15936,77.29827,28.64435
15937,77.29828,28.64446
15938,77.17391,28.58215
15939,77.24645,28.56534
15940,77.19229,28.54725
15941,77.19286,28.54708
15942,77.19283,28.54697
15943,77.19226,28.54715
15944,77.29157,28.64387
15945,77.22333,28.56252
15946,77.22325,28.56238
15947,77.22323,28.56256
15948,77.22335,28.56276
15949,77.22347,28.56273
15950,77.31617,28.5005
15951,77.31628,28.50051
15952,77.24033,28.54818
15953,77.24031,28.54826
15954,77.2422,28.54879
15955,77.24228,28.54883
15956,77.23801,28.54815
15957,77.23802,28.54823
15958,77.23582,28.54872
15959,77.23632,28.54856
15960,77.2363,28.54848
15961,77.23579,28.54864
15962,77.23446,28.54928
15963,77.2345,28.54935
15964,77.23356,28.54988
15965,77.23362,28.54993
15966,77.23288,28.55049
15967,77.23324,28.55022
15968,77.23318,28.55017
15969,77.23282,28.55043
15970,77.23225,28.55076
15971,77.23192,28.55478
15972,77.23208,28.55645
15973,77.23215,28.55644
15974,77.23219,28.55684
15975,77.2321,28.55684
15976,77.23222,28.55838
15977,77.23226,28.55886
15978,77.23231,28.55939
15979,77.23236,28.55884
15980,77.23231,28.55837
15981,77.23236,28.55998
15982,77.23238,28.56009
15983,77.23249,28.55995
15984,77.2325,28.56004
15985,77.23815,28.53597
15986,77.23821,28.53593
15987,77.23707,28.53507
15988,77.23698,28.5351
15989,77.23703,28.53513
15990,77.23731,28.53475
15991,77.23698,28.53502
15992,77.23723,28.53469
15993,77.23757,28.53442
15994,77.23748,28.53437
15995,77.23788,28.53405
15996,77.23779,28.534
15997,77.23821,28.53367
15998,77.23811,28.5336
15999,77.23857,28.53329
16000,77.23848,28.53322
16001,77.23941,28.53263
16002,77.23889,28.53301
16003,77.23933,28.53258
16004,77.23893,28.53285
16005,77.23984,28.53232
16006,77.23978,28.53227
16007,77.2401,28.53212
16008,77.24005,28.53206
16009,77.24073,28.53166
16010,77.24067,28.5316
16011,77.24151,28.53101
16012,77.24084,28.53148
16013,77.24091,28.53154
16014,77.24157,28.53107
16015,77.24217,28.5306
16016,77.24212,28.53055
16017,77.24268,28.53021
16018,77.24263,28.53014
16019,77.24484,28.52873
16020,77.24613,28.52795
16021,77.24612,28.52788
16022,77.24479,28.52865
16023,77.24673,28.52782
16024,77.26891,28.50822
16025,77.26943,28.50796
16026,77.2671,28.56073
16027,77.26717,28.56064
16028,77.26705,28.56057
16029,77.26729,28.5608
16030,77.272,28.56253
16031,77.27235,28.56094
16032,77.27343,28.56096
16033,77.27307,28.56095
16034,77.26767,28.56945
16035,77.2318,28.55197
16036,77.26923,28.55763
16037,77.25989,28.62821
16038,77.26046,28.62821
16039,77.28472,28.53652
16040,77.28529,28.53577
16041,77.25989,28.62793
16042,77.23047,28.6265
16043,77.23224,28.55068
16044,77.27796,28.56093
16045,77.27782,28.56087
16046,77.27778,28.56094
16047,77.24155,28.51239
16048,77.24879,28.52795
16049,77.24859,28.52794
16050,77.24854,28.528
16051,77.23694,28.53507
16052,77.27208,28.56256
16053,77.27268,28.56137
16054,77.27305,28.56103
16055,77.27343,28.56104
16056,77.17775,28.54762
16057,77.30519,28.48752
16058,77.25969,28.57045
16059,77.25961,28.57055
16060,77.25976,28.57054
16061,77.25932,28.57086
16062,77.25958,28.57091
16063,77.25984,28.58604
16064,77.26016,28.58563
16065,77.25997,28.58564
16066,77.25968,28.58602
16067,77.25364,28.56788
16068,77.25352,28.56763
16069,77.26679,28.57887
16070,77.25739,28.59274
16071,77.25588,28.5967
16072,77.25583,28.59684
16073,77.25596,28.59643
16074,77.25577,28.59702
16075,77.2554,28.59819
16076,77.25437,28.60209
16077,77.25308,28.60614
16078,77.25278,28.60707
16079,77.25292,28.60712
16080,77.25323,28.60617
16081,77.24818,28.62133
16082,77.24834,28.62136
16083,77.24912,28.61894
16084,77.24925,28.61852
16085,77.24863,28.61991
16086,77.2488,28.61995
16087,77.24829,28.62842
16088,77.28313,28.53906
16089,77.25773,28.64018
16090,77.25784,28.64008
16091,77.26767,28.55947
16092,77.26752,28.55971
16093,77.29343,28.52279
16094,77.29371,28.52222
16095,77.29424,28.52111
16096,77.29436,28.52089
16097,77.29438,28.52083
16098,77.29451,28.52058
16099,77.29454,28.52052
16100,77.29463,28.52034
16101,77.29482,28.51996
16102,77.16781,28.59149
16103,77.29401,28.58435
16104,77.27663,28.57906
16105,77.27652,28.57896
16106,77.23258,28.56543
16107,77.2369,28.56515
16108,77.23423,28.56538
16109,77.23693,28.56526
16110,77.23223,28.56568
16111,77.13476,28.5703
16112,77.13477,28.57026
16113,77.13481,28.57017
16114,77.29424,28.5208
16115,77.29421,28.52085
16116,77.29409,28.52108
16117,77.29357,28.52218
16118,77.2944,28.52048
16119,77.29437,28.52054
16120,77.29449,28.52029
16121,77.29468,28.51992
16122,77.29328,28.52276
16123,77.26019,28.58541
16124,77.2603,28.58547
16125,77.2968,28.51506
16126,77.29694,28.51511
16127,77.24692,28.56551
16128,77.2563,28.57529
16129,77.21167,28.59792
16130,77.21169,28.59783
16131,77.29241,28.57901
16132,77.29249,28.57889
16133,77.26326,28.58355
16134,77.26414,28.58299
16135,77.26424,28.58292
16136,77.26316,28.58346
16137,77.2643,28.58271
16138,77.26417,28.5828
16139,77.26408,28.58286
16140,77.20624,28.56959
16141,77.20636,28.56962
16142,77.20907,28.57236
16143,77.20913,28.57263
16144,77.20736,28.56972
16145,77.20856,28.57
16146,77.20894,28.5699
16147,77.21077,28.56918
16148,77.20936,28.57177
16149,77.21569,28.56874
16150,77.21571,28.56896
16151,77.18233,28.57074
16152,77.18239,28.57085
16153,77.18167,28.57106
16154,77.18174,28.57122
16155,77.17071,28.58766
16156,77.17098,28.58727
16157,77.16977,28.58883
16158,77.16951,28.58893
16159,77.16929,28.58932
16160,77.16932,28.5895
16161,77.19261,28.56927
16162,77.1952,28.56953
16163,77.19676,28.56964
16164,77.19687,28.56974
16165,77.19723,28.56967
16166,77.19694,28.56955
16167,77.19673,28.56952
16168,77.19685,28.56946
16169,77.19234,28.56927
16170,77.22919,28.56623
16171,77.22891,28.56635
16172,77.25935,28.58672
16173,77.25928,28.58702
16174,77.25915,28.58708
16175,77.25923,28.58717
16176,77.22262,28.56862
16177,77.22307,28.56857
16178,77.2228,28.5687
16179,77.22302,28.56848
16180,77.17269,28.59771
16181,77.17342,28.5981
16182,77.17356,28.59817
16183,77.17265,28.59779
16184,77.17335,28.59816
16185,77.17351,28.59825
16186,77.16586,28.59567
16187,77.25427,28.56962
16188,77.25595,28.5708
16189,77.25439,28.56956
16190,77.25755,28.57323
16191,77.25776,28.57333
16192,77.25717,28.57371
16193,77.25705,28.57389
16194,77.25728,28.57396
16195,77.2574,28.57381
16196,77.16527,28.59395
16197,77.16535,28.59403
16198,77.25884,28.5728
16199,77.2098,28.57518
16200,77.20969,28.57523
16201,77.25926,28.57319
16202,77.25925,28.57331
16203,77.24347,28.56513
16204,77.24572,28.56533
16205,77.24379,28.56506
16206,77.2435,28.56504
16207,77.24323,28.56493
16208,77.1872,28.56986
16209,77.17728,28.57614
16210,77.27708,28.62273
16211,77.27654,28.62357
16212,77.22544,28.60508
16213,77.22363,28.6448
16214,77.26957,28.58026
16215,77.25756,28.59226
16216,77.25474,28.60028
16217,77.25472,28.60133
16218,77.25476,28.60119
16219,77.2472,28.62614
16220,77.2471,28.62545
16221,77.24688,28.62576
16222,77.24705,28.62577
16223,77.24832,28.62753
16224,77.25469,28.64636
16225,77.24868,28.62031
16226,77.24852,28.62025
16227,77.30167,28.50011
16228,77.30124,28.50089
16229,77.25112,28.61259
16230,77.251,28.61258
16231,77.26497,28.56362
16232,77.26483,28.56358
16233,77.27599,28.5489
16234,77.27706,28.54771
16235,77.27585,28.54885
16236,77.30431,28.49066
16237,77.28688,28.53249
16238,77.28675,28.53247
16239,77.28673,28.53251
16240,77.23124,28.5795
16241,77.2869,28.53272
16242,77.25247,28.60841
16243,77.25252,28.60825
16244,77.25242,28.60821
16245,77.2524,28.60826
16246,77.24843,28.62898
16247,77.25053,28.61353
16248,77.25046,28.61427
16249,77.2647,28.564
16250,77.26472,28.56397
16251,77.26467,28.56404
16252,77.26459,28.56414
16253,77.26456,28.56393
16254,77.26453,28.56397
16255,77.26459,28.56389
16256,77.24409,28.58719
16257,77.24433,28.58717
16258,77.25565,28.64512
16259,77.23129,28.57964
16260,77.23177,28.57967
16261,77.23136,28.57976
16262,77.24701,28.6337
16263,77.24713,28.63368
16264,77.2472,28.63159
16265,77.25375,28.56854
16266,77.25377,28.56858
16267,77.25386,28.56854
16268,77.25384,28.5685
16269,77.25362,28.56852
16270,77.24671,28.63225
16271,77.24689,28.6327
16272,77.25389,28.56886
16273,77.25381,28.56876
16274,77.29222,28.52506
16275,77.26824,28.55407
16276,77.28286,28.53922
16277,77.28283,28.53909
16278,77.28403,28.53723
16279,77.28929,28.53727
16280,77.28911,28.53712
16281,77.28525,28.53545
16282,77.28519,28.53543
16283,77.28352,28.53574
16284,77.2853,28.53552
16285,77.28523,28.53548
16286,77.24996,28.56564
16287,77.24997,28.56572
16288,77.25009,28.56565
16289,77.2467,28.6309
16290,77.24678,28.63115
16291,77.24673,28.63145
16292,77.24678,28.63106
16293,77.24696,28.6306
16294,77.2468,28.63064
16295,77.24679,28.63083
16296,77.26876,28.57882
16297,77.26894,28.57863
16298,77.2686,28.57876
16299,77.24827,28.62104
16300,77.24845,28.62103
16301,77.29891,28.64372
16302,77.17843,28.50309
16303,77.19826,28.64497
16304,77.19771,28.64509
16305,77.25048,28.61462
16306,77.12335,28.555
16307,77.26683,28.58114
16308,77.2669,28.58108
16309,77.26096,28.58213
16310,77.26135,28.5822
16311,77.27799,28.5461
16312,77.31536,28.50044
16313,77.28347,28.57271
16314,77.28356,28.57277
16315,77.12903,28.55392
16316,77.13074,28.55329
16317,77.32079,28.60752
16318,77.29072,28.62022
16319,77.33027,28.60934
16320,77.33033,28.60929
16321,77.28532,28.53549
16322,77.2638,28.58315
16323,77.26385,28.58318
16324,77.26194,28.55959
16325,77.21205,28.57955
16326,77.28761,28.57696
16327,77.32486,28.62946
16328,77.30352,28.49387
16329,77.18855,28.56195
16330,77.2888,28.5372
16331,77.22935,28.57881
16332,77.21572,28.56885
16333,77.21548,28.56886
16334,77.27138,28.63116
16335,77.20829,28.62892
16336,77.24147,28.51232
16337,77.23211,28.54159
16338,77.14811,28.53694
16339,77.13089,28.5526
16340,77.13098,28.55275
16341,77.25965,28.56142
16342,77.31611,28.641
16343,77.2565,28.59572
16344,77.21797,28.62628
16345,77.19838,28.64507
16346,77.11822,28.54288
16347,77.23331,28.59048
16348,77.27826,28.53258
16349,77.27832,28.53262
16350,77.18186,28.55117
16351,77.30031,28.62136
16352,77.19094,28.58162
16353,77.09822,28.52175
16354,77.09833,28.52191
16355,77.30791,28.6244
16356,77.17927,28.56364
16357,77.30472,28.60769
16358,77.197,28.64369
16359,77.30131,28.58393
16360,77.26957,28.5804
16361,77.17323,28.53667
16362,77.17251,28.53497
16363,77.30321,28.62291
16364,77.23992,28.60948
16365,77.21156,28.58005
16366,77.27281,28.59289
16367,77.27433,28.59527
16368,77.10042,28.52526
16369,77.25539,28.59822
16370,77.25532,28.59841
16371,77.22345,28.62629
16372,77.28343,28.61389
16373,77.2833,28.61375
16374,77.20167,28.64357
16375,77.25756,28.57223
16376,77.15682,28.5758
16377,77.26813,28.58438
16378,77.26823,28.58416
16379,77.13276,28.56734
16380,77.17316,28.58369
16381,77.19802,28.60518
16382,77.2898,28.6197
16383,77.28882,28.61932
16384,77.2845,28.53535
16385,77.28483,28.53547
16386,77.22448,28.53145
16387,77.30148,28.63431
16388,77.12783,28.5672
16389,77.12804,28.5673
16390,77.22269,28.53117
16391,77.2527,28.57985
16392,77.28416,28.61465
16393,77.13438,28.53826
16394,77.22828,28.5538
16395,77.22825,28.55368
16396,77.31851,28.62572
16397,77.1614,28.49931
16398,77.30767,28.61245
16399,77.19566,28.57965
16400,77.11294,28.53628
16401,77.11342,28.53652
16402,77.28698,28.60572
16403,77.3094,28.62409
16404,77.30931,28.62417
16405,77.17821,28.54448
16406,77.28887,28.63338
16407,77.28904,28.63352
16408,77.2794,28.56095
16409,77.21358,28.57725
16410,77.21387,28.57794
16411,77.19509,28.53162
16412,77.17271,28.60931
16413,77.17311,28.60982
16414,77.17477,28.612
16415,77.25529,28.52172
16416,77.12438,28.54681
16417,77.17282,28.50433
16418,77.21058,28.57707
16419,77.23963,28.59193
16420,77.24385,28.58724
16421,77.28563,28.62392
16422,77.23182,28.62444
16423,77.24816,28.58675
16424,77.08115,28.51878
16425,77.08096,28.51887
16426,77.23692,28.61526
16427,77.23608,28.61489
16428,77.22956,28.59124
16429,77.30758,28.61241
16430,77.24848,28.62094
16431,77.24853,28.62079
16432,77.18104,28.55017
16433,77.18149,28.55072
16434,77.31407,28.63651
16435,77.20034,28.5961
16436,77.26599,28.57212
16437,77.26567,28.57277
16438,77.20172,28.5291
16439,77.23,28.63373
16440,77.2301,28.63368
16441,77.31569,28.64139
16442,77.31571,28.64144
16443,77.25804,28.62791
16444,77.25681,28.62791
16445,77.28181,28.53436
16446,77.17745,28.50891
16447,77.17778,28.50927
16448,77.27988,28.62667
16449,77.27285,28.5271
16450,77.21164,28.57315
16451,77.28481,28.61558
16452,77.27049,28.59037
16453,77.2706,28.59048
16454,77.23766,28.55884
16455,77.23789,28.55879
16456,77.17156,28.58956
16457,77.17192,28.58983
16458,77.17163,28.60798
16459,77.26455,28.54382
16460,77.15687,28.54079
16461,77.15676,28.54049
16462,77.18288,28.62525
16463,77.18431,28.62631
16464,77.25137,28.6115
16465,77.25135,28.61156
16466,77.20563,28.64096
16467,77.2061,28.64069
16468,77.26708,28.57042
16469,77.21802,28.63524
16470,77.21814,28.6353
16471,77.26961,28.60393
16472,77.269,28.60359
16473,77.28643,28.53628
16474,77.28665,28.53637
16475,77.21784,28.63194
16476,77.23859,28.57895
16477,77.27808,28.62091
16478,77.12313,28.55505
16479,77.12324,28.55503
16480,77.23081,28.57977
16481,77.18951,28.63371
16482,77.17247,28.59014
16483,77.13309,28.55855
16484,77.13311,28.55861
16485,77.214,28.54302
16486,77.23199,28.54152
16487,77.28837,28.49707
16488,77.22521,28.61653
16489,77.28622,28.6166
16490,77.28719,28.6172
16491,77.28772,28.61691
16492,77.09876,28.52234
16493,77.23185,28.55074
16494,77.18034,28.62398
16495,77.17871,28.6252
16496,77.25343,28.58474
16497,77.25083,28.52795
16498,77.30429,28.4872
16499,77.23599,28.58701
16500,77.18269,28.56728
16501,77.29196,28.57867
16502,77.29089,28.5782
16503,77.28804,28.61916
16504,77.17477,28.61176
16505,77.174,28.61072
16506,77.21924,28.6247
16507,77.15028,28.57434
16508,77.14911,28.57459
16509,77.25239,28.63129
16510,77.25234,28.63116
16511,77.12443,28.55483
16512,77.24594,28.61437
16513,77.24567,28.61439
16514,77.28965,28.60312
16515,77.17774,28.50907
16516,77.17769,28.50897
16517,77.12001,28.5539
16518,77.12026,28.55463
16519,77.17317,28.50444
16520,77.17526,28.50636
16521,77.22844,28.59881
16522,77.17035,28.58849
16523,77.17022,28.58837
16524,77.27177,28.56306
16525,77.27202,28.56265
16526,77.15749,28.57596
16527,77.10375,28.52993
16528,77.29939,28.63057
16529,77.17519,28.63166
16530,77.17533,28.63144
16531,77.22481,28.58171
16532,77.30345,28.49386
16533,77.2609,28.60024
16534,77.3008,28.50534
16535,77.32614,28.6015
16536,77.20814,28.57069
16537,77.29748,28.60322
16538,77.17595,28.50804
16539,77.2616,28.59995
16540,77.2609,28.59965
16541,77.28998,28.60191
16542,77.29068,28.60048
16543,77.28983,28.61784
16544,77.30448,28.48656
16545,77.29937,28.49929
16546,77.33055,28.60914
16547,77.16635,28.59583
16548,77.16639,28.59498
16549,77.28334,28.61398
16550,77.29798,28.58925
16551,77.25099,28.613
16552,77.251,28.61296
16553,77.15049,28.57431
16554,77.24929,28.52806
16555,77.32115,28.62863
16556,77.28815,28.60557
16557,77.28894,28.60392
16558,77.26181,28.55952
16559,77.12258,28.56655
16560,77.21809,28.63541
16561,77.23393,28.608
16562,77.28688,28.53664
16563,77.27541,28.53353
16564,77.20579,28.61754
16565,77.28122,28.61604
16566,77.28107,28.61629
16567,77.29861,28.64401
16568,77.29849,28.64404
16569,77.27413,28.56103
16570,77.29658,28.58969
16571,77.19141,28.62917
16572,77.19375,28.62758
16573,77.09848,28.52236
16574,77.28874,28.60337
16575,77.30016,28.62171
16576,77.30019,28.62164
16577,77.21894,28.62171
16578,77.21899,28.62221
16579,77.24011,28.58465
16580,77.24093,28.54243
16581,77.24067,28.54232
16582,77.22288,28.62706
16583,77.22955,28.59133
16584,77.29685,28.51495
16585,77.30038,28.61999
16586,77.3334,28.60585
16587,77.33329,28.60598
16588,77.20891,28.63911
16589,77.22378,28.555
16590,77.2656,28.57729
16591,77.29425,28.59695
16592,77.13105,28.55323
16593,77.13123,28.55318
16594,77.10749,28.54603
16595,77.23003,28.58302
16596,77.23004,28.58313
16597,77.30598,28.62016
16598,77.16841,28.59081
16599,77.1688,28.56144
16600,77.16872,28.56154
16601,77.29945,28.63064
16602,77.30512,28.62516
16603,77.24001,28.61677
16604,77.24026,28.61686
16605,77.22495,28.5681
16606,77.19526,28.54634
16607,77.18421,28.56903
16608,77.25697,28.57424
16609,77.20703,28.63998
16610,77.21808,28.64435
16611,77.21925,28.64455
16612,77.26371,28.5831
16613,77.18954,28.63374
16614,77.25111,28.51182
16615,77.23246,28.56006
16616,77.25048,28.61295
16617,77.25069,28.61299
16618,77.17171,28.60822
16619,77.20273,28.5799
16620,77.20964,28.62094
16621,77.29883,28.59873
16622,77.2993,28.59891
16623,77.22918,28.60084
16624,77.27339,28.62827
16625,77.30878,28.62482
16626,77.22119,28.54259
16627,77.22166,28.54255
16628,77.22822,28.61801
16629,77.23331,28.55976
16630,77.20961,28.5729
16631,77.27799,28.60845
16632,77.27806,28.6085
16633,77.21355,28.52899
16634,77.21851,28.61652
16635,77.28202,28.61542
16636,77.28272,28.61522
16637,77.25599,28.57082
16638,77.19566,28.57959
16639,77.15739,28.59063
16640,77.15797,28.59088
16641,77.09448,28.53773
16642,77.1077,28.53546
16643,77.16811,28.58835
16644,77.16777,28.58818
16645,77.20895,28.54453
16646,77.20271,28.52054
16647,77.23395,28.56563
16648,77.22728,28.60755
16649,77.25806,28.62825
16650,77.25923,28.62825
16651,77.15691,28.57571
16652,77.1567,28.57558
16653,77.24012,28.61668
16654,77.25292,28.5153
16655,77.25266,28.51458
16656,77.17649,28.50368
16657,77.18937,28.56942
16658,77.31671,28.64422
16659,77.31678,28.64442
16660,77.18638,28.51402
16661,77.21264,28.59164
16662,77.28832,28.60463
16663,77.28816,28.60495
16664,77.2204,28.57716
16665,77.22124,28.57786
16666,77.2402,28.62095
16667,77.30903,28.62452
16668,77.30898,28.62451
16669,77.2253,28.63246
16670,77.14316,28.57564
16671,77.16406,28.59339
16672,77.16425,28.59348
16673,77.17733,28.54781
16674,77.26204,28.53966
16675,77.28303,28.57247
16676,77.25136,28.61187
16677,77.25142,28.6117
16678,77.20553,28.64082
16679,77.18305,28.54171
16680,77.18217,28.54226
16681,77.22964,28.58624
16682,77.24015,28.61519
16683,77.27004,28.63376
16684,77.27526,28.56104
16685,77.24038,28.62512
16686,77.232,28.53079
16687,77.19945,28.63277
16688,77.26736,28.58542
16689,77.26747,28.58552
16690,77.19705,28.59551
16691,77.16912,28.58978
16692,77.23124,28.56039
16693,77.23117,28.56028
16694,77.22048,28.57712
16695,77.2203,28.57699
16696,77.22408,28.58774
16697,77.22537,28.63243
16698,77.32062,28.61464
16699,77.19993,28.56986
16700,77.24039,28.62207
16701,77.24054,28.62206
16702,77.17349,28.53729
16703,77.17366,28.53755
16704,77.18713,28.62969
16705,77.2397,28.55795
16706,77.24076,28.6242
16707,77.20137,28.64351
16708,77.24997,28.56557
16709,77.24992,28.56557
16710,77.26754,28.60343
16711,77.2695,28.60408
16712,77.1194,28.55173
16713,77.11994,28.55363
16714,77.1626,28.57098
16715,77.16168,28.57228
16716,77.29761,28.51308
16717,77.24191,28.51236
16718,77.2424,28.51234
16719,77.24985,28.56557
16720,77.24905,28.56552
16721,77.10701,28.53305
16722,77.10681,28.53295
16723,77.2404,28.61657
16724,77.24036,28.61633
16725,77.28739,28.61731
16726,77.33339,28.60604
16727,77.25024,28.54607
16728,77.30905,28.6244
16729,77.29903,28.59038
16730,77.12874,28.55407
16731,77.21931,28.62562
16732,77.24085,28.63611
16733,77.30923,28.63593
16734,77.3091,28.62442
16735,77.16184,28.57241
16736,77.16193,28.57228
16737,77.12682,28.56134
16738,77.23879,28.55838
16739,77.23869,28.55841
16740,77.26911,28.64337
16741,77.24025,28.61655
16742,77.22354,28.64621
16743,77.28351,28.61281
16744,77.28041,28.60039
16745,77.28058,28.6004
16746,77.15589,28.52633
16747,77.18923,28.58673
16748,77.28917,28.48615
16749,77.3205,28.61487
16750,77.32069,28.61473
16751,77.13317,28.55288
16752,77.13388,28.5517
16753,77.28088,28.57172
16754,77.28287,28.5724
16755,77.32067,28.60783
16756,77.17735,28.57658
16757,77.20284,28.62253
16758,77.30471,28.48769
16759,77.17701,28.62026
16760,77.24173,28.5961
16761,77.23982,28.54217
16762,77.23278,28.56327
16763,77.22951,28.57784
16764,77.18885,28.56047
16765,77.13412,28.56962
16766,77.12099,28.54522
16767,77.11108,28.53548
16768,77.26322,28.5251
16769,77.31716,28.62756
16770,77.31723,28.62757
16771,77.28237,28.61265
16772,77.2822,28.61246
16773,77.30976,28.61808
16774,77.21905,28.6217
16775,77.16852,28.59088
16776,77.28643,28.53624
16777,77.16646,28.59455
16778,77.31499,28.61312
16779,77.14429,28.5852
16780,77.29296,28.53887
16781,77.29294,28.53881
16782,77.1686,28.56212
16783,77.28662,28.53632
16784,77.29209,28.61893
16785,77.29282,28.61892
16786,77.31854,28.61408
16787,77.23667,28.58077
16788,77.23543,28.57981
16789,77.26537,28.54163
16790,77.2046,28.59662
16791,77.20471,28.59661
16792,77.28807,28.60512
16793,77.28769,28.60587
16794,77.15593,28.52661
16795,77.31677,28.62746
16796,77.31684,28.62748
16797,77.18229,28.55158
16798,77.24009,28.60969
16799,77.24702,28.6147
16800,77.24647,28.61446
16801,77.22556,28.61599
16802,77.26565,28.60246
16803,77.22613,28.62895
16804,77.2292,28.54739
16805,77.22962,28.5465
16806,77.21666,28.62111
16807,77.26109,28.60033
16808,77.26141,28.60011
16809,77.17567,28.63006
16810,77.23276,28.64197
16811,77.13348,28.55846
16812,77.13346,28.55838
16813,77.18492,28.58608
16814,77.21963,28.57732
16815,77.24759,28.61494
16816,77.24733,28.61483
16817,77.26525,28.5544
16818,77.26531,28.55449
16819,77.30512,28.62508
16820,77.32367,28.6042
16821,77.24902,28.56561
16822,77.22226,28.57918
16823,77.2114,28.55258
16824,77.25616,28.5709
16825,77.23629,28.61
16826,77.13666,28.53793
16827,77.13638,28.53797
16828,77.20246,28.62504
16829,77.21177,28.60586
16830,77.2263,28.64171
16831,77.12815,28.55431
16832,77.2584,28.58976
16833,77.24139,28.61652
16834,77.24106,28.61665
16835,77.19104,28.5818
16836,77.25659,28.57117
16837,77.25655,28.57113
16838,77.22906,28.54769
16839,77.25364,28.51767
16840,77.28581,28.5346
16841,77.28593,28.53454
16842,77.31038,28.54349
16843,77.23221,28.55718
16844,77.26907,28.55759
16845,77.2118,28.61021
16846,77.24011,28.59217
16847,77.28603,28.53449
16848,77.11856,28.54919
16849,77.28099,28.57613
16850,77.28726,28.57681
16851,77.1681,28.52226
16852,77.16997,28.58854
16853,77.22367,28.64463
16854,77.26318,28.52511
16855,77.21585,28.64438
16856,77.17395,28.53799
16857,77.12555,28.54804
16858,77.24114,28.62112
16859,77.28958,28.6024
16860,77.29042,28.60074
16861,77.10199,28.52764
16862,77.10286,28.52884
16863,77.24389,28.52933
16864,77.23204,28.56014
16865,77.28735,28.61729
16866,77.25013,28.61655
16867,77.24992,28.61642
16868,77.13396,28.56895
16869,77.2867,28.49304
16870,77.24518,28.63965
16871,77.23269,28.592
16872,77.23505,28.56878
16873,77.24676,28.61234
16874,77.15974,28.57517
16875,77.26359,28.58335
16876,77.11661,28.53971
16877,77.2851,28.62105
16878,77.28768,28.57684
16879,77.23214,28.63248
16880,77.27011,28.58994
16881,77.27022,28.59006
16882,77.295,28.62171
16883,77.3166,28.62713
16884,77.26799,28.53556
16885,77.20382,28.62196
16886,77.20505,28.62124
16887,77.22192,28.53099
16888,77.1605,28.59179
16889,77.2887,28.57313
16890,77.29249,28.56895
16891,77.28232,28.61313
16892,77.28306,28.61407
16893,77.14765,28.58614
16894,77.14732,28.58586
16895,77.20655,28.5196
16896,77.27157,28.52871
16897,77.32865,28.63105
16898,77.24631,28.61417
16899,77.24623,28.61413
16900,77.29618,28.58032
16901,77.21736,28.53988
16902,77.23113,28.60947
16903,77.33481,28.60422
16904,77.12206,28.5664
16905,77.18042,28.60221
16906,77.17832,28.55432
16907,77.17859,28.55414
16908,77.27391,28.60594
16909,77.22687,28.58489
16910,77.28578,28.56235
16911,77.21874,28.61674
16912,77.31891,28.63905
16913,77.26975,28.60406
16914,77.31326,28.62617
16915,77.31345,28.62623
16916,77.15467,28.5386
16917,77.1307,28.55317
16918,77.14268,28.57551
16919,77.26567,28.57294
16920,77.26574,28.57279
16921,77.33352,28.60589
16922,77.22858,28.59824
16923,77.30983,28.62375
16924,77.26052,28.58516
16925,77.10191,28.52752
16926,77.31635,28.64321
16927,77.31665,28.64404
16928,77.13249,28.54171
16929,77.2548,28.55733
16930,77.25132,28.58644
16931,77.20891,28.54315
16932,77.10467,28.53127
16933,77.10515,28.53192
16934,77.23998,28.61636
16935,77.24013,28.61651
16936,77.2317,28.62126
16937,77.20209,28.61743
16938,77.28607,28.62969
16939,77.28354,28.61249
16940,77.22007,28.57693
16941,77.22015,28.57698
16942,77.21848,28.62028
16943,77.22377,28.64465
16944,77.28467,28.61547
16945,77.1558,28.52431
16946,77.25177,28.62813
16947,77.18474,28.55161
16948,77.22673,28.516
16949,77.2994,28.62099
16950,77.25961,28.58614
16951,77.09872,28.52216
16952,77.1697,28.58916
16953,77.17639,28.61775
16954,77.22878,28.55392
16955,77.15929,28.57547
16956,77.28302,28.61363
16957,77.28322,28.61385
16958,77.31507,28.63962
16959,77.22444,28.53157
16960,77.1703,28.58866
16961,77.25627,28.59714
16962,77.23105,28.56032
16963,77.2312,28.5604
16964,77.23847,28.57895
16965,77.23847,28.57926
16966,77.21613,28.56894
16967,77.21665,28.56892
16968,77.19553,28.53146
16969,77.16202,28.57216
16970,77.23088,28.63322
16971,77.16433,28.59333
16972,77.29887,28.59865
16973,77.21366,28.52892
16974,77.22142,28.57808
16975,77.15969,28.57513
16976,77.24099,28.58731
16977,77.25685,28.62825
16978,77.28824,28.60509
16979,77.28896,28.60364
16980,77.23033,28.57983
16981,77.09867,28.5224
16982,77.09961,28.52381
16983,77.24154,28.51231
16984,77.22146,28.57831
16985,77.22156,28.57842
16986,77.19946,28.56707
16987,77.20531,28.62962
16988,77.20524,28.62842
16989,77.24004,28.59275
16990,77.24001,28.59226
16991,77.28056,28.61706
16992,77.28049,28.61716
16993,77.17048,28.60518
16994,77.17029,28.60484
16995,77.3182,28.62768
16996,77.11121,28.53555
16997,77.11161,28.53559
16998,77.226,28.62919
16999,77.30008,28.62187
17000,77.28875,28.48842
17001,77.2295,28.57881
17002,77.22057,28.64465
17003,77.21999,28.64456
17004,77.25144,28.61164
17005,77.09344,28.51402
17006,77.09336,28.51371
17007,77.29358,28.58675
17008,77.21547,28.51795
17009,77.18205,28.55181
17010,77.26194,28.58235
17011,77.28131,28.61611
17012,77.28506,28.62097
17013,77.22215,28.56129
17014,77.22224,28.5614
17015,77.17743,28.62618
17016,77.17763,28.62594
17017,77.19942,28.53029
17018,77.26505,28.58379
17019,77.26574,28.58413
17020,77.17359,28.58296
17021,77.17379,28.58261
17022,77.28354,28.53855
17023,77.28433,28.53738
17024,77.16247,28.57237
17025,77.17028,28.58827
17026,77.24046,28.61723
17027,77.24045,28.61717
17028,77.20533,28.63364
17029,77.24046,28.61733
17030,77.23094,28.64253
17031,77.2529,28.58897
17032,77.17569,28.5793
17033,77.28531,28.535
17034,77.26891,28.53332
17035,77.19005,28.63213
17036,77.18981,28.63291
17037,77.20531,28.64105
17038,77.16639,28.58563
17039,77.27096,28.52895
17040,77.28927,28.60301
17041,77.23287,28.63194
17042,77.23208,28.6324
17043,77.17562,28.63003
17044,77.17557,28.63042
17045,77.31354,28.62637
17046,77.25129,28.6121
17047,77.20604,28.61761
17048,77.09269,28.51098
17049,77.223,28.58005
17050,77.2972,28.58883
17051,77.24294,28.61275
17052,77.24333,28.6127
17053,77.20117,28.62351
17054,77.29852,28.58028
17055,77.29391,28.58455
17056,77.32375,28.60427
17057,77.29084,28.57835
17058,77.29198,28.57883
17059,77.30297,28.54286
17060,77.23127,28.63829
17061,77.13279,28.53884
17062,77.13193,28.53941
17063,77.19381,28.6274
17064,77.19371,28.62746
17065,77.2639,28.58315
17066,77.2823,28.62432
17067,77.28215,28.62448
17068,77.11975,28.54838
17069,77.09381,28.51515
17070,77.25179,28.56589
17071,77.25009,28.56558
17072,77.20592,28.53316
17073,77.25683,28.56047
17074,77.23082,28.63313
17075,77.32317,28.62952
17076,77.16727,28.59972
17077,77.30887,28.62485
17078,77.18883,28.56968
17079,77.18882,28.56964
17080,77.22025,28.57706
17081,77.24999,28.54067
17082,77.28439,28.5373
17083,77.2136,28.57593
17084,77.21351,28.57596
17085,77.2117,28.58004
17086,77.19091,28.62971
17087,77.19079,28.62995
17088,77.29255,28.63615
17089,77.29703,28.58871
17090,77.22928,28.52282
17091,77.22398,28.55488
17092,77.22376,28.55492
17093,77.31701,28.64447
17094,77.13205,28.55532
17095,77.13209,28.55535
17096,77.24534,28.62814
17097,77.2191,28.62432
17098,77.21912,28.62458
17099,77.24903,28.61228
17100,77.28677,28.49358
17101,77.2868,28.49365
17102,77.2408,28.5853
17103,77.27127,28.57772
17104,77.27221,28.57614
17105,77.25353,28.51697
17106,77.27378,28.62781
17107,77.23436,28.61076
17108,77.23397,28.61068
17109,77.24834,28.62083
17110,77.26624,28.58146
17111,77.12485,28.54746
17112,77.26771,28.53624
17113,77.22264,28.54225
17114,77.23176,28.55305
17115,77.23176,28.55315
17116,77.31263,28.61891
17117,77.31281,28.61897
17118,77.1619,28.57222
17119,77.16196,28.57225
17120,77.23847,28.57887
17121,77.20506,28.64634
17122,77.18049,28.50254
17123,77.30452,28.4895
17124,77.18201,28.55177
17125,77.22894,28.55559
17126,77.13205,28.55289
17127,77.13189,28.55291
17128,77.31761,28.62759
17129,77.16198,28.57222
17130,77.162,28.5722
17131,77.14853,28.58678
17132,77.16804,28.58846
17133,77.1682,28.58853
17134,77.27615,28.52241
17135,77.24095,28.63172
17136,77.24383,28.52926
17137,77.11371,28.53633
17138,77.28784,28.60582
17139,77.23623,28.5709
17140,77.16829,28.52261
17141,77.19641,28.60355
17142,77.29832,28.59756
17143,77.29835,28.5975
17144,77.26047,28.60027
17145,77.26087,28.60047
17146,77.26547,28.5841
17147,77.21004,28.55656
17148,77.25932,28.57313
17149,77.19939,28.56772
17150,77.24725,28.6148
17151,77.2259,28.59083
17152,77.25009,28.56562
17153,77.28592,28.63422
17154,77.28661,28.49304
17155,77.24014,28.61486
17156,77.26775,28.55595
17157,77.18694,28.55788
17158,77.25838,28.58982
17159,77.25818,28.5904
17160,77.22705,28.54203
17161,77.25001,28.61613
17162,77.27669,28.60738
17163,77.27814,28.6084
17164,77.20959,28.62831
17165,77.20591,28.53306
17166,77.2562,28.59659
17167,77.14711,28.53039
17168,77.2341,28.56531
17169,77.21999,28.57688
17170,77.20194,28.6248
17171,77.17121,28.55934
17172,77.23209,28.53358
17173,77.27705,28.59885
17174,77.2774,28.59911
17175,77.20852,28.62814
17176,77.20822,28.62872
17177,77.20308,28.64289
17178,77.28019,28.60035
17179,77.27757,28.57824
17180,77.22005,28.56874
17181,77.18233,28.55168
17182,77.32064,28.60775
17183,77.32029,28.60825
17184,77.22937,28.57783
17185,77.29998,28.62109
17186,77.20893,28.54363
17187,77.288,28.48893
17188,77.26935,28.56093
17189,77.25959,28.62818
17190,77.09252,28.51328
17191,77.10935,28.5346
17192,77.10947,28.53466
17193,77.19935,28.56896
17194,77.25959,28.62825
17195,77.28932,28.60169
17196,77.20163,28.62476
17197,77.29148,28.59867
17198,77.12321,28.56946
17199,77.19889,28.60556
17200,77.1989,28.60627
17201,77.28947,28.60235
17202,77.23129,28.56031
17203,77.20722,28.64008
17204,77.18897,28.56413
17205,77.15031,28.57452
17206,77.15053,28.57448
17207,77.17319,28.58363
17208,77.27087,28.6433
17209,77.25676,28.56046
17210,77.1951,28.54627
17211,77.17691,28.60545
17212,77.1805,28.60228
17213,77.30963,28.54396
17214,77.30978,28.54387
17215,77.25281,28.58893
17216,77.22809,28.55325
17217,77.22812,28.55369
17218,77.26207,28.53955
17219,77.1664,28.5016
17220,77.14625,28.58428
17221,77.14605,28.58354
17222,77.16626,28.58566
17223,77.1706,28.60555
17224,77.17077,28.60589
17225,77.23177,28.55094
17226,77.23188,28.55084
17227,77.24694,28.55209
17228,77.16274,28.57101
17229,77.16252,28.57134
17230,77.21908,28.62206
17231,77.13659,28.58411
17232,77.24936,28.61711
17233,77.24935,28.61732
17234,77.24029,28.61519
17235,77.20732,28.59637
17236,77.13085,28.55192
17237,77.13053,28.55165
17238,77.28289,28.61517
17239,77.2295,28.56622
17240,77.20587,28.62043
17241,77.08043,28.51807
17242,77.25192,28.5118
17243,77.2661,28.58143
17244,77.28336,28.53497
17245,77.28375,28.53512
17246,77.27533,28.54966
17247,77.11271,28.55057
17248,77.23128,28.56045
17249,77.24725,28.54216
17250,77.23236,28.64214
17251,77.18994,28.63441
17252,77.1905,28.63504
17253,77.15434,28.52551
17254,77.23974,28.59217
17255,77.25062,28.61415
17256,77.25085,28.61347
17257,77.12238,28.5667
17258,77.20059,28.5634
17259,77.31884,28.6391
17260,77.1222,28.57003
17261,77.12252,28.56978
17262,77.201,28.6236
17263,77.24048,28.61999
17264,77.21923,28.62458
17265,77.21921,28.62431
17266,77.2769,28.59873
17267,77.20854,28.64127
17268,77.25222,28.6312
17269,77.30468,28.48753
17270,77.26597,28.60192
17271,77.24607,28.61439
17272,77.21318,28.61693
17273,77.25087,28.613
17274,77.20532,28.63391
17275,77.16868,28.56159
17276,77.20142,28.52073
17277,77.20138,28.52074
17278,77.25962,28.62792
17279,77.25449,28.60211
17280,77.24111,28.61685
17281,77.2416,28.61665
17282,77.18038,28.62389
17283,77.09283,28.51069
17284,77.18427,28.57007
17285,77.1238,28.54687
17286,77.24997,28.61626
17287,77.30037,28.62196
17288,77.3017,28.62241
17289,77.28413,28.53523
17290,77.28441,28.53532
17291,77.28358,28.6008
17292,77.2847,28.60097
17293,77.22264,28.54235
17294,77.29151,28.64372
17295,77.16813,28.52252
17296,77.19897,28.60711
17297,77.19898,28.60719
17298,77.25001,28.52866
17299,77.25007,28.52925
17300,77.21485,28.52906
17301,77.11772,28.54947
17302,77.18336,28.60341
17303,77.16861,28.56167
17304,77.20947,28.57367
17305,77.29656,28.62069
17306,77.21913,28.62471
17307,77.19391,28.53106
17308,77.21856,28.61661
17309,77.24551,28.61416
17310,77.17838,28.50302
17311,77.13666,28.53801
17312,77.22999,28.52391
17313,77.20923,28.57247
17314,77.28737,28.61734
17315,77.32324,28.60475
17316,77.24126,28.62681
17317,77.2536,28.56825
17318,77.12216,28.56701
17319,77.23785,28.61563
17320,77.23728,28.51314
17321,77.26898,28.64339
17322,77.23174,28.5512
17323,77.2884,28.60382
17324,77.22636,28.64166
17325,77.28472,28.53679
17326,77.2847,28.5367
17327,77.23706,28.62952
17328,77.2351,28.63066
17329,77.19405,28.53101
17330,77.19441,28.63967
17331,77.19436,28.63958
17332,77.2965,28.62053
17333,77.18158,28.56578
17334,77.13203,28.53955
17335,77.13291,28.53894
17336,77.25125,28.61186
17337,77.16669,28.56511
17338,77.11916,28.54407
17339,77.23538,28.59225
17340,77.23495,28.59219
17341,77.26762,28.53623
17342,77.26757,28.53634
17343,77.20661,28.56969
17344,77.17805,28.62562
17345,77.20497,28.641
17346,77.16958,28.56093
17347,77.20888,28.61533
17348,77.17486,28.61208
17349,77.29693,28.58866
17350,77.21528,28.62197
17351,77.13197,28.55317
17352,77.13211,28.55313
17353,77.28557,28.61615
17354,77.16278,28.56007
17355,77.26593,28.57243
17356,77.21856,28.6167
17357,77.21863,28.61675
17358,77.23481,28.61429
17359,77.23749,28.58251
17360,77.23808,28.58309
17361,77.27807,28.59951
17362,77.21454,28.54289
17363,77.31855,28.62604
17364,77.26488,28.55324
17365,77.23858,28.57927
17366,77.23501,28.54073
17367,77.17112,28.60653
17368,77.17986,28.54818
17369,77.17215,28.53428
17370,77.18432,28.56941
17371,77.18442,28.56961
17372,77.17657,28.50373
17373,77.25511,28.54793
17374,77.29839,28.64408
17375,77.29805,28.64413
17376,77.22181,28.57921
17377,77.28545,28.53477
17378,77.32225,28.63636
17379,77.14595,28.58597
17380,77.14627,28.58612
17381,77.2552,28.5988
17382,77.255,28.5995
17383,77.24127,28.62963
17384,77.16976,28.56076
17385,77.31078,28.54441
17386,77.23213,28.5572
17387,77.22173,28.57851
17388,77.25979,28.58612
17389,77.3045,28.4895
17390,77.24051,28.52003
17391,77.27797,28.56103
17392,77.26466,28.58262
17393,77.30554,28.62368
17394,77.26889,28.64324
17395,77.2333,28.55985
17396,77.16592,28.58472
17397,77.16618,28.58508
17398,77.28918,28.61767
17399,77.17202,28.58971
17400,77.17166,28.58945
17401,77.27838,28.62073
17402,77.27849,28.62057
17403,77.25481,28.55725
17404,77.21279,28.55424
17405,77.28746,28.61734
17406,77.28756,28.61739
17407,77.22832,28.55162
17408,77.21043,28.54992
17409,77.31834,28.61404
17410,77.20559,28.55421
17411,77.22004,28.56863
17412,77.28899,28.60293
17413,77.29798,28.63183
17414,77.13188,28.54016
17415,77.28943,28.60243
17416,77.21609,28.52504
17417,77.27145,28.52901
17418,77.22321,28.5797
17419,77.21319,28.57633
17420,77.23501,28.61062
17421,77.23821,28.58307
17422,77.22706,28.54212
17423,77.12724,28.55451
17424,77.24639,28.62805
17425,77.22166,28.57849
17426,77.24107,28.63189
17427,77.25845,28.57254
17428,77.28568,28.63627
17429,77.26783,28.5357
17430,77.20939,28.5728
17431,77.23401,28.56595
17432,77.30249,28.63978
17433,77.19229,28.5839
17434,77.18967,28.56021
17435,77.29206,28.52511
17436,77.22362,28.5632
17437,77.20021,28.60388
17438,77.19977,28.60414
17439,77.28789,28.60579
17440,77.15976,28.59175
17441,77.09323,28.51422
17442,77.22374,28.58986
17443,77.22897,28.54759
17444,77.21523,28.62192
17445,77.28548,28.61008
17446,77.20609,28.55549
17447,77.28318,28.6142
17448,77.28325,28.61427
17449,77.1434,28.57592
17450,77.24044,28.62253
17451,77.24059,28.6234
17452,77.28265,28.62396
17453,77.22466,28.64377
17454,77.1559,28.52548
17455,77.17737,28.54787
17456,77.15669,28.57565
17457,77.22502,28.57974
17458,77.22497,28.57975
17459,77.29979,28.64505
17460,77.29998,28.6452
17461,77.25956,28.56145
17462,77.18317,28.55101
17463,77.2466,28.61191
17464,77.13318,28.54653
17465,77.13307,28.54669
17466,77.17685,28.50797
17467,77.1676,28.58823
17468,77.28926,28.60338
17469,77.30894,28.62646
17470,77.21745,28.63407
17471,77.21498,28.62704
17472,77.21493,28.62706
17473,77.27047,28.53807
17474,77.14434,28.58508
17475,77.17081,28.58883
17476,77.31527,28.63957
17477,77.20742,28.56154
17478,77.16137,28.49919
17479,77.22084,28.54238
17480,77.22078,28.5425
17481,77.25486,28.60108
17482,77.22299,28.62708
17483,77.22489,28.6161
17484,77.1756,28.56728
17485,77.25428,28.58443
17486,77.25565,28.59786
17487,77.25591,28.59792
17488,77.25684,28.62817
17489,77.25805,28.62817
17490,77.26552,28.57317
17491,77.28299,28.61505
17492,77.2829,28.61507
17493,77.12426,28.54705
17494,77.20412,28.64179
17495,77.162,28.57233
17496,77.26101,28.60038
17497,77.26148,28.60059
17498,77.25201,28.56627
17499,77.23076,28.54411
17500,77.23694,28.57215
17501,77.17628,28.61753
17502,77.23015,28.58326
17503,77.2511,28.613
17504,77.24752,28.63928
17505,77.30902,28.62464
17506,77.18866,28.56242
17507,77.17709,28.55512
17508,77.17777,28.55468
17509,77.22572,28.62803
17510,77.22609,28.62846
17511,77.26727,28.5827
17512,77.26714,28.58261
17513,77.13138,28.55314
17514,77.1322,28.55532
17515,77.21265,28.62958
17516,77.21996,28.57739
17517,77.21711,28.51765
17518,77.14601,28.58387
17519,77.14625,28.58478
17520,77.15417,28.57466
17521,77.15257,28.57414
17522,77.25743,28.59307
17523,77.22371,28.56313
17524,77.31116,28.60461
17525,77.12195,28.57042
17526,77.12202,28.57028
17527,77.20285,28.64311
17528,77.29072,28.62035
17529,77.27803,28.53247
17530,77.14592,28.58356
17531,77.17406,28.53794
17532,77.17325,28.60871
17533,77.21879,28.61669
17534,77.20679,28.55794
17535,77.31159,28.60365
17536,77.31167,28.6036
17537,77.29189,28.61874
17538,77.1278,28.56718
17539,77.20986,28.55663
17540,77.23935,28.58402
17541,77.23849,28.5833
17542,77.23361,28.58893
17543,77.16058,28.59172
17544,77.17663,28.50767
17545,77.27598,28.60715
17546,77.27647,28.60741
17547,77.19153,28.61905
17548,77.19272,28.62034
17549,77.25276,28.63255
17550,77.13206,28.55528
17551,77.24227,28.64007
17552,77.2361,28.52584
17553,77.31944,28.6387
17554,77.24901,28.61241
17555,77.24915,28.61245
17556,77.28313,28.61414
17557,77.28315,28.61423
17558,77.23639,28.57074
17559,77.27473,28.60673
17560,77.23392,28.61066
17561,77.24242,28.61588
17562,77.24218,28.61602
17563,77.24077,28.62335
17564,77.24058,28.62252
17565,77.32067,28.6377
17566,77.31602,28.62707
17567,77.31027,28.54375
17568,77.21437,28.57891
17569,77.16957,28.58913
17570,77.20332,28.6383
17571,77.25097,28.62821
17572,77.18557,28.50453
17573,77.27317,28.62695
17574,77.27326,28.62694
17575,77.13436,28.53819
17576,77.29306,28.5965
17577,77.19994,28.56982
17578,77.25187,28.51189
17579,77.20462,28.59655
17580,77.20434,28.59656
17581,77.27858,28.62057
17582,77.14574,28.58287
17583,77.25288,28.63252
17584,77.13379,28.53829
17585,77.13304,28.53868
17586,77.26995,28.58977
17587,77.19924,28.60445
17588,77.29056,28.61856
17589,77.29159,28.61891
17590,77.13243,28.55512
17591,77.1318,28.55347
17592,77.25611,28.57102
17593,77.28767,28.61674
17594,77.28642,28.53616
17595,77.25214,28.56618
17596,77.22782,28.6149
17597,77.26393,28.58313
17598,77.17072,28.58894
17599,77.25147,28.61154
17600,77.23688,28.57205
17601,77.31587,28.64128
17602,77.31684,28.644
17603,77.19081,28.53872
17604,77.21425,28.62252
17605,77.24061,28.61651
17606,77.24074,28.61635
17607,77.17807,28.55448
17608,77.28911,28.4855
17609,77.28917,28.4861
17610,77.15213,28.57406
17611,77.26316,28.58283
17612,77.2404,28.61908
17613,77.28936,28.60316
17614,77.22839,28.55435
17615,77.22865,28.55495
17616,77.24745,28.61219
17617,77.15699,28.54094
17618,77.12663,28.55437
17619,77.24006,28.61666
17620,77.28728,28.60666
17621,77.23689,28.57147
17622,77.23685,28.57141
17623,77.29202,28.57885
17624,77.16989,28.58887
17625,77.14249,28.5751
17626,77.26519,28.60157
17627,77.22541,28.61616
17628,77.22762,28.64382
17629,77.23172,28.63261
17630,77.21873,28.61656
17631,77.24003,28.58472
17632,77.18635,28.62844
17633,77.18125,28.62401
17634,77.27599,28.60702
17635,77.27604,28.60705
17636,77.25552,28.57597
17637,77.28577,28.53447
17638,77.09858,28.52228
17639,77.29673,28.59781
17640,77.29642,28.59769
17641,77.2319,28.6244
17642,77.24008,28.61501
17643,77.25825,28.5724
17644,77.25697,28.57148
17645,77.2386,28.58004
17646,77.20142,28.52085
17647,77.26076,28.59959
17648,77.1596,28.51884
17649,77.16644,28.5015
17650,77.31864,28.62589
17651,77.25537,28.59955
17652,77.24021,28.62518
17653,77.20979,28.57917
17654,77.28903,28.63339
17655,77.2981,28.58921
17656,77.29806,28.58916
17657,77.17919,28.56364
17658,77.22403,28.58766
17659,77.31159,28.61267
17660,77.15482,28.52952
17661,77.13344,28.54621
17662,77.20935,28.57245
17663,77.11042,28.53515
17664,77.24043,28.61689
17665,77.11246,28.53568
17666,77.23409,28.61077
17667,77.14719,28.58645
17668,77.14799,28.58685
17669,77.21429,28.62257
17670,77.21446,28.62247
17671,77.28454,28.53524
17672,77.22955,28.57965
17673,77.22954,28.57955
17674,77.18191,28.5022
17675,77.181,28.50245
17676,77.19964,28.63288
17677,77.26053,28.60016
17678,77.26087,28.60032
17679,77.22855,28.60925
17680,77.29842,28.58011
17681,77.29624,28.58017
17682,77.17459,28.63183
17683,77.21689,28.6289
17684,77.22905,28.55555
17685,77.22891,28.55525
17686,77.24998,28.56523
17687,77.18752,28.56278
17688,77.26292,28.54954
17689,77.31092,28.62525
17690,77.20189,28.62488
17691,77.29698,28.515
17692,77.24935,28.61766
17693,77.26101,28.59992
17694,77.26898,28.64343
17695,77.18888,28.56054
17696,77.28603,28.63422
17697,77.21221,28.62376
17698,77.24189,28.51228
17699,77.22864,28.54833
17700,77.18743,28.56272
17701,77.22854,28.5492
17702,77.2933,28.63673
17703,77.22752,28.63503
17704,77.15737,28.52255
17705,77.20121,28.5208
17706,77.24135,28.59626
17707,77.20529,28.64083
17708,77.30077,28.54207
17709,77.15933,28.57544
17710,77.15967,28.57522
17711,77.26991,28.63375
17712,77.28402,28.53526
17713,77.23001,28.58294
17714,77.3004,28.62158
17715,77.30023,28.62153
17716,77.11507,28.5374
17717,77.17037,28.56005
17718,77.16967,28.56068
17719,77.23111,28.56041
17720,77.23126,28.56064
17721,77.2985,28.63248
17722,77.20679,28.55774
17723,77.23292,28.63203
17724,77.23455,28.63109
17725,77.14624,28.58598
17726,77.29632,28.59775
17727,77.25463,28.63491
17728,77.19933,28.56978
17729,77.19911,28.53936
17730,77.30928,28.62657
17731,77.30952,28.62664
17732,77.2426,28.61278
17733,77.21363,28.54314
17734,77.29665,28.59788
17735,77.22364,28.64624
17736,77.22366,28.64553
17737,77.22643,28.64175
17738,77.23183,28.54165
17739,77.29386,28.58466
17740,77.25236,28.63152
17741,77.27205,28.52803
17742,77.15658,28.59359
17743,77.10171,28.52724
17744,77.28409,28.5353
17745,77.23442,28.5407
17746,77.21976,28.57663
17747,77.21848,28.57578
17748,77.16018,28.57467
17749,77.24065,28.61673
17750,77.24054,28.61673
17751,77.14838,28.587
17752,77.15098,28.58806
17753,77.20885,28.61544
17754,77.15681,28.57587
17755,77.23242,28.64218
17756,77.27693,28.62984
17757,77.17597,28.62823
17758,77.12217,28.56695
17759,77.3169,28.64417
17760,77.23825,28.55852
17761,77.22843,28.63463
17762,77.22883,28.63439
17763,77.21042,28.54989
17764,77.20484,28.52789
17765,77.11782,28.54944
17766,77.20511,28.62842
17767,77.27564,28.62449
17768,77.18203,28.55879
17769,77.23463,28.61457
17770,77.23487,28.61457
17771,77.28319,28.61435
17772,77.2223,28.5425
17773,77.25337,28.63512
17774,77.25245,28.63523
17775,77.19902,28.6083
17776,77.19912,28.60956
17777,77.23099,28.5916
17778,77.28317,28.61344
17779,77.28319,28.61342
17780,77.22594,28.59074
17781,77.16849,28.56207
17782,77.20682,28.55782
17783,77.30024,28.62896
17784,77.3004,28.62868
17785,77.2922,28.5251
17786,77.28991,28.57796
17787,77.14638,28.58584
17788,77.15664,28.59367
17789,77.25742,28.5821
17790,77.25714,28.58217
17791,77.24027,28.61474
17792,77.29814,28.49912
17793,77.1733,28.60879
17794,77.2539,28.56889
17795,77.31668,28.62704
17796,77.28921,28.48545
17797,77.23145,28.56564
17798,77.22939,28.56615
17799,77.23489,28.61438
17800,77.09357,28.51506
17801,77.09408,28.51587
17802,77.26861,28.58701
17803,77.26864,28.58713
17804,77.23126,28.63813
17805,77.25347,28.58518
17806,77.16043,28.54532
17807,77.27334,28.57486
17808,77.24289,28.61245
17809,77.21878,28.60751
17810,77.19974,28.61759
17811,77.29553,28.5915
17812,77.25268,28.56663
17813,77.1736,28.53724
17814,77.15587,28.561
17815,77.15582,28.56097
17816,77.30443,28.4872
17817,77.2317,28.55233
17818,77.31605,28.64237
17819,77.17039,28.58852
17820,77.26535,28.58403
17821,77.28167,28.61185
17822,77.28093,28.61104
17823,77.26895,28.58845
17824,77.19883,28.60509
17825,77.27391,28.60636
17826,77.28715,28.60563
17827,77.28717,28.60583
17828,77.28624,28.60893
17829,77.28705,28.60748
17830,77.25246,28.63534
17831,77.18628,28.51409
17832,77.24985,28.61619
17833,77.24984,28.61625
17834,77.17786,28.50929
17835,77.17803,28.50934
17836,77.22906,28.54189
17837,77.19788,28.53093
17838,77.23981,28.60934
17839,77.18411,28.56907
17840,77.27034,28.57911
17841,77.18852,28.56241
17842,77.18852,28.56245
17843,77.21205,28.53894
17844,77.20688,28.62085
17845,77.19161,28.54738
17846,77.21671,28.62117
17847,77.1133,28.53612
17848,77.27667,28.59853
17849,77.30024,28.62192
17850,77.24635,28.6279
17851,77.25681,28.59878
17852,77.23011,28.58267
17853,77.23212,28.54149
17854,77.27451,28.59555
17855,77.27587,28.59766
17856,77.15059,28.57429
17857,77.12816,28.55644
17858,77.30801,28.62429
17859,77.26947,28.58046
17860,77.23153,28.54218
17861,77.29398,28.59675
17862,77.2061,28.55503
17863,77.32711,28.63057
17864,77.20404,28.51295
17865,77.24675,28.58843
17866,77.24121,28.63606
17867,77.20376,28.62199
17868,77.09793,28.52099
17869,77.23499,28.61075
17870,77.19965,28.53022
17871,77.23278,28.52308
17872,77.32105,28.61436
17873,77.20803,28.56914
17874,77.20621,28.61757
17875,77.28311,28.61352
17876,77.21461,28.62701
17877,77.22272,28.53105
17878,77.22196,28.53088
17879,77.25642,28.59592
17880,77.25854,28.58197
17881,77.31305,28.6262
17882,77.28565,28.53737
17883,77.23546,28.59235
17884,77.12249,28.56656
17885,77.2115,28.55253
17886,77.26289,28.54961
17887,77.15333,28.53606
17888,77.21555,28.52674
17889,77.19734,28.64566
17890,77.22484,28.62727
17891,77.09316,28.51409
17892,77.17879,28.54544
17893,77.12426,28.56914
17894,77.33083,28.60883
17895,77.25688,28.57436
17896,77.1625,28.57239
17897,77.23848,28.58343
17898,77.23942,28.58421
17899,77.2691,28.64344
17900,77.21708,28.63432
17901,77.09289,28.51398
17902,77.25916,28.62817
17903,77.25923,28.62817
17904,77.22157,28.5783
17905,77.2393,28.51283
17906,77.1804,28.50264
17907,77.2836,28.61288
17908,77.22132,28.57814
17909,77.20525,28.64639
17910,77.21491,28.52936
17911,77.20608,28.6188
17912,77.2179,28.5403
17913,77.15299,28.53532
17914,77.15288,28.53517
17915,77.23151,28.56103
17916,77.23178,28.5614
17917,77.30263,28.62272
17918,77.18059,28.60226
17919,77.28468,28.53659
17920,77.30805,28.6242
17921,77.22922,28.54706
17922,77.17825,28.62552
17923,77.25456,28.63482
17924,77.24517,28.63954
17925,77.2207,28.54263
17926,77.25276,28.63847
17927,77.18476,28.4995
17928,77.13357,28.55073
17929,77.19809,28.56955
17930,77.21462,28.51804
17931,77.20022,28.5421
17932,77.19969,28.541
17933,77.25081,28.62821
17934,77.29897,28.59043
17935,77.23385,28.60796
17936,77.18054,28.60224
17937,77.10927,28.53456
17938,77.24029,28.54218
17939,77.23988,28.54201
17940,77.20248,28.63685
17941,77.20296,28.63773
17942,77.28351,28.53598
17943,77.2592,28.59975
17944,77.27745,28.57815
17945,77.23201,28.53099
17946,77.27255,28.62972
17947,77.23608,28.59234
17948,77.23135,28.64027
17949,77.27825,28.62068
17950,77.24027,28.61456
17951,77.1226,28.54569
17952,77.28213,28.53449
17953,77.28251,28.53464
17954,77.23878,28.58732
17955,77.18852,28.56981
17956,77.20216,28.6363
17957,77.24039,28.61262
17958,77.29045,28.6004
17959,77.2903,28.6007
17960,77.24673,28.61201
17961,77.12678,28.5679
17962,77.20091,28.56977
17963,77.17644,28.61849
17964,77.17813,28.62558
17965,77.11768,28.54141
17966,77.17008,28.58859
17967,77.21706,28.51752
17968,77.13089,28.55479
17969,77.13134,28.55486
17970,77.14493,28.58522
17971,77.1558,28.56103
17972,77.15583,28.56104
17973,77.29774,28.60553
17974,77.26782,28.55467
17975,77.19938,28.56806
17976,77.20955,28.54743
17977,77.20893,28.54354
17978,77.282,28.61275
17979,77.11642,28.53861
17980,77.22441,28.55478
17981,77.2242,28.55483
17982,77.1852,28.50683
17983,77.24763,28.61216
17984,77.20325,28.63833
17985,77.2202,28.57703
17986,77.25323,28.62787
17987,77.22263,28.63151
17988,77.27599,28.60689
17989,77.09381,28.509
17990,77.25173,28.628
17991,77.25914,28.57324
17992,77.20651,28.62075
17993,77.28766,28.60329
17994,77.28819,28.60275
17995,77.30462,28.48716
17996,77.20862,28.64127
17997,77.25279,28.56677
17998,77.24135,28.62656
17999,77.25673,28.59814
18000,77.24775,28.61215
18001,77.19956,28.56705
18002,77.28021,28.57163
18003,77.22939,28.63273
18004,77.23875,28.55851
18005,77.12487,28.54753
18006,77.25138,28.61298
18007,77.12468,28.55479
18008,77.12493,28.55474
18009,77.20927,28.62159
18010,77.18199,28.50223
18011,77.26703,28.58254
18012,77.20304,28.63772
18013,77.20255,28.63682
18014,77.19558,28.64497
18015,77.23859,28.58052
18016,77.24995,28.56548
18017,77.12185,28.57124
18018,77.23295,28.54146
18019,77.21883,28.60676
18020,77.12188,28.55531
18021,77.17022,28.60488
18022,77.17042,28.60523
18023,77.17955,28.54701
18024,77.16361,28.58127
18025,77.19394,28.62732
18026,77.22564,28.56783
18027,77.2567,28.57449
18028,77.19622,28.64605
18029,77.25223,28.6088
18030,77.22167,28.5783
18031,77.22152,28.57807
18032,77.30221,28.49791
18033,77.30113,28.62375
18034,77.10568,28.53223
18035,77.10477,28.53111
18036,77.28863,28.48858
18037,77.28949,28.4876
18038,77.15755,28.57589
18039,77.2288,28.55529
18040,77.21349,28.57607
18041,77.29167,28.64387
18042,77.17563,28.63044
18043,77.30739,28.60032
18044,77.27815,28.57753
18045,77.22615,28.62838
18046,77.2258,28.62799
18047,77.32113,28.6285
18048,77.31825,28.62756
18049,77.24039,28.59552
18050,77.25631,28.59627
18051,77.23237,28.56002
18052,77.23237,28.56006
18053,77.28798,28.60591
18054,77.28908,28.60375
18055,77.15129,28.5882
18056,77.15152,28.58829
18057,77.28763,28.61707
18058,77.20643,28.56943
18059,77.25013,28.52866
18060,77.23271,28.56302
18061,77.11894,28.55023
18062,77.22469,28.64386
18063,77.21395,28.57793
18064,77.21575,28.52608
18065,77.2418,28.61267
18066,77.15611,28.59014
18067,77.1766,28.61968
18068,77.09411,28.51592
18069,77.27388,28.62722
18070,77.11833,28.54958
18071,77.25759,28.59892
18072,77.25843,28.59938
18073,77.20894,28.5439
18074,77.16474,28.59353
18075,77.24772,28.61205
18076,77.12902,28.55399
18077,77.32495,28.62949
18078,77.19026,28.63194
18079,77.15123,28.58795
18080,77.19803,28.62537
18081,77.19817,28.62529
18082,77.2191,28.62414
18083,77.17676,28.61995
18084,77.20526,28.59655
18085,77.28752,28.61745
18086,77.29145,28.61899
18087,77.30013,28.6452
18088,77.30006,28.64514
18089,77.23345,28.59031
18090,77.27611,28.50581
18091,77.20999,28.55651
18092,77.21267,28.59157
18093,77.25023,28.54597
18094,77.2387,28.55852
18095,77.22381,28.58995
18096,77.21921,28.62411
18097,77.20525,28.59648
18098,77.23714,28.59247
18099,77.20984,28.57928
18100,77.19072,28.58144
18101,77.19083,28.58163
18102,77.31331,28.51159
18103,77.1057,28.53262
18104,77.29446,28.64405
18105,77.29362,28.58588
18106,77.26866,28.58719
18107,77.13098,28.55325
18108,77.20894,28.54334
18109,77.28554,28.62392
18110,77.28845,28.49704
18111,77.2319,28.62448
18112,77.30035,28.62169
18113,77.12298,28.56657
18114,77.27341,28.62695
18115,77.13312,28.53881
18116,77.14222,28.57452
18117,77.2931,28.59642
18118,77.12878,28.55954
18119,77.16214,28.57201
18120,77.18647,28.62858
18121,77.14814,28.53701
18122,77.29249,28.63621
18123,77.16848,28.57513
18124,77.25017,28.52909
18125,77.29884,28.5963
18126,77.28616,28.62956
18127,77.23333,28.55985
18128,77.27526,28.56097
18129,77.29412,28.6214
18130,77.13222,28.55538
18131,77.25889,28.52603
18132,77.23569,28.56547
18133,77.30427,28.48951
18134,77.10586,28.53258
18135,77.10615,28.53276
18136,77.29972,28.63343
18137,77.17749,28.50865
18138,77.28515,28.61065
18139,77.10475,28.5316
18140,77.19549,28.64505
18141,77.20538,28.63277
18142,77.20541,28.63313
18143,77.17404,28.6333
18144,77.17704,28.5082
18145,77.33473,28.60443
18146,77.26049,28.59969
18147,77.17594,28.62817
18148,77.21632,28.64434
18149,77.17367,28.58255
18150,77.19142,28.60992
18151,77.20886,28.61561
18152,77.28059,28.61721
18153,77.18061,28.62378
18154,77.27832,28.62048
18155,77.27837,28.6205
18156,77.20616,28.62442
18157,77.09838,28.52167
18158,77.25255,28.60818
18159,77.18111,28.64301
18160,77.17385,28.63344
18161,77.27452,28.60634
18162,77.27474,28.60644
18163,77.27927,28.56104
18164,77.27441,28.5954
18165,77.30905,28.62461
18166,77.21963,28.5427
18167,77.28739,28.60588
18168,77.29408,28.62147
18169,77.28188,28.53439
18170,77.28429,28.53552
18171,77.08056,28.51803
18172,77.17844,28.50934
18173,77.14648,28.58492
18174,77.29969,28.64497
18175,77.20443,28.63999
18176,77.3125,28.60192
18177,77.31303,28.60252
18178,77.20817,28.62759
18179,77.32076,28.60756
18180,77.26911,28.55679
18181,77.25916,28.62792
18182,77.25912,28.62792
18183,77.31666,28.62716
18184,77.30934,28.62651
18185,77.30897,28.62638
18186,77.18511,28.50673
18187,77.16188,28.57225
18188,77.16172,28.57247
18189,77.22855,28.55443
18190,77.22851,28.55434
18191,77.31122,28.60455
18192,77.19362,28.62751
18193,77.24996,28.52806
18194,77.28716,28.53647
18195,77.17167,28.559
18196,77.28958,28.61795
18197,77.25334,28.5848
18198,77.22837,28.63454
18199,77.09561,28.51814
18200,77.20168,28.62468
18201,77.23624,28.60991
18202,77.17462,28.50571
18203,77.29452,28.59288
18204,77.14796,28.49322
18205,77.24031,28.6159
18206,77.2476,28.63941
18207,77.28608,28.60884
18208,77.28543,28.60988
18209,77.13681,28.53791
18210,77.18938,28.56954
18211,77.21962,28.64451
18212,77.31617,28.6411
18213,77.24063,28.62354
18214,77.24704,28.61202
18215,77.12463,28.56889
18216,77.20036,28.53131
18217,77.19704,28.64384
18218,77.29716,28.5407
18219,77.29878,28.54137
18220,77.24247,28.61593
18221,77.24167,28.61638
18222,77.24068,28.62374
18223,77.26937,28.5804
18224,77.24019,28.6159
18225,77.20074,28.60359
18226,77.27538,28.54937
18227,77.27518,28.54961
18228,77.20712,28.63994
18229,77.2003,28.53137
18230,77.18101,28.50252
18231,77.24936,28.61704
18232,77.25101,28.51196
18233,77.10702,28.54632
18234,77.24881,28.61576
18235,77.24675,28.61188
18236,77.29688,28.54059
18237,77.29202,28.61865
18238,77.31322,28.62615
18239,77.25519,28.52145
18240,77.29324,28.63679
18241,77.18974,28.63413
18242,77.1995,28.56722
18243,77.32126,28.62854
18244,77.28289,28.61363
18245,77.32167,28.63685
18246,77.18934,28.56896
18247,77.24655,28.61229
18248,77.23545,28.61461
18249,77.28061,28.61697
18250,77.09351,28.51418
18251,77.27061,28.64358
18252,77.15949,28.59124
18253,77.15755,28.5905
18254,77.29153,28.61895
18255,77.23009,28.55316
18256,77.28862,28.57296
18257,77.28796,28.57323
18258,77.28536,28.53513
18259,77.2854,28.53517
18260,77.13082,28.5523
18261,77.23187,28.58491
18262,77.24716,28.61233
18263,77.28783,28.60615
18264,77.15729,28.52254
18265,77.13208,28.55301
18266,77.2638,28.58304
18267,77.26377,28.58306
18268,77.24018,28.6176
18269,77.30044,28.64545
18270,77.22615,28.56762
18271,77.17061,28.52967
18272,77.20027,28.59617
18273,77.11848,28.54333
18274,77.31771,28.62763
18275,77.31785,28.62768
18276,77.26576,28.57723
18277,77.31367,28.62636
18278,77.26606,28.58428
18279,77.26892,28.60369
18280,77.29972,28.6333
18281,77.19665,28.64307
18282,77.19668,28.64314
18283,77.1723,28.53434
18284,77.25703,28.59422
18285,77.2929,28.53891
18286,77.17587,28.50794
18287,77.29429,28.59687
18288,77.18995,28.63294
18289,77.21473,28.62229
18290,77.20327,28.64331
18291,77.22266,28.54247
18292,77.29983,28.64496
18293,77.32993,28.63146
18294,77.25184,28.52701
18295,77.20378,28.64249
18296,77.21367,28.56895
18297,77.2054,28.63344
18298,77.18234,28.54223
18299,77.18308,28.54177
18300,77.21681,28.62895
18301,77.19133,28.60997
18302,77.28717,28.60604
18303,77.22846,28.59846
18304,77.22844,28.59877
18305,77.17502,28.63171
18306,77.31682,28.64453
18307,77.094,28.51508
18308,77.22893,28.57451
18309,77.22477,28.62386
18310,77.23283,28.56297
18311,77.25234,28.60883
18312,77.20527,28.63083
18313,77.10374,28.53015
18314,77.22821,28.55325
18315,77.13386,28.53841
18316,77.24816,28.61517
18317,77.30291,28.54294
18318,77.20434,28.59663
18319,77.3096,28.62658
18320,77.17378,28.53751
18321,77.17863,28.55411
18322,77.28274,28.57218
18323,77.27976,28.57147
18324,77.25813,28.59867
18325,77.30969,28.54377
18326,77.31891,28.62534
18327,77.26659,28.57837
18328,77.27994,28.62673
18329,77.25885,28.58196
18330,77.16251,28.57924
18331,77.22201,28.57878
18332,77.22956,28.57971
18333,77.20876,28.56926
18334,77.25021,28.54601
18335,77.29726,28.58874
18336,77.23861,28.57805
18337,77.24521,28.61456
18338,77.2159,28.52604
18339,77.13322,28.5585
18340,77.13323,28.55853
18341,77.24114,28.62958
18342,77.28292,28.5348
18343,77.23525,28.57985
18344,77.2368,28.58124
18345,77.31438,28.62654
18346,77.33373,28.60561
18347,77.26562,28.5414
18348,77.30593,28.62014
18349,77.27191,28.56267
18350,77.31696,28.64434
18351,77.26228,28.60026
18352,77.09776,28.52106
18353,77.27213,28.52811
18354,77.26952,28.58043
18355,77.23395,28.61481
18356,77.26545,28.57314
18357,77.23272,28.56305
18358,77.19074,28.53881
18359,77.27797,28.62133
18360,77.278,28.62129
18361,77.0947,28.5159
18362,77.16645,28.59494
18363,77.21061,28.55007
18364,77.23466,28.63091
18365,77.26476,28.55331
18366,77.26479,28.55337
18367,77.10709,28.5464
18368,77.28968,28.61798
18369,77.20929,28.57319
18370,77.17683,28.54807
18371,77.22791,28.55405
18372,77.24547,28.628
18373,77.29776,28.60545
18374,77.28558,28.53522
18375,77.19674,28.64569
18376,77.19912,28.5394
18377,77.19012,28.63436
18378,77.19007,28.6343
18379,77.20594,28.62073
18380,77.32276,28.60507
18381,77.12127,28.54538
18382,77.17275,28.58413
18383,77.0945,28.51559
18384,77.24086,28.6237
18385,77.2408,28.62347
18386,77.19218,28.58395
18387,77.19839,28.56973
18388,77.28448,28.5373
18389,77.24546,28.61419
18390,77.28616,28.53725
18391,77.14441,28.58525
18392,77.14536,28.58569
18393,77.11653,28.53853
18394,77.16003,28.5746
18395,77.2473,28.6122
18396,77.298,28.59819
18397,77.25978,28.56123
18398,77.25959,28.56131
18399,77.23375,28.58711
18400,77.15239,28.57427
18401,77.27868,28.56095
18402,77.2472,28.54212
18403,77.14451,28.57555
18404,77.19927,28.56897
18405,77.25044,28.61322
18406,77.15347,28.53596
18407,77.16143,28.57632
18408,77.24846,28.61532
18409,77.2982,28.58936
18410,77.16249,28.57148
18411,77.13422,28.5383
18412,77.30897,28.62463
18413,77.15064,28.57446
18414,77.15076,28.57444
18415,77.20955,28.6282
18416,77.20907,28.62799
18417,77.22452,28.55476
18418,77.24262,28.61258
18419,77.24983,28.6167
18420,77.3138,28.62635
18421,77.3187,28.62784
18422,77.32104,28.62859
18423,77.19653,28.64289
18424,77.24192,28.64003
18425,77.24952,28.6177
18426,77.26296,28.60139
18427,77.26556,28.60255
18428,77.28756,28.61704
18429,77.24599,28.62818
18430,77.20151,28.52083
18431,77.17154,28.55057
18432,77.21442,28.62242
18433,77.12243,28.56656
18434,77.24688,28.61225
18435,77.17818,28.55427
18436,77.31299,28.60259
18437,77.31285,28.60269
18438,77.26907,28.55685
18439,77.26351,28.60081
18440,77.21785,28.64431
18441,77.29811,28.49915
18442,77.18799,28.63119
18443,77.18907,28.63332
18444,77.18562,28.50466
18445,77.30289,28.6228
18446,77.12627,28.55444
18447,77.21843,28.63297
18448,77.24001,28.59809
18449,77.23979,28.59842
18450,77.22936,28.52272
18451,77.21357,28.57604
18452,77.21619,28.52507
18453,77.16827,28.56243
18454,77.27917,28.60958
18455,77.18833,28.56248
18456,77.25179,28.62821
18457,77.2848,28.61536
18458,77.12759,28.56677
18459,77.24865,28.61562
18460,77.09435,28.53767
18461,77.19686,28.64367
18462,77.30896,28.62454
18463,77.21927,28.64445
18464,77.33026,28.60922
18465,77.25072,28.6135
18466,77.29492,28.6047
18467,77.24314,28.55437
18468,77.22193,28.63068
18469,77.18096,28.5499
18470,77.24054,28.61689
18471,77.26908,28.57858
18472,77.2542,28.63491
18473,77.14684,28.58603
18474,77.24026,28.61729
18475,77.20412,28.6017
18476,77.18227,28.55166
18477,77.27413,28.56096
18478,77.27813,28.54619
18479,77.21468,28.62225
18480,77.20942,28.57323
18481,77.29782,28.63181
18482,77.22592,28.60575
18483,77.21782,28.57533
18484,77.18808,28.56253
18485,77.11929,28.55138
18486,77.15681,28.5904
18487,77.25524,28.59955
18488,77.25537,28.59914
18489,77.18498,28.49216
18490,77.24969,28.61264
18491,77.2646,28.5437
18492,77.15092,28.57441
18493,77.23915,28.54192
18494,77.23918,28.54193
18495,77.26771,28.53601
18496,77.24321,28.55445
18497,77.2869,28.60741
18498,77.12236,28.56656
18499,77.23134,28.54181
18500,77.18486,28.5861
18501,77.24053,28.62017
18502,77.22492,28.62725
18503,77.21836,28.60768
18504,77.30052,28.62855
18505,77.23209,28.53305
18506,77.22184,28.63557
18507,77.20209,28.61752
18508,77.14585,28.5828
18509,77.2055,28.63276
18510,77.21851,28.63232
18511,77.30032,28.63388
18512,77.24981,28.61633
18513,77.2487,28.61546
18514,77.28777,28.60229
18515,77.28818,28.60258
18516,77.2218,28.5785
18517,77.1987,28.62499
18518,77.25365,28.5852
18519,77.27078,28.52873
18520,77.17664,28.54818
18521,77.27323,28.57478
18522,77.27006,28.60451
18523,77.26291,28.58271
18524,77.2293,28.63278
18525,77.20273,28.57984
18526,77.31694,28.62725
18527,77.22781,28.55414
18528,77.32317,28.60468
18529,77.25524,28.59913
18530,77.19396,28.63909
18531,77.20763,28.59575
18532,77.19292,28.63753
18533,77.23516,28.63074
18534,77.23706,28.62964
18535,77.16828,28.58844
18536,77.32283,28.60513
18537,77.23454,28.61077
18538,77.2872,28.57357
18539,77.20893,28.54326
18540,77.27005,28.64358
18541,77.32619,28.6016
18542,77.14638,28.58477
18543,77.2595,28.56135
18544,77.2026,28.6252
18545,77.28939,28.48764
18546,77.29931,28.62096
18547,77.27565,28.54928
18548,77.23273,28.59191
18549,77.26882,28.53329
18550,77.30462,28.60765
18551,77.22448,28.62436
18552,77.22428,28.62469
18553,77.13073,28.5522
18554,77.27549,28.53356
18555,77.1938,28.62755
18556,77.21129,28.51868
18557,77.1615,28.5765
18558,77.2557,28.5977
18559,77.09308,28.51425
18560,77.27891,28.61937
18561,77.27873,28.61963
18562,77.24054,28.62217
18563,77.28955,28.60246
18564,77.27208,28.57607
18565,77.27109,28.57763
18566,77.29971,28.62099
18567,77.23277,28.52314
18568,77.18849,28.56223
18569,77.17236,28.5349
18570,77.1731,28.53669
18571,77.28688,28.60431
18572,77.2188,28.61664
18573,77.22688,28.5848
18574,77.24234,28.54295
18575,77.24057,28.61653
18576,77.23839,28.60068
18577,77.18483,28.49951
18578,77.30862,28.62412
18579,77.17103,28.60653
18580,77.25313,28.61256
18581,77.19633,28.60362
18582,77.28844,28.60274
18583,77.19928,28.56823
18584,77.24734,28.55188
18585,77.1881,28.56261
18586,77.09247,28.51162
18587,77.25089,28.61296
18588,77.29931,28.59882
18589,77.26713,28.58092
18590,77.28297,28.57228
18591,77.27147,28.59133
18592,77.15958,28.5752
18593,77.22391,28.62535
18594,77.29109,28.59911
18595,77.29975,28.62098
18596,77.21594,28.56884
18597,77.26935,28.56084
18598,77.21461,28.51792
18599,77.23932,28.55817
18600,77.17692,28.5481
18601,77.13376,28.551
18602,77.2198,28.54168
18603,77.21929,28.5411
18604,77.23787,28.61582
18605,77.29848,28.59701
18606,77.10069,28.52571
18607,77.25807,28.57219
18608,77.29658,28.62074
18609,77.22221,28.56119
18610,77.25099,28.62799
18611,77.24879,28.56559
18612,77.20471,28.59654
18613,77.2821,28.62453
18614,77.27919,28.61895
18615,77.25692,28.57156
18616,77.10563,28.53241
18617,77.22877,28.63431
18618,77.25456,28.58445
18619,77.32292,28.63516
18620,77.12219,28.56654
18621,77.12227,28.56655
18622,77.28673,28.49346
18623,77.3132,28.51178
18624,77.199,28.60774
18625,77.1751,28.63165
18626,77.20561,28.52792
18627,77.2082,28.64005
18628,77.29934,28.49943
18629,77.28653,28.53608
18630,77.17686,28.60534
18631,77.23823,28.58321
18632,77.29396,28.59684
18633,77.12765,28.5652
18634,77.22698,28.61998
18635,77.09883,28.52208
18636,77.2687,28.58741
18637,77.17666,28.54824
18638,77.22905,28.63427
18639,77.24123,28.59664
18640,77.16026,28.59198
18641,77.11827,28.54278
18642,77.28881,28.63333
18643,77.28744,28.61737
18644,77.26268,28.58261
18645,77.20066,28.56341
18646,77.21185,28.60841
18647,77.21182,28.60915
18648,77.2424,28.51226
18649,77.26656,28.58136
18650,77.18511,28.49951
18651,77.27979,28.60998
18652,77.28099,28.61128
18653,77.24746,28.58727
18654,77.16049,28.54541
18655,77.27576,28.62455
18656,77.2143,28.57893
18657,77.28322,28.61475
18658,77.29751,28.58884
18659,77.22951,28.58625
18660,77.28677,28.60154
18661,77.28702,28.6017
18662,77.31264,28.54631
18663,77.31567,28.54887
18664,77.28273,28.62401
18665,77.23939,28.55812
18666,77.28649,28.48953
18667,77.25243,28.60815
18668,77.25547,28.59881
18669,77.25553,28.59862
18670,77.22033,28.63179
18671,77.19146,28.60986
18672,77.22975,28.54625
18673,77.30018,28.6291
18674,77.26784,28.58587
18675,77.26806,28.58612
18676,77.245,28.61442
18677,77.1624,28.57246
18678,77.30625,28.62344
18679,77.21496,28.52908
18680,77.13733,28.57211
18681,77.224,28.55495
18682,77.31368,28.62631
18683,77.1972,28.64455
18684,77.19922,28.61091
18685,77.22837,28.5543
18686,77.29712,28.58875
18687,77.2502,28.54616
18688,77.21842,28.63264
18689,77.26975,28.57833
18690,77.28532,28.53743
18691,77.30006,28.64526
18692,77.30038,28.64551
18693,77.17523,28.63149
18694,77.18838,28.56187
18695,77.28216,28.62459
18696,77.28221,28.62453
18697,77.25195,28.51211
18698,77.14551,28.58576
18699,77.14496,28.58049
18700,77.21568,28.52676
18701,77.25592,28.59894
18702,77.31567,28.64132
18703,77.1742,28.63439
18704,77.22174,28.6356
18705,77.15408,28.53067
18706,77.24887,28.61237
18707,77.2404,28.62217
18708,77.11997,28.54864
18709,77.17536,28.57201
18710,77.22692,28.51644
18711,77.25013,28.61532
18712,77.23822,28.6158
18713,77.3211,28.63732
18714,77.19706,28.64569
18715,77.21997,28.64466
18716,77.14796,28.49334
18717,77.19399,28.6075
18718,77.3126,28.60286
18719,77.31162,28.60354
18720,77.26559,28.57292
18721,77.17243,28.59009
18722,77.33049,28.60907
18723,77.17826,28.54454
18724,77.2291,28.6009
18725,77.23194,28.63248
18726,77.33362,28.60558
18727,77.23816,28.61594
18728,77.29238,28.56886
18729,77.15574,28.52426
18730,77.27175,28.56294
18731,77.24829,28.62097
18732,77.12672,28.56277
18733,77.21249,28.6296
18734,77.28294,28.61372
18735,77.20539,28.63076
18736,77.26923,28.55661
18737,77.28916,28.60298
18738,77.2173,28.56878
18739,77.27874,28.56104
18740,77.27058,28.56501
18741,77.28813,28.61906
18742,77.1984,28.54562
18743,77.14399,28.5755
18744,77.21927,28.54117
18745,77.26059,28.58523
18746,77.22935,28.63409
18747,77.12881,28.55943
18748,77.12819,28.55654
18749,77.32042,28.60817
18750,77.2705,28.53801
18751,77.2403,28.64639
18752,77.23621,28.52583
18753,77.18397,28.55072
18754,77.17102,28.55931
18755,77.16334,28.58098
18756,77.14493,28.57554
18757,77.23162,28.62126
18758,77.20526,28.63378
18759,77.23799,28.60948
18760,77.17736,28.57081
18761,77.23153,28.56574
18762,77.22759,28.63511
18763,77.30135,28.63436
18764,77.31148,28.60373
18765,77.31731,28.62738
18766,77.25631,28.59893
18767,77.25682,28.59901
18768,77.12551,28.54801
18769,77.28889,28.60289
18770,77.2872,28.60183
18771,77.16323,28.5808
18772,77.19166,28.54748
18773,77.12483,28.56874
18774,77.26919,28.55668
18775,77.22687,28.51607
18776,77.22685,28.51599
18777,77.10159,28.527
18778,77.23167,28.55085
18779,77.23151,28.55316
18780,77.2275,28.61929
18781,77.13641,28.58401
18782,77.21972,28.54169
18783,77.26305,28.6013
18784,77.25964,28.59912
18785,77.24977,28.5407
18786,77.18117,28.62408
18787,77.23914,28.59939
18788,77.31724,28.62736
18789,77.20964,28.63869
18790,77.16289,28.58025
18791,77.1667,28.59335
18792,77.18391,28.55066
18793,77.19952,28.54092
18794,77.2001,28.54212
18795,77.21365,28.57723
18796,77.27162,28.52864
18797,77.33089,28.6089
18798,77.30663,28.62406
18799,77.33,28.63136
18800,77.32242,28.62892
18801,77.23112,28.63817
18802,77.23113,28.63831
18803,77.18933,28.6338
18804,77.29643,28.62136
18805,77.32927,28.63139
18806,77.22236,28.63633
18807,77.24882,28.61249
18808,77.24982,28.61287
18809,77.10388,28.5298
18810,77.23879,28.58721
18811,77.24162,28.61631
18812,77.20524,28.64109
18813,77.29,28.57782
18814,77.22897,28.6342
18815,77.22422,28.5549
18816,77.24062,28.55684
18817,77.24095,28.62422
18818,77.27051,28.56497
18819,77.32161,28.63691
18820,77.31316,28.51142
18821,77.31312,28.51154
18822,77.17799,28.5544
18823,77.22739,28.61927
18824,77.283,28.61365
18825,77.24078,28.61623
18826,77.19931,28.56771
18827,77.20209,28.63634
18828,77.21053,28.54986
18829,77.18885,28.63257
18830,77.27806,28.62119
18831,77.27822,28.62096
18832,77.15617,28.59001
18833,77.19291,28.63775
18834,77.28973,28.60239
18835,77.23698,28.5816
18836,77.16196,28.57214
18837,77.17574,28.556
18838,77.30954,28.54386
18839,77.16646,28.59483
18840,77.31729,28.62724
18841,77.19478,28.64484
18842,77.11818,28.54247
18843,77.2206,28.59714
18844,77.17043,28.58807
18845,77.1575,28.57576
18846,77.15017,28.5875
18847,77.19914,28.60976
18848,77.10661,28.53317
18849,77.23591,28.58712
18850,77.22915,28.63409
18851,77.13688,28.53797
18852,77.23112,28.63812
18853,77.29208,28.61921
18854,77.2318,28.55337
18855,77.18704,28.55782
18856,77.15885,28.57552
18857,77.26353,28.54614
18858,77.18499,28.49951
18859,77.28891,28.61796
18860,77.19704,28.59558
18861,77.21326,28.57631
18862,77.30453,28.60762
18863,77.22234,28.56134
18864,77.22225,28.56122
18865,77.26701,28.57039
18866,77.21198,28.53915
18867,77.16584,28.58448
18868,77.30625,28.60816
18869,77.30721,28.60845
18870,77.19385,28.64471
18871,77.14923,28.57473
18872,77.31154,28.60359
18873,77.19458,28.62713
18874,77.22929,28.63401
18875,77.30133,28.58189
18876,77.30107,28.58254
18877,77.28897,28.61758
18878,77.19921,28.61083
18879,77.22843,28.55417
18880,77.23606,28.59243
18881,77.23714,28.59256
18882,77.30614,28.60813
18883,77.28633,28.48947
18884,77.16281,28.57102
18885,77.21919,28.62575
18886,77.27879,28.63129
18887,77.25773,28.5925
18888,77.23005,28.52447
18889,77.22694,28.60711
18890,77.22868,28.55475
18891,77.26687,28.581
18892,77.31143,28.60367
18893,77.24082,28.61671
18894,77.2285,28.55391
18895,77.25638,28.59569
18896,77.29175,28.61882
18897,77.22594,28.60578
18898,77.23785,28.51311
18899,77.27311,28.62667
18900,77.31255,28.60183
18901,77.27087,28.60485
18902,77.18094,28.55005
18903,77.15686,28.59026
18904,77.30039,28.63381
18905,77.25102,28.62813
18906,77.29823,28.59752
18907,77.1004,28.52498
18908,77.31304,28.60255
18909,77.13247,28.55525
18910,77.25214,28.61291
18911,77.17841,28.50923
18912,77.31737,28.62727
18913,77.31612,28.54762
18914,77.2302,28.52452
18915,77.17907,28.62245
18916,77.23348,28.58909
